SEASON,LOGISTICAL_AREA,YEAR,MONTH,AREA,METHOD,ITEM_GROUP,ITEM,ADIPOSE_MODIFIER,DISPOSITION,RETAINABLE,ESTIMATE,VARIANCE,UNITS,BCF,BCF_SD,ESTIMATE_CAL,VARIANCE_CAL,UNITS_CAL,SE_CAL,CALIBRATED,PROP_RESIDENT,p_G_L,p_G_nL,p_nG_L,p_nG_nL,PROP_GUIDED,PROP_LODGE,ESTIMATE_CAL_G_L,ESTIMATE_CAL_G_nL,ESTIMATE_CAL_nG_L,ESTIMATE_CAL_nG_nL
2012-2013,Central Coast,2012,7,Area 5,Angling from boat,SALMON,Coho,Not Adipose Marked,Released,Unspecified,435.33,188644.44,Pieces,1.28,0.23,340.49,119083.28,Pieces,345.08,Yes,0,NA,NA,NA,NA,NA,NA,NA,NA,NA,NA
2012-2013,Central Coast,2012,7,Area 6,Angling from boat,SALMON,Coho,Not Adipose Marked,Kept,Legal Size,1439.76,1582454.86,Pieces,1.57,0.23,915.73,657839.8,Pieces,811.07,Yes,0.14,NA,NA,NA,NA,NA,NA,NA,NA,NA,NA
2012-2013,Central Coast,2012,7,Area 7,Angling from boat,SALMON,Coho,Adipose Marked,Kept,Legal Size,1502.86,2243551.02,Pieces,1.57,0.23,955.86,926857.66,Pieces,962.73,Yes,0,NA,NA,NA,NA,NA,NA,NA,NA,NA,NA
2012-2013,Central Coast,2012,7,Area 7,Angling from boat,SALMON,Coho,Not Adipose Marked,Kept,Legal Size,2657.7,3562377.56,Pieces,1.57,0.23,1690.37,1501363.16,Pieces,1225.3,Yes,0.67,NA,NA,NA,NA,NA,NA,NA,NA,NA,NA
2012-2013,Central Coast,2012,7,Area 7,Angling from boat,SALMON,Coho,Adipose Marked,Released,Unspecified,4358.29,18868264.08,Pieces,1.28,0.23,3408.77,11911503.26,Pieces,3451.3,Yes,0,NA,NA,NA,NA,NA,NA,NA,NA,NA,NA
2012-2013,Central Coast,2012,7,Area 7,Angling from boat,SALMON,Coho,Not Adipose Marked,Released,Unspecified,300.57,89742.04,Pieces,1.28,0.23,235.09,56654,Pieces,238.02,Yes,0,NA,NA,NA,NA,NA,NA,NA,NA,NA,NA
2012-2013,Central Coast,2012,7,Area 8,Angling from boat,SALMON,Coho,Not Adipose Marked,Kept,Legal Size,782.05,608472.72,Pieces,1.57,0.23,497.4,251364.67,Pieces,501.36,Yes,1,NA,NA,NA,NA,NA,NA,NA,NA,NA,NA
2012-2013,Central Coast,2012,7,Area 8,Angling from boat,SALMON,Coho,Not Checked,Kept,Legal Size,961.42,921450.06,Pieces,1.57,0.23,611.49,380642.16,Pieces,616.96,Yes,1,NA,NA,NA,NA,NA,NA,NA,NA,NA,NA
2012-2013,Central Coast,2012,8,Area 5,Angling from boat,SALMON,Coho,Not Adipose Marked,Kept,Legal Size,1362.13,935031.71,Pieces,1.57,0.23,866.35,394081.22,Pieces,627.76,Yes,1,NA,NA,NA,NA,NA,NA,NA,NA,NA,NA
2012-2013,Central Coast,2012,8,Area 5,Angling from boat,SALMON,Coho,Not Checked,Kept,Legal Size,767.52,202203.25,Pieces,1.57,0.23,488.16,86824.14,Pieces,294.66,Yes,0.6,NA,NA,NA,NA,NA,NA,NA,NA,NA,NA
2012-2013,Central Coast,2012,8,Area 5,Angling from boat,SALMON,Coho,Not Checked,Released,Unspecified,140.51,19461.02,Pieces,1.28,0.23,109.9,12288.63,Pieces,110.85,Yes,1,NA,NA,NA,NA,NA,NA,NA,NA,NA,NA
2012-2013,Central Coast,2012,8,Area 6,Angling from boat,SALMON,Coho,Not Adipose Marked,Kept,Legal Size,1158.95,759668.69,Pieces,1.57,0.23,737.12,318770.58,Pieces,564.6,Yes,0.31,NA,NA,NA,NA,NA,NA,NA,NA,NA,NA
2012-2013,Central Coast,2012,8,Area 6,Angling from boat,SALMON,Coho,Not Adipose Marked,Released,Unspecified,908.09,815537.71,Pieces,1.28,0.23,710.25,514917.88,Pieces,717.58,Yes,1,NA,NA,NA,NA,NA,NA,NA,NA,NA,NA
2012-2013,Central Coast,2012,8,Area 6,Angling from boat,SALMON,Coho,Not Checked,Released,Unspecified,159.14,25167.31,Pieces,1.28,0.23,124.47,15887.89,Pieces,126.05,Yes,0,NA,NA,NA,NA,NA,NA,NA,NA,NA,NA
2012-2013,Central Coast,2012,8,Area 7,Angling from boat,SALMON,Coho,Not Adipose Marked,Kept,Legal Size,1135.46,542854.22,Pieces,1.57,0.23,722.18,230602.58,Pieces,480.21,Yes,0.87,NA,NA,NA,NA,NA,NA,NA,NA,NA,NA
2012-2013,Central Coast,2012,8,Area 7,Angling from boat,SALMON,Coho,Not Checked,Kept,Legal Size,694.7,481225.3,Pieces,1.57,0.23,441.85,198788.54,Pieces,445.86,Yes,1,NA,NA,NA,NA,NA,NA,NA,NA,NA,NA
2012-2013,Central Coast,2012,8,Area 7,Angling from boat,SALMON,Coho,Not Adipose Marked,Released,Unspecified,2873.51,5101666.34,Pieces,1.28,0.23,2247.47,3281322.81,Pieces,1811.44,Yes,0.25,NA,NA,NA,NA,NA,NA,NA,NA,NA,NA
2012-2013,Central Coast,2012,8,Area 8,Angling from boat,SALMON,Coho,Not Adipose Marked,Kept,Legal Size,1072.6,852479.17,Pieces,1.57,0.23,682.21,354671.07,Pieces,595.54,Yes,0,NA,NA,NA,NA,NA,NA,NA,NA,NA,NA
2012-2013,Central Coast,2012,8,Area 8,Angling from boat,SALMON,Coho,Not Adipose Marked,Released,Unspecified,613.44,373854.87,Pieces,1.28,0.23,479.79,236012.97,Pieces,485.81,Yes,0,NA,NA,NA,NA,NA,NA,NA,NA,NA,NA
2012-2013,Central Coast,2012,8,Area 9,Angling from boat,SALMON,Coho,Not Adipose Marked,Kept,Legal Size,3301.2,7855258.09,Pieces,1.57,0.23,2099.65,3270685.09,Pieces,1808.5,Yes,0.95,NA,NA,NA,NA,NA,NA,NA,NA,NA,NA
2012-2013,Central Coast,2012,8,Area 9,Angling from boat,SALMON,Coho,Not Adipose Marked,Released,Unspecified,10345.64,101251017,Pieces,1.28,0.23,8091.7,64018756.65,Pieces,8001.17,Yes,1,NA,NA,NA,NA,NA,NA,NA,NA,NA,NA
2012-2013,Central Coast,2012,9,Area 7,Angling from boat,SALMON,Coho,Not Adipose Marked,Kept,Legal Size,1089.96,1183657.44,Pieces,1.57,0.23,693.25,488963.09,Pieces,699.26,Yes,1,NA,NA,NA,NA,NA,NA,NA,NA,NA,NA
2012-2013,Central Coast,2012,9,Area 7,Angling from boat,SALMON,Coho,Not Adipose Marked,Released,Unspecified,272.49,73978.59,Pieces,1.28,0.23,213.12,46698.22,Pieces,216.1,Yes,1,NA,NA,NA,NA,NA,NA,NA,NA,NA,NA
2013-2014,Central Coast,2013,6,Area 5,Angling from boat,SALMON,Coho,Not Adipose Marked,Kept,Legal Size,70.67,4923.84,Pieces,1.58,0.16,44.59,1981.67,Pieces,44.52,Yes,1,NA,NA,NA,NA,NA,NA,NA,NA,NA,NA
2013-2014,Central Coast,2013,6,Area 6,Angling from boat,SALMON,Coho,Adipose Marked,Kept,Legal Size,183.14,16382.11,Pieces,1.58,0.16,115.56,6664.78,Pieces,81.64,Yes,1,NA,NA,NA,NA,NA,NA,NA,NA,NA,NA
2013-2014,Central Coast,2013,6,Area 6,Angling from boat,SALMON,Coho,Not Adipose Marked,Kept,Legal Size,1101.56,347973.66,Pieces,1.58,0.16,695.1,143685.9,Pieces,379.06,Yes,1,NA,NA,NA,NA,NA,NA,NA,NA,NA,NA
2013-2014,Central Coast,2013,6,Area 6,Angling from boat,SALMON,Coho,Not Adipose Marked,Released,Unspecified,675.51,214737.28,Pieces,1.24,0.13,545.99,143685.11,Pieces,379.06,Yes,1,NA,NA,NA,NA,NA,NA,NA,NA,NA,NA
2013-2014,Central Coast,2013,6,Area 7,Angling from boat,SALMON,Coho,Not Adipose Marked,Kept,Legal Size,1125.36,537854.81,Pieces,1.58,0.16,710.11,219515.82,Pieces,468.53,Yes,1,NA,NA,NA,NA,NA,NA,NA,NA,NA,NA
2013-2014,Central Coast,2013,6,Area 7,Angling from boat,SALMON,Coho,Not Adipose Marked,Released,Unspecified,1211.93,737847.91,Pieces,1.24,0.13,979.57,492971.06,Pieces,702.12,Yes,1,NA,NA,NA,NA,NA,NA,NA,NA,NA,NA
2013-2014,Central Coast,2013,6,Area 9,Angling from boat,SALMON,Coho,Adipose Marked,Kept,Legal Size,50.67,2465.78,Pieces,1.58,0.16,31.97,992.67,Pieces,31.51,Yes,1,NA,NA,NA,NA,NA,NA,NA,NA,NA,NA
2013-2014,Central Coast,2013,6,Area 9,Angling from boat,SALMON,Coho,Not Adipose Marked,Kept,Legal Size,50.67,2465.78,Pieces,1.58,0.16,31.97,992.67,Pieces,31.51,Yes,1,NA,NA,NA,NA,NA,NA,NA,NA,NA,NA
2013-2014,Central Coast,2013,6,Area 9,Angling from boat,SALMON,Coho,Adipose Marked,Released,Unspecified,25.33,616.44,Pieces,1.24,0.13,20.48,407.5,Pieces,20.19,Yes,1,NA,NA,NA,NA,NA,NA,NA,NA,NA,NA
2013-2014,Central Coast,2013,6,Area 9,Angling from boat,SALMON,Coho,Not Adipose Marked,Released,Unspecified,25.33,616.44,Pieces,1.24,0.13,20.48,407.5,Pieces,20.19,Yes,1,NA,NA,NA,NA,NA,NA,NA,NA,NA,NA
2013-2014,Central Coast,2013,7,Area 5,Angling from boat,SALMON,Coho,Not Adipose Marked,Kept,Legal Size,486.22,75853.69,Pieces,1.58,0.16,306.81,31202.79,Pieces,176.64,Yes,1,NA,NA,NA,NA,NA,NA,NA,NA,NA,NA
2013-2014,Central Coast,2013,7,Area 6,Angling from boat,SALMON,Coho,Adipose Marked,Kept,Legal Size,313.03,96733.37,Pieces,1.58,0.16,197.52,38931.12,Pieces,197.31,Yes,1,NA,NA,NA,NA,NA,NA,NA,NA,NA,NA
2013-2014,Central Coast,2013,7,Area 6,Angling from boat,SALMON,Coho,Not Adipose Marked,Kept,Legal Size,2663.82,849896.96,Pieces,1.58,0.16,1680.9,368416.77,Pieces,606.97,Yes,1,NA,NA,NA,NA,NA,NA,NA,NA,NA,NA
2013-2014,Central Coast,2013,7,Area 6,Angling from boat,SALMON,Coho,Not Checked,Kept,Legal Size,145.07,20465.15,Pieces,1.58,0.16,91.54,8237.7,Pieces,90.76,Yes,1,NA,NA,NA,NA,NA,NA,NA,NA,NA,NA
2013-2014,Central Coast,2013,7,Area 6,Angling from boat,SALMON,Coho,Adipose Marked,Released,Unspecified,563.39,156910.61,Pieces,1.24,0.13,455.37,104872.79,Pieces,323.84,Yes,1,NA,NA,NA,NA,NA,NA,NA,NA,NA,NA
2013-2014,Central Coast,2013,7,Area 6,Angling from boat,SALMON,Coho,Not Adipose Marked,Released,Unspecified,4550.93,13038863.05,Pieces,1.24,0.13,3678.38,8672484.88,Pieces,2944.91,Yes,1,NA,NA,NA,NA,NA,NA,NA,NA,NA,NA
2013-2014,Central Coast,2013,7,Area 6,Angling from boat,SALMON,Coho,Not Checked,Released,Unspecified,300.43,86655.22,Pieces,1.24,0.13,242.83,57283.88,Pieces,239.34,Yes,1,NA,NA,NA,NA,NA,NA,NA,NA,NA,NA
2013-2014,Central Coast,2013,7,Area 7,Angling from boat,SALMON,Coho,Adipose Marked,Kept,Legal Size,422.72,111236.13,Pieces,1.58,0.16,266.74,45047.08,Pieces,212.24,Yes,1,NA,NA,NA,NA,NA,NA,NA,NA,NA,NA
2013-2014,Central Coast,2013,7,Area 7,Angling from boat,SALMON,Coho,Not Adipose Marked,Kept,Legal Size,3018,1063908.87,Pieces,1.58,0.16,1904.39,462141.38,Pieces,679.81,Yes,0.95,NA,NA,NA,NA,NA,NA,NA,NA,NA,NA
2013-2014,Central Coast,2013,7,Area 7,Angling from boat,SALMON,Coho,Not Checked,Kept,Legal Size,867.06,153204.5,Pieces,1.58,0.16,547.12,64181.5,Pieces,253.34,Yes,0.85,NA,NA,NA,NA,NA,NA,NA,NA,NA,NA
2013-2014,Central Coast,2013,7,Area 7,Angling from boat,SALMON,Coho,Not Adipose Marked,Released,Unspecified,1841.53,638476.69,Pieces,1.24,0.13,1488.45,442363.83,Pieces,665.1,Yes,0.85,NA,NA,NA,NA,NA,NA,NA,NA,NA,NA
2013-2014,Central Coast,2013,7,Area 7,Angling from boat,SALMON,Coho,Not Checked,Released,Unspecified,6010.61,16335929.23,Pieces,1.24,0.13,4858.2,10941231.23,Pieces,3307.75,Yes,1,NA,NA,NA,NA,NA,NA,NA,NA,NA,NA
2013-2014,Central Coast,2013,7,Area 8,Angling from boat,SALMON,Coho,Adipose Marked,Kept,Legal Size,40.03,1562.08,Pieces,1.58,0.16,25.26,628.76,Pieces,25.07,Yes,0,NA,NA,NA,NA,NA,NA,NA,NA,NA,NA
2013-2014,Central Coast,2013,7,Area 8,Angling from boat,SALMON,Coho,Not Adipose Marked,Kept,Legal Size,940.09,157605.87,Pieces,1.58,0.16,593.21,66492.21,Pieces,257.86,Yes,0.64,NA,NA,NA,NA,NA,NA,NA,NA,NA,NA
2013-2014,Central Coast,2013,7,Area 8,Angling from boat,SALMON,Coho,Not Checked,Kept,Legal Size,156.51,24183.34,Pieces,1.58,0.16,98.76,9732.78,Pieces,98.65,Yes,1,NA,NA,NA,NA,NA,NA,NA,NA,NA,NA
2013-2014,Central Coast,2013,7,Area 8,Angling from boat,SALMON,Coho,Not Adipose Marked,Released,Unspecified,327.4,64213.93,Pieces,1.24,0.13,264.63,42749.01,Pieces,206.76,Yes,0,NA,NA,NA,NA,NA,NA,NA,NA,NA,NA
2013-2014,Central Coast,2013,7,Area 8,Angling from boat,SALMON,Coho,Not Checked,Released,Unspecified,234.77,54412.52,Pieces,1.24,0.13,189.76,35958.07,Pieces,189.63,Yes,1,NA,NA,NA,NA,NA,NA,NA,NA,NA,NA
2013-2014,Central Coast,2013,7,Area 9,Angling from boat,SALMON,Coho,Adipose Marked,Kept,Legal Size,133.19,16806.6,Pieces,1.58,0.16,84.04,6766.97,Pieces,82.26,Yes,0,NA,NA,NA,NA,NA,NA,NA,NA,NA,NA
2013-2014,Central Coast,2013,7,Area 9,Angling from boat,SALMON,Coho,Not Adipose Marked,Kept,Legal Size,1127.88,273570.56,Pieces,1.58,0.16,711.7,114308.65,Pieces,338.1,Yes,0.69,NA,NA,NA,NA,NA,NA,NA,NA,NA,NA
2013-2014,Central Coast,2013,7,Area 9,Angling from boat,SALMON,Coho,Adipose Marked,Released,Unspecified,38.05,1371.97,Pieces,1.24,0.13,30.76,907.09,Pieces,30.12,Yes,0,NA,NA,NA,NA,NA,NA,NA,NA,NA,NA
2013-2014,Central Coast,2013,7,Area 9,Angling from boat,SALMON,Coho,Not Adipose Marked,Released,Unspecified,228.51,24792.63,Pieces,1.24,0.13,184.7,16585.77,Pieces,128.79,Yes,0.16,NA,NA,NA,NA,NA,NA,NA,NA,NA,NA
2013-2014,Central Coast,2013,7,Area 9,Angling from boat,SALMON,Coho,Not Checked,Released,Unspecified,128.08,16149.01,Pieces,1.24,0.13,103.53,10672.29,Pieces,103.31,Yes,1,NA,NA,NA,NA,NA,NA,NA,NA,NA,NA
2013-2014,Central Coast,2013,8,Area 5,Angling from boat,SALMON,Coho,Adipose Marked,Kept,Legal Size,169.05,28240.43,Pieces,1.58,0.16,106.67,11365.47,Pieces,106.61,Yes,1,NA,NA,NA,NA,NA,NA,NA,NA,NA,NA
2013-2014,Central Coast,2013,8,Area 5,Angling from boat,SALMON,Coho,Not Adipose Marked,Kept,Legal Size,601.7,192238.75,Pieces,1.58,0.16,379.68,78075.62,Pieces,279.42,Yes,0.84,NA,NA,NA,NA,NA,NA,NA,NA,NA,NA
2013-2014,Central Coast,2013,8,Area 5,Angling from boat,SALMON,Coho,Not Adipose Marked,Released,Unspecified,310.87,47926.28,Pieces,1.24,0.13,251.26,32029.71,Pieces,178.97,Yes,0.54,NA,NA,NA,NA,NA,NA,NA,NA,NA,NA
2013-2014,Central Coast,2013,8,Area 6,Angling from boat,SALMON,Coho,Not Adipose Marked,Kept,Legal Size,4696.36,3530982.33,Pieces,1.58,0.16,2963.45,1499223.17,Pieces,1224.43,Yes,1,NA,NA,NA,NA,NA,NA,NA,NA,NA,NA
2013-2014,Central Coast,2013,8,Area 6,Angling from boat,SALMON,Coho,Not Checked,Kept,Legal Size,163.86,26196.27,Pieces,1.58,0.16,103.4,10544.24,Pieces,102.69,Yes,1,NA,NA,NA,NA,NA,NA,NA,NA,NA,NA
2013-2014,Central Coast,2013,8,Area 6,Angling from boat,SALMON,Coho,Not Adipose Marked,Released,Unspecified,1910.71,2490549.6,Pieces,1.24,0.13,1544.37,1654256.83,Pieces,1286.18,Yes,1,NA,NA,NA,NA,NA,NA,NA,NA,NA,NA
2013-2014,Central Coast,2013,8,Area 7,Angling from boat,SALMON,Coho,Not Adipose Marked,Kept,Legal Size,4905.03,3733263.15,Pieces,1.58,0.16,3095.12,1588239.3,Pieces,1260.25,Yes,0.95,NA,NA,NA,NA,NA,NA,NA,NA,NA,NA
2013-2014,Central Coast,2013,8,Area 7,Angling from boat,SALMON,Coho,Not Checked,Kept,Legal Size,846.72,206479.41,Pieces,1.58,0.16,534.29,85246.78,Pieces,291.97,Yes,0.83,NA,NA,NA,NA,NA,NA,NA,NA,NA,NA
2013-2014,Central Coast,2013,8,Area 7,Angling from boat,SALMON,Coho,Adipose Marked,Released,Unspecified,2620.3,3562011.19,Pieces,1.24,0.13,2117.91,2378179.49,Pieces,1542.13,Yes,1,NA,NA,NA,NA,NA,NA,NA,NA,NA,NA
2013-2014,Central Coast,2013,8,Area 7,Angling from boat,SALMON,Coho,Not Adipose Marked,Released,Unspecified,13158.38,47659173.67,Pieces,1.24,0.13,10635.53,32424762.72,Pieces,5694.27,Yes,0.99,NA,NA,NA,NA,NA,NA,NA,NA,NA,NA
2013-2014,Central Coast,2013,8,Area 7,Angling from boat,SALMON,Coho,Not Checked,Released,Unspecified,631.61,226897.77,Pieces,1.24,0.13,510.51,151202.42,Pieces,388.85,Yes,0.85,NA,NA,NA,NA,NA,NA,NA,NA,NA,NA
2013-2014,Central Coast,2013,8,Area 8,Angling from boat,SALMON,Coho,Adipose Marked,Kept,Legal Size,67.13,4372.69,Pieces,1.58,0.16,42.36,1760.15,Pieces,41.95,Yes,1,NA,NA,NA,NA,NA,NA,NA,NA,NA,NA
2013-2014,Central Coast,2013,8,Area 8,Angling from boat,SALMON,Coho,Not Adipose Marked,Kept,Legal Size,7792.24,5401845.17,Pieces,1.58,0.16,4916.99,2407665.22,Pieces,1551.67,Yes,0.91,NA,NA,NA,NA,NA,NA,NA,NA,NA,NA
2013-2014,Central Coast,2013,8,Area 8,Angling from boat,SALMON,Coho,Not Checked,Kept,Legal Size,1791.79,3076617.19,Pieces,1.58,0.16,1130.64,1238607.01,Pieces,1112.93,Yes,1,NA,NA,NA,NA,NA,NA,NA,NA,NA,NA
2013-2014,Central Coast,2013,8,Area 8,Angling from boat,SALMON,Coho,Adipose Marked,Released,Unspecified,169.05,28240.43,Pieces,1.24,0.13,136.64,18662.25,Pieces,136.61,Yes,1,NA,NA,NA,NA,NA,NA,NA,NA,NA,NA
2013-2014,Central Coast,2013,8,Area 8,Angling from boat,SALMON,Coho,Not Adipose Marked,Released,Unspecified,7814.63,16410061.08,Pieces,1.24,0.13,6316.33,11175338.47,Pieces,3342.95,Yes,0.86,NA,NA,NA,NA,NA,NA,NA,NA,NA,NA
2013-2014,Central Coast,2013,8,Area 8,Angling from boat,SALMON,Coho,Not Checked,Released,Unspecified,3321.09,10973165.93,Pieces,1.24,0.13,2684.34,7250889.22,Pieces,2692.75,Yes,1,NA,NA,NA,NA,NA,NA,NA,NA,NA,NA
2013-2014,Central Coast,2013,8,Area 9,Angling from boat,SALMON,Coho,Not Adipose Marked,Kept,Legal Size,499.95,135418.94,Pieces,1.58,0.16,315.47,54977.4,Pieces,234.47,Yes,0.34,NA,NA,NA,NA,NA,NA,NA,NA,NA,NA
2013-2014,Central Coast,2013,8,Area 9,Angling from boat,SALMON,Coho,Adipose Marked,Released,Unspecified,47.27,2187.32,Pieces,1.24,0.13,38.21,1445.61,Pieces,38.02,Yes,0,NA,NA,NA,NA,NA,NA,NA,NA,NA,NA
2013-2014,Central Coast,2013,8,Area 9,Angling from boat,SALMON,Coho,Not Adipose Marked,Released,Unspecified,337.06,64521.46,Pieces,1.24,0.13,272.43,42997.69,Pieces,207.36,Yes,0.3,NA,NA,NA,NA,NA,NA,NA,NA,NA,NA
2013-2014,Central Coast,2013,9,Area 6,Angling from boat,SALMON,Coho,Not Adipose Marked,Kept,Legal Size,1067.17,924989.73,Pieces,1.58,0.16,673.4,373123.35,Pieces,610.84,Yes,1,NA,NA,NA,NA,NA,NA,NA,NA,NA,NA
2013-2014,Central Coast,2013,9,Area 6,Angling from boat,SALMON,Coho,Not Adipose Marked,Released,Unspecified,239.95,57098.25,Pieces,1.24,0.13,193.95,37730.98,Pieces,194.24,Yes,1,NA,NA,NA,NA,NA,NA,NA,NA,NA,NA
2013-2014,Central Coast,2013,9,Area 7,Angling from boat,SALMON,Coho,Not Adipose Marked,Kept,Legal Size,466.54,139624.15,Pieces,1.58,0.16,294.39,56515.25,Pieces,237.73,Yes,0.77,NA,NA,NA,NA,NA,NA,NA,NA,NA,NA
2013-2014,Central Coast,2013,9,Area 7,Angling from boat,SALMON,Coho,Not Adipose Marked,Released,Unspecified,1412.7,1406621.58,Pieces,1.24,0.13,1141.84,933804.3,Pieces,966.34,Yes,0.17,NA,NA,NA,NA,NA,NA,NA,NA,NA,NA
2013-2014,Central Coast,2013,9,Area 8,Angling from boat,SALMON,Coho,Not Adipose Marked,Kept,Legal Size,1119.74,938666.46,Pieces,1.58,0.16,706.57,379055.23,Pieces,615.67,Yes,0.86,NA,NA,NA,NA,NA,NA,NA,NA,NA,NA
2013-2014,Central Coast,2013,9,Area 8,Angling from boat,SALMON,Coho,Not Adipose Marked,Released,Unspecified,2318.91,4298058.95,Pieces,1.24,0.13,1874.3,2847957.44,Pieces,1687.59,Yes,0.1,NA,NA,NA,NA,NA,NA,NA,NA,NA,NA
2014-2015,Central Coast,2014,6,Area 5,Angling from boat,SALMON,Coho,Not Checked,Kept,Legal Size,15.18,215.26,Pieces,1.85,0.11,8.22,63.35,Pieces,7.96,Yes,1,1,0,0,0,1,1,8.22,0,0,0
2014-2015,Central Coast,2014,6,Area 6,Angling from boat,SALMON,Coho,Adipose Marked,Kept,Legal Size,132.65,3758.99,Pieces,1.85,0.11,71.83,1120.26,Pieces,33.47,Yes,0.11,0.295187489,0,0.704812511,0,0.295187489,1,21.20331736,0,50.62668264,0
2014-2015,Central Coast,2014,6,Area 6,Angling from boat,SALMON,Coho,Not Adipose Marked,Kept,Legal Size,641.75,66881.96,Pieces,1.85,0.11,347.51,20033.55,Pieces,141.54,Yes,0.88,0.494868055,0,0.115177542,0.389954403,0.494868055,0.610045597,171.9715978,0,40.02534764,135.5130545
2014-2015,Central Coast,2014,6,Area 6,Angling from boat,SALMON,Coho,Not Checked,Kept,Legal Size,228.13,13277.99,Pieces,1.85,0.11,123.53,3946.75,Pieces,62.82,Yes,0.49,0.67599321,0,0.257464635,0.066542155,0.67599321,0.933457845,83.50544125,0,31.80460637,8.219952387
2014-2015,Central Coast,2014,6,Area 6,Angling from boat,SALMON,Coho,Not Adipose Marked,Released,Unspecified,620.01,116820.08,Pieces,2.33,0.33,265.59,22853.94,Pieces,151.18,Yes,0.97,0.463886153,0,0,0.536113847,0.463886153,0.463886153,123.2035233,0,0,142.3864767
2014-2015,Central Coast,2014,6,Area 6,Angling from boat,SALMON,Coho,Not Checked,Released,Unspecified,171.81,9535.56,Pieces,2.33,0.33,73.6,1858.61,Pieces,43.11,Yes,0.09,0.341866516,0,0.569777526,0.088355959,0.341866516,0.911644041,25.16137555,0,41.93562591,6.502998546
2014-2015,Central Coast,2014,6,Area 7,Angling from boat,SALMON,Coho,Not Adipose Marked,Kept,Legal Size,167.31,7890.74,Pieces,1.85,0.11,90.6,2342.43,Pieces,48.4,Yes,1,0,0.272196455,0,0.727803545,0.272196455,0,0,24.66099883,0,65.93900117
2014-2015,Central Coast,2014,6,Area 7,Angling from boat,SALMON,Coho,Not Adipose Marked,Released,Unspecified,15.18,215.26,Pieces,2.33,0.33,6.5,40.35,Pieces,6.35,Yes,1,0,0,0,1,0,0,0,0,0,6.5
2014-2015,Central Coast,2014,6,Area 9,Angling from boat,SALMON,Coho,Not Adipose Marked,Kept,Legal Size,201.74,7111.04,Pieces,1.85,0.11,109.24,2126.85,Pieces,46.12,Yes,0.9,0.247539377,0.075246062,0.67721456,0,0.32278544,0.924753938,27.04120158,8.219879842,73.97891858,0
2014-2015,Central Coast,2014,6,Area 9,Angling from boat,SALMON,Coho,Not Checked,Kept,Legal Size,326.16,63543.43,Pieces,1.85,0.11,176.61,18741.3,Pieces,136.9,Yes,1,0.093085846,0.046542923,0.860371231,0,0.139628769,0.953457077,16.43989123,8.219945613,151.9501632,0
2014-2015,Central Coast,2014,6,Area 9,Angling from boat,SALMON,Coho,Not Adipose Marked,Released,Unspecified,334.85,50996.67,Pieces,2.33,0.33,143.44,9771.2,Pieces,98.85,Yes,0.37,0.181339314,0,0.186842324,0.631818362,0.181339314,0.368181638,26.01131125,0,26.80066288,90.62802587
2014-2015,Central Coast,2014,7,Area 5,Angling from boat,SALMON,Coho,Not Adipose Marked,Kept,Legal Size,233.97,10782.43,Pieces,1.85,0.11,126.69,3217.77,Pieces,56.73,Yes,0.51,0.5,0.253815898,0.246184102,0,0.753815898,0.746184102,63.345,32.15593615,31.18906385,0
2014-2015,Central Coast,2014,7,Area 5,Angling from boat,SALMON,Coho,Not Checked,Kept,Legal Size,350.84,45877.04,Pieces,1.85,0.11,189.98,13578.31,Pieces,116.53,Yes,0.55,0,0,0.917910884,0.082089116,0,0.917910884,0,0,174.3847098,15.59529024
2014-2015,Central Coast,2014,7,Area 5,Angling from boat,SALMON,Coho,Not Adipose Marked,Released,Unspecified,145.34,5889.39,Pieces,2.33,0.33,62.26,1158.6,Pieces,34.04,Yes,0.31,0.405528648,0,0.594471352,0,0.405528648,1,25.24821364,0,37.01178636,0
2014-2015,Central Coast,2014,7,Area 5,Angling from boat,SALMON,Coho,Not Checked,Released,Unspecified,1671.35,1681233.46,Pieces,2.33,0.33,715.94,318800.83,Pieces,564.62,Yes,0.78,0,0,0.879599939,0.120400061,0,0.879599939,0,0,629.74078,86.19922003
2014-2015,Central Coast,2014,7,Area 6,Angling from boat,SALMON,Coho,Adipose Marked,Kept,Legal Size,466.16,34833.85,Pieces,1.85,0.11,252.42,10436.87,Pieces,102.16,Yes,0.69,0.199386322,0.428079871,0.061781264,0.310752542,0.627466194,0.261167587,50.32909552,108.0559211,15.59482671,78.44015663
2014-2015,Central Coast,2014,7,Area 6,Angling from boat,SALMON,Coho,Not Adipose Marked,Kept,Legal Size,2278.05,293799.01,Pieces,1.85,0.11,1233.56,91470.71,Pieces,302.44,Yes,0.76,0.419251855,0.179894545,0.12701178,0.27384182,0.5991464,0.546263635,517.1723185,221.910715,156.676651,337.8003154
2014-2015,Central Coast,2014,7,Area 6,Angling from boat,SALMON,Coho,Not Checked,Kept,Legal Size,799.27,48294.52,Pieces,1.85,0.11,432.8,14816.17,Pieces,121.72,Yes,0.56,0.388958416,0.204755513,0.288264054,0.118022017,0.593713929,0.67722247,168.3412023,88.61818614,124.7606826,51.07992901
2014-2015,Central Coast,2014,7,Area 6,Angling from boat,SALMON,Coho,Adipose Marked,Released,Unspecified,100.43,3254.41,Pieces,2.33,0.33,43.02,634.37,Pieces,25.19,Yes,0.28,0.430146331,0.283089449,0.28676422,0,0.71323578,0.716910551,18.50489515,12.17850809,12.33659677,0
2014-2015,Central Coast,2014,7,Area 6,Angling from boat,SALMON,Coho,Not Adipose Marked,Released,Unspecified,923.63,155152.34,Pieces,2.33,0.33,395.65,31616.81,Pieces,177.81,Yes,0.8,0.811945409,0,0.155906632,0.032147959,0.811945409,0.967852041,321.2462011,0,61.68445896,12.71933992
2014-2015,Central Coast,2014,7,Area 6,Angling from boat,SALMON,Coho,Not Checked,Released,Unspecified,915.46,137038.17,Pieces,2.33,0.33,392.15,28237.54,Pieces,168.04,Yes,0.89,0.843306654,0.046584704,0.110108642,0,0.889891358,0.953415296,330.7027045,18.26819163,43.17910386,0
2014-2015,Central Coast,2014,7,Area 7,Angling from boat,SALMON,Coho,Adipose Marked,Kept,Legal Size,746.94,114998.44,Pieces,1.85,0.11,404.47,34292.09,Pieces,185.18,Yes,0.85,0.182270656,0.374746541,0.057835617,0.385147186,0.557017197,0.240106273,73.72301204,151.5737336,23.39277201,155.7804824
2014-2015,Central Coast,2014,7,Area 7,Angling from boat,SALMON,Coho,Not Adipose Marked,Kept,Legal Size,8150.13,6271566.57,Pieces,1.85,0.11,4413.28,1907080.97,Pieces,1380.97,Yes,0.87,0.195988903,0.072803841,0.142010918,0.589196338,0.268792744,0.337999821,864.9539047,321.3037375,626.7339452,2600.288413
2014-2015,Central Coast,2014,7,Area 7,Angling from boat,SALMON,Coho,Not Checked,Kept,Legal Size,1997.58,393690.77,Pieces,1.85,0.11,1081.69,119530.92,Pieces,345.73,Yes,0.73,0.597452574,0,0.249404552,0.153142874,0.597452574,0.846857126,646.2584744,0,269.7784098,165.6531158
2014-2015,Central Coast,2014,7,Area 7,Angling from boat,SALMON,Coho,Adipose Marked,Released,Unspecified,192.44,36455.16,Pieces,2.33,0.33,82.43,6825.9,Pieces,82.62,Yes,1,0,0,0,1,0,0,0,0,0,82.43
2014-2015,Central Coast,2014,7,Area 7,Angling from boat,SALMON,Coho,Not Adipose Marked,Released,Unspecified,6636.67,3072026.9,Pieces,2.33,0.33,2842.89,726198.01,Pieces,852.17,Yes,0.76,0.320574132,0.109726495,0.159722254,0.409977118,0.430300628,0.480296387,911.356995,311.9403561,454.0727999,1165.519849
2014-2015,Central Coast,2014,7,Area 7,Angling from boat,SALMON,Coho,Not Checked,Released,Unspecified,2742.95,1860868.59,Pieces,2.33,0.33,1174.97,369214.93,Pieces,607.63,Yes,0.8,0.548373357,0.255122286,0.089572528,0.106931829,0.803495643,0.637945885,644.3222434,299.7610328,105.2450331,125.6416908
2014-2015,Central Coast,2014,7,Area 8,Angling from boat,SALMON,Coho,Adipose Marked,Kept,Legal Size,14.4,192.96,Pieces,1.85,0.11,7.8,56.79,Pieces,7.54,Yes,0,0,0,1,0,0,1,0,0,7.8,0
2014-2015,Central Coast,2014,7,Area 8,Angling from boat,SALMON,Coho,Not Adipose Marked,Kept,Legal Size,1522.15,573382.53,Pieces,1.85,0.11,824.24,170503.65,Pieces,412.92,Yes,0.17,0.057054919,0,0.787111162,0.155833919,0.057054919,0.844166081,47.02694621,0,648.7685042,128.4445496
2014-2015,Central Coast,2014,7,Area 8,Angling from boat,SALMON,Coho,Not Checked,Kept,Legal Size,776.75,61520.84,Pieces,1.85,0.11,420.61,18657.99,Pieces,136.59,Yes,0.17,0.26560415,0.037077577,0.143640948,0.553677326,0.302681726,0.409245098,111.7157615,15.59519945,60.41681904,232.88222
2014-2015,Central Coast,2014,7,Area 8,Angling from boat,SALMON,Coho,Not Adipose Marked,Released,Unspecified,2145.77,4245487.65,Pieces,2.33,0.33,919.17,796005.04,Pieces,892.19,Yes,0.02,0,0,0.979537332,0.020462668,0,0.979537332,0,0,900.3613296,18.80867043
2014-2015,Central Coast,2014,7,Area 8,Angling from boat,SALMON,Coho,Not Checked,Released,Unspecified,285.48,32555.08,Pieces,2.33,0.33,122.29,6274.31,Pieces,79.21,Yes,0.75,0,0,0.151325827,0.848674173,0,0.151325827,0,0,18.50563535,103.7843647
2014-2015,Central Coast,2014,7,Area 9,Angling from boat,SALMON,Coho,Adipose Marked,Kept,Legal Size,29.69,409.79,Pieces,1.85,0.11,16.08,121.06,Pieces,11,Yes,1,0.5,0,0.5,0,0.5,1,8.04,0,8.04,0
2014-2015,Central Coast,2014,7,Area 9,Angling from boat,SALMON,Coho,Not Adipose Marked,Kept,Legal Size,2172.65,216235.22,Pieces,1.85,0.11,1176.49,68246.32,Pieces,261.24,Yes,0.54,0.243734197,0.114317045,0.580215562,0.061733197,0.358051242,0.823949758,286.7508451,134.4928601,682.6178062,72.62848859
2014-2015,Central Coast,2014,7,Area 9,Angling from boat,SALMON,Coho,Not Checked,Kept,Legal Size,375.63,21641.22,Pieces,1.85,0.11,203.4,6490.36,Pieces,80.56,Yes,0.27,0.61664611,0,0.153341556,0.230012334,0.61664611,0.769987666,125.4258187,0,31.18967253,46.7845088
2014-2015,Central Coast,2014,7,Area 9,Angling from boat,SALMON,Coho,Adipose Marked,Released,Unspecified,14.4,192.96,Pieces,2.33,0.33,6.17,36.17,Pieces,6.01,Yes,0,1,0,0,0,1,1,6.17,0,0,0
2014-2015,Central Coast,2014,7,Area 9,Angling from boat,SALMON,Coho,Not Adipose Marked,Released,Unspecified,1110.98,181990.49,Pieces,2.33,0.33,475.9,37947.79,Pieces,194.8,Yes,0.15,0.173676278,0.362922237,0.318774485,0.144627001,0.536598514,0.492450762,82.65254057,172.7146924,151.7047773,68.82798979
2014-2015,Central Coast,2014,7,Area 9,Angling from boat,SALMON,Coho,Not Checked,Released,Unspecified,316.8,48132.24,Pieces,2.33,0.33,135.7,9202.21,Pieces,95.93,Yes,0,0.590909091,0,0,0.409090909,0.590909091,0.590909091,80.18636364,0,0,55.51363636
2014-2015,Central Coast,2014,8,Area 5,Angling from boat,SALMON,Coho,Not Adipose Marked,Kept,Legal Size,1223.12,287863.9,Pieces,1.85,0.11,662.32,85941.9,Pieces,293.16,Yes,0.92,0.134853654,0.380489896,0.179525524,0.305130926,0.51534355,0.314379178,89.31627213,252.0060679,118.9033449,202.0943151
2014-2015,Central Coast,2014,8,Area 5,Angling from boat,SALMON,Coho,Not Checked,Kept,Legal Size,219.58,33677.58,Pieces,1.85,0.11,118.9,9924.39,Pieces,99.62,Yes,0.83,0,0,0.825066982,0.174933018,0,0.825066982,0,0,98.1004642,20.7995358
2014-2015,Central Coast,2014,8,Area 5,Angling from boat,SALMON,Coho,Not Adipose Marked,Released,Unspecified,900.06,296415.77,Pieces,2.33,0.33,385.55,57379.11,Pieces,239.54,Yes,0.94,0.049066279,0.081777132,0.332395927,0.536760663,0.130843411,0.381462206,18.91750385,31.52917308,128.1552495,206.9480736
2014-2015,Central Coast,2014,8,Area 5,Angling from boat,SALMON,Coho,Not Checked,Released,Unspecified,181.17,32278.92,Pieces,2.33,0.33,77.61,6044.05,Pieces,77.74,Yes,1,0,0,1,0,0,1,0,0,77.61,0
2014-2015,Central Coast,2014,8,Area 6,Angling from boat,SALMON,Coho,Adipose Marked,Kept,Legal Size,264.4,24232.62,Pieces,1.85,0.11,143.17,7177.19,Pieces,84.72,Yes,0.06,0.346237816,0,0.653762184,0,0.346237816,1,49.57086814,0,93.59913186,0
2014-2015,Central Coast,2014,8,Area 6,Angling from boat,SALMON,Coho,Not Adipose Marked,Kept,Legal Size,4939.27,1543334.28,Pieces,1.85,0.11,2674.6,477560.19,Pieces,691.06,Yes,0.91,0.158005253,0.077312549,0.078793713,0.685888485,0.235317802,0.236798966,422.6008509,206.7801433,210.7416648,1834.477341
2014-2015,Central Coast,2014,8,Area 6,Angling from boat,SALMON,Coho,Not Checked,Kept,Legal Size,1871.74,496476.81,Pieces,1.85,0.11,1013.54,149170.36,Pieces,386.23,Yes,0.62,0.144330935,0.00784581,0.282081185,0.56574207,0.152176744,0.42641212,146.2851754,7.95204214,285.9005644,573.4022181
2014-2015,Central Coast,2014,8,Area 6,Angling from boat,SALMON,Coho,Adipose Marked,Released,Unspecified,29.44,807.94,Pieces,2.33,0.33,12.61,151.45,Pieces,12.31,Yes,1,1,0,0,0,1,1,12.61,0,0,0
2014-2015,Central Coast,2014,8,Area 6,Angling from boat,SALMON,Coho,Not Adipose Marked,Released,Unspecified,1999.06,623298.45,Pieces,2.33,0.33,856.32,129114.86,Pieces,359.33,Yes,0.71,0.390940543,0.07363915,0.221261783,0.314158524,0.464579693,0.612202326,334.7702058,63.05867655,189.4708902,269.0202274
2014-2015,Central Coast,2014,8,Area 6,Angling from boat,SALMON,Coho,Not Checked,Released,Unspecified,1735.97,978362.82,Pieces,2.33,0.33,743.62,190641.23,Pieces,436.62,Yes,0.16,0.100301336,0,0.797626821,0.102071843,0.100301336,0.897928157,74.58607939,0,593.1312569,75.90266375
2014-2015,Central Coast,2014,8,Area 7,Angling from boat,SALMON,Coho,Adipose Marked,Kept,Legal Size,682.89,46021.96,Pieces,1.85,0.11,369.78,13972.88,Pieces,118.21,Yes,0.43,0.360907636,0,0.462918552,0.176173811,0.360907636,0.823826189,133.4564258,0,171.1780223,65.14555198
2014-2015,Central Coast,2014,8,Area 7,Angling from boat,SALMON,Coho,Not Adipose Marked,Kept,Legal Size,8219.33,2123807.55,Pieces,1.85,0.11,4450.75,692038.1,Pieces,831.89,Yes,0.61,0.28516273,0.029276964,0.295241182,0.390319123,0.314439695,0.580403912,1269.188021,130.3044496,1314.044691,1737.212838
2014-2015,Central Coast,2014,8,Area 7,Angling from boat,SALMON,Coho,Not Checked,Kept,Legal Size,3327.55,570767.94,Pieces,1.85,0.11,1801.86,178717.91,Pieces,422.75,Yes,0.34,0.283438859,0.033663454,0.253248848,0.429648838,0.317102313,0.536687707,510.717142,60.65683209,456.31897,774.1670559
2014-2015,Central Coast,2014,8,Area 7,Angling from boat,SALMON,Coho,Adipose Marked,Released,Unspecified,2787.73,2723202.2,Pieces,2.33,0.33,1194.15,528360.96,Pieces,726.88,Yes,0.6,0.15775738,0,0.84224262,0,0.15775738,1,188.3859758,0,1005.764024,0
2014-2015,Central Coast,2014,8,Area 7,Angling from boat,SALMON,Coho,Not Adipose Marked,Released,Unspecified,10134.91,7744687.14,Pieces,2.33,0.33,4341.4,1800061.94,Pieces,1341.66,Yes,0.44,0.262481722,0.007134098,0.665325255,0.065058925,0.26961582,0.927806977,1139.538149,30.97197267,2888.443063,282.4468159
2014-2015,Central Coast,2014,8,Area 7,Angling from boat,SALMON,Coho,Not Checked,Released,Unspecified,3175.61,636942.3,Pieces,2.33,0.33,1360.31,154080.57,Pieces,392.53,Yes,0.44,0.624972767,0.006047987,0.260729139,0.108250107,0.631020754,0.885701906,850.1567053,8.227137003,354.6724545,147.2537032
2014-2015,Central Coast,2014,8,Area 8,Angling from boat,SALMON,Coho,Adipose Marked,Kept,Legal Size,572.03,48252.28,Pieces,1.85,0.11,309.75,14484.16,Pieces,120.35,Yes,0.1,0.067150073,0,0.780656042,0.152193885,0.067150073,0.847806115,20.79973524,0,241.808209,47.14205577
2014-2015,Central Coast,2014,8,Area 8,Angling from boat,SALMON,Coho,Not Adipose Marked,Kept,Legal Size,1469.58,153104.85,Pieces,1.85,0.11,795.77,47108.6,Pieces,217.05,Yes,0.38,0.065345351,0,0.370708318,0.563946331,0.065345351,0.436053669,51.99987008,0,294.9985584,448.7715715
2014-2015,Central Coast,2014,8,Area 8,Angling from boat,SALMON,Coho,Not Checked,Kept,Legal Size,903.95,100945.61,Pieces,1.85,0.11,489.49,30437.39,Pieces,174.46,Yes,0.07,0.084987228,0,0.893765964,0.021246807,0.084987228,0.978753193,41.60039845,0,437.4895019,10.40009961
2014-2015,Central Coast,2014,8,Area 8,Angling from boat,SALMON,Coho,Adipose Marked,Released,Unspecified,57.62,1744.48,Pieces,2.33,0.33,24.68,332.35,Pieces,18.23,Yes,0,0.333333333,0,0.666666667,0,0.333333333,1,8.226666667,0,16.45333333,0
2014-2015,Central Coast,2014,8,Area 8,Angling from boat,SALMON,Coho,Not Adipose Marked,Released,Unspecified,1715.68,401083.15,Pieces,2.33,0.33,734.93,84456.07,Pieces,290.61,Yes,0.52,0.212693667,0,0.517491989,0.269814344,0.212693667,0.730185656,156.3149563,0,380.3203876,198.294656
2014-2015,Central Coast,2014,8,Area 8,Angling from boat,SALMON,Coho,Not Checked,Released,Unspecified,704.18,98981.24,Pieces,2.33,0.33,301.65,19991.87,Pieces,141.39,Yes,0.21,0.109096646,0,0.890903354,0,0.109096646,1,32.9090034,0,268.7409966,0
2014-2015,Central Coast,2014,8,Area 9,Angling from boat,SALMON,Coho,Adipose Marked,Kept,Legal Size,938.05,249776,Pieces,1.85,0.11,507.95,74141.82,Pieces,272.29,Yes,0.69,0.319581643,0,0.639469316,0.040949041,0.319581643,0.959050959,162.3314958,0,324.8184391,20.80006515
2014-2015,Central Coast,2014,8,Area 9,Angling from boat,SALMON,Coho,Not Adipose Marked,Kept,Legal Size,5252.62,1113915.22,Pieces,1.85,0.11,2844.28,354921.9,Pieces,595.75,Yes,0.74,0.107288669,0,0.660042509,0.232668822,0.107288669,0.767331178,305.1590152,0,1877.345709,661.7752761
2014-2015,Central Coast,2014,8,Area 9,Angling from boat,SALMON,Coho,Not Checked,Kept,Legal Size,2159.09,702520.35,Pieces,1.85,0.11,1169.14,210774.47,Pieces,459.1,Yes,0.62,0.455127421,0,0.509290917,0.035581662,0.455127421,0.964418338,532.1076732,0,595.4323825,41.59994427
2014-2015,Central Coast,2014,8,Area 9,Angling from boat,SALMON,Coho,Adipose Marked,Released,Unspecified,644.14,346161.49,Pieces,2.33,0.33,275.92,65049.04,Pieces,255.05,Yes,0.94,0.02285363,0,0.97714637,0,0.02285363,1,6.305773591,0,269.6142264,0
2014-2015,Central Coast,2014,8,Area 9,Angling from boat,SALMON,Coho,Not Adipose Marked,Released,Unspecified,8476.24,19998545.04,Pieces,2.33,0.33,3630.89,3934667.77,Pieces,1983.6,Yes,0.94,0,0,0.882934664,0.117065336,0,0.882934664,0,0,3205.838642,425.0513582
2014-2015,Central Coast,2014,8,Area 9,Angling from boat,SALMON,Coho,Not Checked,Released,Unspecified,1128.78,339012.42,Pieces,2.33,0.33,483.52,66907.26,Pieces,258.66,Yes,0.74,0.28691317,0,0.71308683,0,0.28691317,1,138.7282559,0,344.7917441,0
2014-2015,Central Coast,2014,9,Area 6,Angling from boat,SALMON,Coho,Adipose Marked,Kept,Legal Size,23.72,538.82,Pieces,1.85,0.11,12.84,158.57,Pieces,12.59,Yes,0,0,0,0,1,0,0,0,0,0,12.84
2014-2015,Central Coast,2014,9,Area 6,Angling from boat,SALMON,Coho,Not Adipose Marked,Kept,Legal Size,933.62,751269.49,Pieces,1.85,0.11,505.55,221181.12,Pieces,470.3,Yes,1,0,0,0,1,0,0,0,0,0,505.55
2014-2015,Central Coast,2014,9,Area 6,Angling from boat,SALMON,Coho,Not Adipose Marked,Released,Unspecified,579.26,332063.72,Pieces,2.33,0.33,248.13,62169.34,Pieces,249.34,Yes,1,0,0,0,1,0,0,0,0,0,248.13
2014-2015,Central Coast,2014,9,Area 7,Angling from boat,SALMON,Coho,Not Adipose Marked,Kept,Legal Size,549.01,98980.51,Pieces,1.85,0.11,297.29,29332.21,Pieces,171.27,Yes,0.35,0,0,0.345894408,0.654105592,0,0.345894408,0,0,102.8309485,194.4590515
2014-2015,Central Coast,2014,9,Area 8,Angling from boat,SALMON,Coho,Not Adipose Marked,Kept,Legal Size,142.31,19397.63,Pieces,1.85,0.11,77.06,5708.54,Pieces,75.55,Yes,0,0,0,0,1,0,0,0,0,0,77.06
2014-2015,Central Coast,2014,9,Area 8,Angling from boat,SALMON,Coho,Not Adipose Marked,Released,Unspecified,96.54,9223.99,Pieces,2.33,0.33,41.36,1726.93,Pieces,41.56,Yes,1,0,0,0,1,0,0,0,0,0,41.36
2014-2015,Central Coast,2014,9,Area 9,Angling from boat,SALMON,Coho,Not Adipose Marked,Kept,Legal Size,258.95,66017.95,Pieces,1.85,0.11,140.22,19426.54,Pieces,139.38,Yes,1,0,0,0,1,0,0,0,0,0,140.22
2014-2015,Central Coast,2014,9,Area 9,Angling from boat,SALMON,Coho,Not Checked,Kept,Legal Size,96.54,9223.99,Pieces,1.85,0.11,52.28,2714.22,Pieces,52.1,Yes,1,0,0,1,0,0,1,0,0,52.28,0
2015-2016,Central Coast,2015,5,Area 7,Angling from boat,SALMON,Coho,Not Adipose Marked,Kept,Legal Size,46.72,2135.64,Pieces,1.67,0.09,27.99,768.96,Pieces,27.73,Yes,1,1,0,0,0,1,1,27.99,0,0,0
2015-2016,Central Coast,2015,5,Area 8,Angling from boat,SALMON,Coho,Not Adipose Marked,Kept,Legal Size,93.43,8542.58,Pieces,1.67,0.09,55.99,3075.83,Pieces,55.46,Yes,1,1,0,0,0,1,1,55.99,0,0,0
2015-2016,Central Coast,2015,6,Area 5,Angling from boat,SALMON,Coho,Adipose Marked,Kept,Legal Size,78.41,6070.14,Pieces,1.67,0.09,46.99,2185.55,Pieces,46.75,Yes,1,0,0,0,1,0,0,0,0,0,46.99
2015-2016,Central Coast,2015,6,Area 5,Angling from boat,SALMON,Coho,Not Adipose Marked,Kept,Legal Size,313.65,97122.22,Pieces,1.67,0.09,187.95,34968.83,Pieces,187,Yes,1,0,0,0,1,0,0,0,0,0,187.95
2015-2016,Central Coast,2015,6,Area 5,Angling from boat,SALMON,Coho,Adipose Marked,Released,Unspecified,470.48,218524.99,Pieces,1.52,0.15,308.84,95073.44,Pieces,308.34,Yes,1,0,0,0,1,0,0,0,0,0,308.84
2015-2016,Central Coast,2015,6,Area 5,Angling from boat,SALMON,Coho,Not Adipose Marked,Released,Unspecified,470.48,218524.99,Pieces,1.52,0.15,308.84,95073.44,Pieces,308.34,Yes,1,0,0,0,1,0,0,0,0,0,308.84
2015-2016,Central Coast,2015,6,Area 6,Angling from boat,SALMON,Coho,Not Adipose Marked,Kept,Legal Size,725.61,172408.42,Pieces,1.67,0.09,434.8,62418.4,Pieces,249.84,Yes,0.94,0.296297151,0,0.234567616,0.469135233,0.296297151,0.530864767,128.8300011,0,101.9899996,203.9799993
2015-2016,Central Coast,2015,6,Area 6,Angling from boat,SALMON,Coho,Not Checked,Kept,Legal Size,75.28,1936.1,Pieces,1.67,0.09,45.11,700.7,Pieces,26.47,Yes,0.7,0.468330522,0,0,0.531669478,0.468330522,0.468330522,21.12638985,0,0,23.98361015
2015-2016,Central Coast,2015,6,Area 6,Angling from boat,SALMON,Coho,Not Adipose Marked,Released,Unspecified,167.27,10969.04,Pieces,1.52,0.15,109.8,4841.5,Pieces,69.58,Yes,0.87,0.660816883,0,0,0.339183117,0.660816883,0.660816883,72.55769378,0,0,37.24230622
2015-2016,Central Coast,2015,6,Area 7,Angling from boat,SALMON,Coho,Adipose Marked,Kept,Legal Size,118.45,4577.61,Pieces,1.67,0.09,70.98,1657.32,Pieces,40.71,Yes,1,0.702353471,0,0.297646529,0,0.702353471,1,49.85304934,0,21.12695066,0
2015-2016,Central Coast,2015,6,Area 7,Angling from boat,SALMON,Coho,Not Adipose Marked,Kept,Legal Size,1364.25,177929.29,Pieces,1.67,0.09,817.48,65700.97,Pieces,256.32,Yes,0.89,0.744495751,0,0.114953642,0.140550607,0.744495751,0.859449393,608.6103865,0,93.97230335,114.8973102
2015-2016,Central Coast,2015,6,Area 7,Angling from boat,SALMON,Coho,Not Checked,Kept,Legal Size,986.99,444001.66,Pieces,1.67,0.09,591.42,160373.57,Pieces,400.47,Yes,0.93,0.346571739,0,0.017860037,0.635568224,0.346571739,0.364431776,204.969458,0,10.56278315,375.8877588
2015-2016,Central Coast,2015,6,Area 7,Angling from boat,SALMON,Coho,Not Adipose Marked,Released,Unspecified,821.39,113009.47,Pieces,1.52,0.15,539.19,51465.66,Pieces,226.86,Yes,0.78,0.78761219,0,0.21238781,0,0.78761219,1,424.6726167,0,114.5173833,0
2015-2016,Central Coast,2015,6,Area 7,Angling from boat,SALMON,Coho,Not Checked,Released,Unspecified,523.55,93986.1,Pieces,1.52,0.15,343.68,41624.55,Pieces,204.02,Yes,1,0.66678872,0,0.183440422,0.149770858,0.66678872,0.850229142,229.1619472,0,63.04480419,51.47324858
2015-2016,Central Coast,2015,6,Area 8,Angling from boat,SALMON,Coho,Not Adipose Marked,Kept,Legal Size,78.41,6070.14,Pieces,1.67,0.09,46.99,2185.55,Pieces,46.75,Yes,1,0,0,0,1,0,0,0,0,0,46.99
2015-2016,Central Coast,2015,6,Area 9,Angling from boat,SALMON,Coho,Not Adipose Marked,Kept,Legal Size,411.52,65635.78,Pieces,1.67,0.09,246.59,23732.35,Pieces,154.05,Yes,1,0.428361474,0,0.571638526,0,0.428361474,1,105.6296559,0,140.9603441,0
2015-2016,Central Coast,2015,6,Area 9,Angling from boat,SALMON,Coho,Not Checked,Kept,Legal Size,270.49,55803.68,Pieces,1.67,0.09,162.08,20108.31,Pieces,141.8,Yes,1,1,0,0,0,1,1,162.08,0,0,0
2015-2016,Central Coast,2015,6,Area 9,Angling from boat,SALMON,Coho,Not Checked,Released,Unspecified,22.4,479.18,Pieces,1.52,0.15,14.7,208.54,Pieces,14.44,Yes,0,1,0,0,0,1,1,14.7,0,0,0
2015-2016,Central Coast,2015,7,Area 5,Angling from boat,SALMON,Coho,Not Adipose Marked,Kept,Legal Size,291.07,81517.91,Pieces,1.67,0.09,174.41,29352.6,Pieces,171.33,Yes,0,0,0,0,1,0,0,0,0,0,174.41
2015-2016,Central Coast,2015,7,Area 5,Angling from boat,SALMON,Coho,Not Checked,Kept,Legal Size,46.69,2086.82,Pieces,1.67,0.09,27.98,751.42,Pieces,27.41,Yes,1,0,0,0,1,0,0,0,0,0,27.98
2015-2016,Central Coast,2015,7,Area 5,Angling from boat,SALMON,Coho,Not Adipose Marked,Released,Unspecified,52.69,2723.48,Pieces,1.52,0.15,34.59,1184.98,Pieces,34.42,Yes,1,0,0,0,1,0,0,0,0,0,34.59
2015-2016,Central Coast,2015,7,Area 6,Angling from boat,SALMON,Coho,Adipose Marked,Kept,Legal Size,185.22,18128.19,Pieces,1.67,0.09,110.99,6542.58,Pieces,80.89,Yes,0,0,0,1,0,0,1,0,0,110.99,0
2015-2016,Central Coast,2015,7,Area 6,Angling from boat,SALMON,Coho,Not Adipose Marked,Kept,Legal Size,1690.62,297778.33,Pieces,1.67,0.09,1013.05,109705.6,Pieces,331.22,Yes,0.78,0.448573821,0.077480362,0.015651431,0.458294386,0.526054183,0.464225252,454.4277091,78.49148105,15.8556824,464.2751275
2015-2016,Central Coast,2015,7,Area 6,Angling from boat,SALMON,Coho,Not Checked,Kept,Legal Size,518.54,69837.1,Pieces,1.67,0.09,310.72,25337.86,Pieces,159.18,Yes,0.74,0,0.090046312,0.255144888,0.654808801,0.090046312,0.255144888,0,27.97918991,79.27861945,203.4621906
2015-2016,Central Coast,2015,7,Area 6,Angling from boat,SALMON,Coho,Adipose Marked,Released,Unspecified,158.76,13429.12,Pieces,1.52,0.15,104.22,5890.21,Pieces,76.75,Yes,0,0,0,1,0,0,1,0,0,104.22,0
2015-2016,Central Coast,2015,7,Area 6,Angling from boat,SALMON,Coho,Not Adipose Marked,Released,Unspecified,676.55,171102.34,Pieces,1.52,0.15,444.11,75608.33,Pieces,274.97,Yes,0.22,0.765332763,0,0.234667237,0,0.765332763,1,339.8919335,0,104.2180665,0
2015-2016,Central Coast,2015,7,Area 6,Angling from boat,SALMON,Coho,Not Checked,Released,Unspecified,502.75,143083.03,Pieces,1.52,0.15,330.03,62693.44,Pieces,250.39,Yes,0,0,0,0.789473684,0.210526316,0,0.789473684,0,0,260.55,69.48
2015-2016,Central Coast,2015,7,Area 7,Angling from boat,SALMON,Coho,Adipose Marked,Kept,Legal Size,293.89,31766.6,Pieces,1.67,0.09,176.1,11490.35,Pieces,107.19,Yes,1,0,0,0.358570246,0.641429754,0,0.358570246,0,0,63.14422039,112.9557796
2015-2016,Central Coast,2015,7,Area 7,Angling from boat,SALMON,Coho,Not Adipose Marked,Kept,Legal Size,1925.03,296379.63,Pieces,1.67,0.09,1153.51,110029.05,Pieces,331.71,Yes,0.84,0.504016764,0.054982265,0.2074075,0.233593471,0.558999029,0.711424264,581.388378,63.42259245,239.2466248,269.4524048
2015-2016,Central Coast,2015,7,Area 7,Angling from boat,SALMON,Coho,Not Checked,Kept,Legal Size,593.17,55643.6,Pieces,1.67,0.09,355.44,20322.32,Pieces,142.56,Yes,0.55,0.521293697,0.133827313,0,0.34487899,0.65512101,0.521293697,185.2886318,47.56758007,0,122.5837882
2015-2016,Central Coast,2015,7,Area 7,Angling from boat,SALMON,Coho,Adipose Marked,Released,Unspecified,290.79,31429.35,Pieces,1.52,0.15,190.89,13890.28,Pieces,117.86,Yes,1,0.170553746,0,0.829446254,0,0.170553746,1,32.55700465,0,158.3329953,0
2015-2016,Central Coast,2015,7,Area 7,Angling from boat,SALMON,Coho,Not Adipose Marked,Released,Unspecified,1661.12,644210.18,Pieces,1.52,0.15,1090.43,288920.79,Pieces,537.51,Yes,0.55,0.483545278,0,0.031858677,0.484596045,0.483545278,0.515403955,527.2722772,0,34.73965755,528.4180652
2015-2016,Central Coast,2015,7,Area 7,Angling from boat,SALMON,Coho,Not Checked,Released,Unspecified,985.17,126389.15,Pieces,1.52,0.15,646.71,58445.27,Pieces,241.75,Yes,0.52,0.728417213,0,0.191579245,0.080003542,0.728417213,0.919996458,471.0746961,0,123.8962134,51.7390905
2015-2016,Central Coast,2015,7,Area 8,Angling from boat,SALMON,Coho,Adipose Marked,Kept,Legal Size,86.09,4224.06,Pieces,1.67,0.09,51.59,1523.92,Pieces,39.04,Yes,0.29,0,0,1,0,0,1,0,0,51.59,0
2015-2016,Central Coast,2015,7,Area 8,Angling from boat,SALMON,Coho,Not Adipose Marked,Kept,Legal Size,1435.72,249570.91,Pieces,1.67,0.09,860.31,91619.78,Pieces,302.69,Yes,0.36,0.081306318,0,0.918693682,0,0.081306318,1,69.94863831,0,790.3613617,0
2015-2016,Central Coast,2015,7,Area 8,Angling from boat,SALMON,Coho,Not Checked,Kept,Legal Size,1170.73,299498.87,Pieces,1.67,0.09,701.52,108874.19,Pieces,329.96,Yes,0,0.045203691,0,0.909592618,0.045203691,0.045203691,0.954796309,31.71129326,0,638.0974135,31.71129326
2015-2016,Central Coast,2015,7,Area 8,Angling from boat,SALMON,Coho,Adipose Marked,Released,Unspecified,24.8,590.14,Pieces,1.52,0.15,16.28,256.82,Pieces,16.03,Yes,1,0,0,1,0,0,1,0,0,16.28,0
2015-2016,Central Coast,2015,7,Area 8,Angling from boat,SALMON,Coho,Not Adipose Marked,Released,Unspecified,1207.88,376267.14,Pieces,1.52,0.15,792.9,168124.93,Pieces,410.03,Yes,0.49,0,0,1,0,0,1,0,0,792.9,0
2015-2016,Central Coast,2015,7,Area 8,Angling from boat,SALMON,Coho,Not Checked,Released,Unspecified,1497.07,833130.93,Pieces,1.52,0.15,982.73,368203.12,Pieces,606.8,Yes,0.35,0.106049606,0,0.893950394,0,0.106049606,1,104.2181291,0,878.5118709,0
2015-2016,Central Coast,2015,7,Area 9,Angling from boat,SALMON,Coho,Adipose Marked,Kept,Legal Size,183.19,13241.75,Pieces,1.67,0.09,109.77,4787.31,Pieces,69.19,Yes,0.5,0.629299252,0,0.370700748,0,0.629299252,1,69.07817888,0,40.69182112,0
2015-2016,Central Coast,2015,7,Area 9,Angling from boat,SALMON,Coho,Not Adipose Marked,Kept,Legal Size,1907.01,353497.85,Pieces,1.67,0.09,1142.72,130470.83,Pieces,361.21,Yes,0.7,0.279288242,0.071220344,0.470323617,0.179167797,0.350508586,0.749611859,319.1482602,81.38491125,537.4482031,204.7386254
2015-2016,Central Coast,2015,7,Area 9,Angling from boat,SALMON,Coho,Not Checked,Kept,Legal Size,1079.6,148563.55,Pieces,1.67,0.09,646.92,54479.14,Pieces,233.41,Yes,0.47,0.458860203,0,0.541139797,0,0.458860203,1,296.8458425,0,350.0741575,0
2015-2016,Central Coast,2015,7,Area 9,Angling from boat,SALMON,Coho,Not Adipose Marked,Released,Unspecified,1035.85,243778.2,Pieces,1.52,0.15,679.97,109449.92,Pieces,330.83,Yes,0.62,0.689573653,0,0.220272816,0.090153531,0.689573653,0.909846469,468.8893968,0,149.7789067,61.30169643
2015-2016,Central Coast,2015,7,Area 9,Angling from boat,SALMON,Coho,Not Checked,Released,Unspecified,1070.28,303004.08,Pieces,1.52,0.15,702.57,135268.64,Pieces,367.79,Yes,0.55,0.182358514,0,0.817641486,0,0.182358514,1,128.1196213,0,574.4503787,0
2015-2016,Central Coast,2015,8,Area 5,Angling from boat,SALMON,Coho,Not Adipose Marked,Kept,Legal Size,217.78,24652.1,Pieces,1.67,0.09,130.5,8897.86,Pieces,94.33,Yes,0.36,0,0,1,0,0,1,0,0,130.5,0
2015-2016,Central Coast,2015,8,Area 5,Angling from boat,SALMON,Coho,Not Adipose Marked,Released,Unspecified,242.02,56877.4,Pieces,1.52,0.15,158.87,24749.53,Pieces,157.32,Yes,0,0,0,1,0,0,1,0,0,158.87,0
2015-2016,Central Coast,2015,8,Area 6,Angling from boat,SALMON,Coho,Adipose Marked,Kept,Legal Size,26.16,658.31,Pieces,1.67,0.09,15.68,237.04,Pieces,15.4,Yes,0,1,0,0,0,1,1,15.68,0,0,0
2015-2016,Central Coast,2015,8,Area 6,Angling from boat,SALMON,Coho,Not Adipose Marked,Kept,Legal Size,5445.87,2305204.95,Pieces,1.67,0.09,3263.27,856605.97,Pieces,925.53,Yes,0.92,0.10252972,0.125416116,0.09456217,0.677491994,0.227945836,0.19709189,334.582159,409.2666496,308.5818921,2210.839299
2015-2016,Central Coast,2015,8,Area 6,Angling from boat,SALMON,Coho,Not Checked,Kept,Legal Size,1253.14,192217.76,Pieces,1.67,0.09,750.91,70548.12,Pieces,265.61,Yes,0.48,0.312246275,0,0.354917724,0.332836,0.312246275,0.667164,234.4688506,0,266.5112683,249.9298811
2015-2016,Central Coast,2015,8,Area 6,Angling from boat,SALMON,Coho,Adipose Marked,Released,Unspecified,52.32,2633.25,Pieces,1.52,0.15,34.35,1145.93,Pieces,33.85,Yes,0,1,0,0,0,1,1,34.35,0,0,0
2015-2016,Central Coast,2015,8,Area 6,Angling from boat,SALMON,Coho,Not Adipose Marked,Released,Unspecified,2649.88,995552.5,Pieces,1.52,0.15,1739.49,457809.44,Pieces,676.62,Yes,0.81,0.318277214,0.267307792,0.260950956,0.153464038,0.585585006,0.57922817,553.6400304,464.979231,453.921579,266.9491596
2015-2016,Central Coast,2015,8,Area 6,Angling from boat,SALMON,Coho,Not Checked,Released,Unspecified,1153.7,314000.32,Pieces,1.52,0.15,757.33,140768.33,Pieces,375.19,Yes,0.39,0.476796373,0,0.181416419,0.341787208,0.476796373,0.658212792,361.0921975,0,137.3920963,258.8457062
2015-2016,Central Coast,2015,8,Area 7,Angling from boat,SALMON,Coho,Adipose Marked,Kept,Legal Size,536.17,40010.27,Pieces,1.67,0.09,321.28,14646.26,Pieces,121.02,Yes,0.3,0.483964256,0.048795528,0.192095109,0.275145108,0.532759784,0.676059365,155.4880361,15.67702712,61.71631657,88.39862019
2015-2016,Central Coast,2015,8,Area 7,Angling from boat,SALMON,Coho,Not Adipose Marked,Kept,Legal Size,5532.27,1002493.94,Pieces,1.67,0.09,3315.04,389774.74,Pieces,624.32,Yes,0.49,0.376384534,0.094528034,0.273890371,0.255197061,0.470912567,0.650274905,1247.729785,313.3642124,907.9575367,845.9884658
2015-2016,Central Coast,2015,8,Area 7,Angling from boat,SALMON,Coho,Not Checked,Kept,Legal Size,2787.55,382312.15,Pieces,1.67,0.09,1670.35,144844.06,Pieces,380.58,Yes,0.37,0.426344077,0.028156404,0.369427679,0.17607184,0.454500481,0.795771756,712.1438292,47.03104909,617.073523,294.1015987
2015-2016,Central Coast,2015,8,Area 7,Angling from boat,SALMON,Coho,Adipose Marked,Released,Unspecified,910.96,317429.05,Pieces,1.52,0.15,597.99,140189.33,Pieces,374.42,Yes,0.6,0.34175525,0,0.113061855,0.545182895,0.34175525,0.454817105,204.3662222,0,67.60985846,326.0139193
2015-2016,Central Coast,2015,8,Area 7,Angling from boat,SALMON,Coho,Not Adipose Marked,Released,Unspecified,6684.69,3339303.81,Pieces,1.52,0.15,4388.09,1622306.82,Pieces,1273.7,Yes,0.43,0.345242705,0.03103239,0.389555769,0.234169136,0.376275096,0.734798474,1514.956063,136.1729212,1709.405772,1027.555243
2015-2016,Central Coast,2015,8,Area 7,Angling from boat,SALMON,Coho,Not Checked,Released,Unspecified,5286.4,3191006.71,Pieces,1.52,0.15,3470.2,1489717.35,Pieces,1220.54,Yes,0.41,0.551716106,0,0.211104754,0.23717914,0.551716106,0.76282086,1914.565231,0,732.5757164,823.0590531
2015-2016,Central Coast,2015,8,Area 8,Angling from boat,SALMON,Coho,Adipose Marked,Kept,Legal Size,57.82,3285.06,Pieces,1.67,0.09,34.65,1182.8,Pieces,34.39,Yes,1,0,0,0,1,0,0,0,0,0,34.65
2015-2016,Central Coast,2015,8,Area 8,Angling from boat,SALMON,Coho,Not Adipose Marked,Kept,Legal Size,3072.03,967607.86,Pieces,1.67,0.09,1840.82,356626,Pieces,597.18,Yes,0.53,0.10774914,0,0.558291541,0.333959318,0.10774914,0.666040682,198.3467726,0,1027.714235,614.7589923
2015-2016,Central Coast,2015,8,Area 8,Angling from boat,SALMON,Coho,Not Checked,Kept,Legal Size,2534.42,876485.23,Pieces,1.67,0.09,1518.67,320970.93,Pieces,566.54,Yes,0.52,0.030968552,0.100616246,0.688913957,0.179501245,0.131584798,0.719882509,47.03101084,152.8028745,1046.232959,272.6031556
2015-2016,Central Coast,2015,8,Area 8,Angling from boat,SALMON,Coho,Not Adipose Marked,Released,Unspecified,2816.07,1217069.6,Pieces,1.52,0.15,1848.58,556991.38,Pieces,746.32,Yes,0.39,0.037161594,0,0.620088854,0.342749552,0.037161594,0.657250448,68.6961794,0,1146.283854,633.5999671
2015-2016,Central Coast,2015,8,Area 8,Angling from boat,SALMON,Coho,Not Checked,Released,Unspecified,4041.89,8498331.26,Pieces,1.52,0.15,2653.26,3729074.26,Pieces,1931.08,Yes,0.79,0.012945639,0.006268071,0.918105576,0.062680713,0.019213711,0.931051215,34.34814701,16.63082296,2435.9728,166.3082296
2015-2016,Central Coast,2015,8,Area 9,Angling from boat,SALMON,Coho,Adipose Marked,Kept,Legal Size,344.18,63084.4,Pieces,1.67,0.09,206.24,22766.68,Pieces,150.89,Yes,0.22,0.076013297,0,0.923986703,0,0.076013297,1,15.67698233,0,190.5630177,0
2015-2016,Central Coast,2015,8,Area 9,Angling from boat,SALMON,Coho,Not Adipose Marked,Kept,Legal Size,6645.73,2451327.07,Pieces,1.67,0.09,3982.25,923206.91,Pieces,960.84,Yes,0.59,0.115655739,0.023620379,0.544218887,0.316504995,0.139276118,0.659874626,460.5700664,94.06225606,2167.215663,1260.402015
2015-2016,Central Coast,2015,8,Area 9,Angling from boat,SALMON,Coho,Not Checked,Kept,Legal Size,2200.15,327650.84,Pieces,1.67,0.09,1318.37,122363.04,Pieces,349.8,Yes,0.31,0.244027067,0,0.685222164,0.070750769,0.244027067,0.929249231,321.717964,0,903.3763442,93.27569184
2015-2016,Central Coast,2015,8,Area 9,Angling from boat,SALMON,Coho,Adipose Marked,Released,Unspecified,333.95,32624.65,Pieces,1.52,0.15,219.22,14516,Pieces,120.48,Yes,0.53,0,0,0.467571484,0.532428516,0,0.467571484,0,0,102.5010207,116.7189793
2015-2016,Central Coast,2015,8,Area 9,Angling from boat,SALMON,Coho,Not Adipose Marked,Released,Unspecified,6230.88,7064432.64,Pieces,1.52,0.15,4090.19,3203461.13,Pieces,1789.82,Yes,0.78,0.033590715,0,0.620687738,0.345721547,0.033590715,0.654278453,137.3924054,0,2538.730779,1414.066815
2015-2016,Central Coast,2015,8,Area 9,Angling from boat,SALMON,Coho,Not Checked,Released,Unspecified,1826.42,815153.19,Pieces,1.52,0.15,1198.93,364947.8,Pieces,604.11,Yes,0.54,0.471625347,0,0.528374653,0,0.471625347,1,565.4457776,0,633.4842224,0
2015-2016,Central Coast,2015,9,Area 6,Angling from boat,SALMON,Coho,Not Adipose Marked,Kept,Legal Size,1751.99,1016295.04,Pieces,1.67,0.09,1049.82,367904.15,Pieces,606.55,Yes,1,0,0,0,1,0,0,0,0,0,1049.82
2015-2016,Central Coast,2015,9,Area 7,Angling from boat,SALMON,Coho,Not Adipose Marked,Kept,Legal Size,368.84,134566.83,Pieces,1.67,0.09,221.02,48450.5,Pieces,220.11,Yes,1,0,0,0,1,0,0,0,0,0,221.02
2015-2016,Central Coast,2015,9,Area 7,Angling from boat,SALMON,Coho,Not Adipose Marked,Released,Unspecified,184.42,33641.71,Pieces,1.52,0.15,121.06,14636.19,Pieces,120.98,Yes,1,0,0,0,1,0,0,0,0,0,121.06
2015-2016,Central Coast,2015,9,Area 8,Angling from boat,SALMON,Coho,Adipose Marked,Kept,Legal Size,72.63,5201.77,Pieces,1.67,0.09,43.52,1872.9,Pieces,43.28,Yes,1,0,0,0,1,0,0,0,0,0,43.52
2015-2016,Central Coast,2015,9,Area 8,Angling from boat,SALMON,Coho,Not Adipose Marked,Kept,Legal Size,705.1,292801.23,Pieces,1.67,0.09,422.51,105618.41,Pieces,324.99,Yes,1,0,0.279005302,0,0.720994698,0.279005302,0,0,117.8825303,0,304.6274697
2015-2016,Central Coast,2015,9,Area 8,Angling from boat,SALMON,Coho,Not Adipose Marked,Released,Unspecified,388.86,92706.93,Pieces,1.52,0.15,255.27,40569.07,Pieces,201.42,Yes,1,0,0.25295149,0,0.74704851,0.25295149,0,0,64.57092694,0,190.6990731
2015-2016,Central Coast,2015,9,Area 9,Angling from boat,SALMON,Coho,Not Adipose Marked,Kept,Legal Size,345.12,77850.05,Pieces,1.67,0.09,206.8,28069.1,Pieces,167.54,Yes,0.79,1,0,0,0,1,1,206.8,0,0,0
2015-2016,Central Coast,2015,9,Area 9,Angling from boat,SALMON,Coho,Not Checked,Kept,Legal Size,343.71,115389.8,Pieces,1.67,0.09,205.96,41547.29,Pieces,203.83,Yes,0,0,0,1,0,0,1,0,0,205.96,0
2015-2016,Central Coast,2015,9,Area 9,Angling from boat,SALMON,Coho,Not Adipose Marked,Released,Unspecified,136.29,18164.94,Pieces,1.52,0.15,89.46,7903.72,Pieces,88.9,Yes,1,1,0,0,0,1,1,89.46,0,0,0
2015-2016,Central Coast,2015,9,Area 9,Angling from boat,SALMON,Coho,Not Checked,Released,Unspecified,128.89,16226.69,Pieces,1.52,0.15,84.61,7060.46,Pieces,84.03,Yes,0,0,0,1,0,0,1,0,0,84.61,0
2015-2016,Central Coast,2016,3,Area 7,Angling from boat,SALMON,Coho,Not Checked,Kept,Legal Size,355.73,125120.07,Pieces,1.67,0.09,213.16,45049.26,Pieces,212.25,Yes,1,0,0,1,0,0,1,0,0,213.16,0
2016-2017,Central Coast,2016,4,Area 6,Angling from boat,SALMON,Coho,Not Adipose Marked,Kept,Legal Size,33.72,1103.37,Pieces,1.78,0.15,18.97,351.54,Pieces,18.75,Yes,1,0,0,0,1,0,0,0,0,0,18.97
2016-2017,Central Coast,2016,6,Area 6,Angling from boat,SALMON,Coho,Adipose Marked,Kept,Legal Size,20.1,384.01,Pieces,1.78,0.15,11.31,122.36,Pieces,11.06,Yes,0,1,0,0,0,1,1,11.31,0,0,0
2016-2017,Central Coast,2016,6,Area 6,Angling from boat,SALMON,Coho,Not Adipose Marked,Kept,Legal Size,271.01,20258.38,Pieces,1.78,0.15,152.45,6565.25,Pieces,81.03,Yes,0.78,0.05014138,0.272668457,0,0.677190163,0.322809837,0.05014138,7.64405333,41.56830626,0,103.2376404
2016-2017,Central Coast,2016,6,Area 6,Angling from boat,SALMON,Coho,Not Checked,Kept,Legal Size,84.58,2937.51,Pieces,1.78,0.15,47.58,944.6,Pieces,30.73,Yes,0,0.4,0,0,0.6,0.4,0.4,19.032,0,0,28.548
2016-2017,Central Coast,2016,6,Area 6,Angling from boat,SALMON,Coho,Not Adipose Marked,Released,Unspecified,104.12,10528.99,Pieces,1.62,0.18,64.41,4082.88,Pieces,63.9,Yes,1,0,0,0,1,0,0,0,0,0,64.41
2016-2017,Central Coast,2016,6,Area 6,Angling from boat,SALMON,Coho,Not Checked,Released,Unspecified,33.83,1077.03,Pieces,1.62,0.18,20.93,417.82,Pieces,20.44,Yes,0,1,0,0,0,1,1,20.93,0,0,0
2016-2017,Central Coast,2016,6,Area 7,Angling from boat,SALMON,Coho,Not Adipose Marked,Kept,Legal Size,20.1,384.01,Pieces,1.78,0.15,11.31,122.36,Pieces,11.06,Yes,0,1,0,0,0,1,1,11.31,0,0,0
2016-2017,Central Coast,2016,6,Area 7,Angling from boat,SALMON,Coho,Not Checked,Kept,Legal Size,82.54,4332.25,Pieces,1.78,0.15,46.43,1385.22,Pieces,37.22,Yes,1,0,0.227998178,0,0.772001822,0.227998178,0,0,10.58595541,0,35.84404459
2016-2017,Central Coast,2016,6,Area 7,Angling from boat,SALMON,Coho,Adipose Marked,Released,Unspecified,241.6,57645.76,Pieces,1.62,0.18,149.45,22348.71,Pieces,149.49,Yes,0,0,0,0,1,0,0,0,0,0,149.45
2016-2017,Central Coast,2016,6,Area 7,Angling from boat,SALMON,Coho,Not Adipose Marked,Released,Unspecified,161.07,25620.34,Pieces,1.62,0.18,99.63,9932.76,Pieces,99.66,Yes,0,0,0,0,1,0,0,0,0,0,99.63
2016-2017,Central Coast,2016,6,Area 9,Angling from boat,SALMON,Coho,Adipose Marked,Kept,Legal Size,27.18,340.03,Pieces,1.78,0.15,15.29,109.15,Pieces,10.45,Yes,1,1,0,0,0,1,1,15.29,0,0,0
2016-2017,Central Coast,2016,6,Area 9,Angling from boat,SALMON,Coho,Not Adipose Marked,Kept,Legal Size,67.94,1866.99,Pieces,1.78,0.15,38.22,600.51,Pieces,24.51,Yes,1,1,0,0,0,1,1,38.22,0,0,0
2016-2017,Central Coast,2016,6,Area 9,Angling from boat,SALMON,Coho,Not Checked,Kept,Legal Size,67.94,2211.25,Pieces,1.78,0.15,38.22,709.44,Pieces,26.64,Yes,1,0.6,0,0.4,0,0.6,1,22.932,0,15.288,0
2016-2017,Central Coast,2016,6,Area 9,Angling from boat,SALMON,Coho,Not Adipose Marked,Released,Unspecified,13.59,171.07,Pieces,1.62,0.18,8.41,66.38,Pieces,8.15,Yes,1,1,0,0,0,1,1,8.41,0,0,0
2016-2017,Central Coast,2016,7,Area 5,Angling from boat,SALMON,Coho,Not Adipose Marked,Kept,Legal Size,277.25,18783.55,Pieces,1.78,0.15,155.96,6105.77,Pieces,78.14,Yes,0.82,0.217144829,0.130592244,0.052852054,0.599410874,0.347737072,0.269996882,33.86590746,20.36716636,8.242806272,93.48411991
2016-2017,Central Coast,2016,7,Area 5,Angling from boat,SALMON,Coho,Not Checked,Kept,Legal Size,102.57,4991.66,Pieces,1.78,0.15,57.7,1601.7,Pieces,40.02,Yes,0,0.571428571,0,0.428571429,0,0.571428571,1,32.97142857,0,24.72857143,0
2016-2017,Central Coast,2016,7,Area 5,Angling from boat,SALMON,Coho,Not Adipose Marked,Released,Unspecified,257.74,38041.93,Pieces,1.62,0.18,159.44,14887.21,Pieces,122.01,Yes,1,0,0,0,1,0,0,0,0,0,159.44
2016-2017,Central Coast,2016,7,Area 5,Angling from boat,SALMON,Coho,Not Checked,Released,Unspecified,43.96,1800.53,Pieces,1.62,0.18,27.19,698.59,Pieces,26.43,Yes,0,0,0,1,0,0,1,0,0,27.19,0
2016-2017,Central Coast,2016,7,Area 6,Angling from boat,SALMON,Coho,Adipose Marked,Kept,Legal Size,60.02,1240.53,Pieces,1.78,0.15,33.76,400.14,Pieces,20,Yes,0.27,0.488277029,0,0.244138514,0.267584457,0.488277029,0.732415543,16.48423249,0,8.242116246,9.033651262
2016-2017,Central Coast,2016,7,Area 6,Angling from boat,SALMON,Coho,Not Adipose Marked,Kept,Legal Size,2860.43,746028.25,Pieces,1.78,0.15,1609.05,253319.53,Pieces,503.31,Yes,0.87,0.200242449,0.037282514,0.119211824,0.643263213,0.237524964,0.319454273,322.2001133,59.98942951,191.8177847,1035.042672
2016-2017,Central Coast,2016,7,Area 6,Angling from boat,SALMON,Coho,Not Checked,Kept,Legal Size,1306.1,135313.68,Pieces,1.78,0.15,734.71,46414.58,Pieces,215.44,Yes,0.63,0.291443133,0.175824436,0.134627656,0.398104774,0.467267569,0.426070789,214.1261843,129.1799716,98.91228524,292.4915588
2016-2017,Central Coast,2016,7,Area 6,Angling from boat,SALMON,Coho,Adipose Marked,Released,Unspecified,60.83,3639.46,Pieces,1.62,0.18,37.63,1411.06,Pieces,37.56,Yes,1,0,0,0,1,0,0,0,0,0,37.63
2016-2017,Central Coast,2016,7,Area 6,Angling from boat,SALMON,Coho,Not Adipose Marked,Released,Unspecified,3000.69,3201374.21,Pieces,1.62,0.18,1856.21,1269781.35,Pieces,1126.85,Yes,0.95,0.096829096,0,0.114832034,0.78833887,0.096829096,0.21166113,179.735137,0,213.1523691,1463.322494
2016-2017,Central Coast,2016,7,Area 6,Angling from boat,SALMON,Coho,Not Checked,Released,Unspecified,542.15,48492.73,Pieces,1.62,0.18,335.37,20016.94,Pieces,141.48,Yes,0.44,0.781621505,0,0.027760879,0.190617616,0.781621505,0.809382384,262.1324042,0,9.310165953,63.92742989
2016-2017,Central Coast,2016,7,Area 7,Angling from boat,SALMON,Coho,Adipose Marked,Kept,Legal Size,44.36,610.77,Pieces,1.78,0.15,24.95,197.42,Pieces,14.05,Yes,0.34,0.339309335,0,0.330345332,0.330345332,0.339309335,0.669654668,8.465767909,0,8.242116046,8.242116046
2016-2017,Central Coast,2016,7,Area 7,Angling from boat,SALMON,Coho,Not Adipose Marked,Kept,Legal Size,1035.08,80233.45,Pieces,1.78,0.15,582.26,27647.57,Pieces,166.28,Yes,0.41,0.633720403,0,0.028696911,0.337582686,0.633720403,0.662417314,368.9900417,0,16.70906366,196.5608947
2016-2017,Central Coast,2016,7,Area 7,Angling from boat,SALMON,Coho,Not Checked,Kept,Legal Size,498.01,35018.58,Pieces,1.78,0.15,280.14,11603.93,Pieces,107.72,Yes,0.46,0.580236779,0,0.058846512,0.360916709,0.580236779,0.639083291,162.5475312,0,16.48526196,101.1072069
2016-2017,Central Coast,2016,7,Area 7,Angling from boat,SALMON,Coho,Adipose Marked,Released,Unspecified,29.31,800.24,Pieces,1.62,0.18,18.13,310.49,Pieces,17.62,Yes,0,0,0,1,0,0,1,0,0,18.13,0
2016-2017,Central Coast,2016,7,Area 7,Angling from boat,SALMON,Coho,Not Adipose Marked,Released,Unspecified,264.95,24417.23,Pieces,1.62,0.18,163.9,9692.32,Pieces,98.45,Yes,0.17,0.944694566,0,0.055305434,0,0.944694566,1,154.8354393,0,9.064560705,0
2016-2017,Central Coast,2016,7,Area 7,Angling from boat,SALMON,Coho,Not Checked,Released,Unspecified,307.71,53745.54,Pieces,1.62,0.18,190.35,21036.76,Pieces,145.04,Yes,0,0,0,0.857142857,0.142857143,0,0.857142857,0,0,163.1571429,27.19285714
2016-2017,Central Coast,2016,7,Area 8,Angling from boat,SALMON,Coho,Adipose Marked,Kept,Legal Size,44.75,1045.95,Pieces,1.78,0.15,25.18,335.19,Pieces,18.31,Yes,0.67,0,0,1,0,0,1,0,0,25.18,0
2016-2017,Central Coast,2016,7,Area 8,Angling from boat,SALMON,Coho,Not Adipose Marked,Kept,Legal Size,1918.2,834375.79,Pieces,1.78,0.15,1079.03,271780.83,Pieces,521.33,Yes,0.67,0.022916883,0,0.273268479,0.703814638,0.022916883,0.296185362,24.72800464,0,294.8648869,759.4371084
2016-2017,Central Coast,2016,7,Area 8,Angling from boat,SALMON,Coho,Not Checked,Kept,Legal Size,577.18,58349.6,Pieces,1.78,0.15,324.67,19166.07,Pieces,138.44,Yes,0.11,0.522727559,0,0.277785009,0.199487431,0.522727559,0.800512569,169.7139567,0,90.188459,64.76758427
2016-2017,Central Coast,2016,7,Area 8,Angling from boat,SALMON,Coho,Adipose Marked,Released,Unspecified,44.75,1045.95,Pieces,1.62,0.18,27.68,410.19,Pieces,20.25,Yes,0.67,0,0,1,0,0,1,0,0,27.68,0
2016-2017,Central Coast,2016,7,Area 8,Angling from boat,SALMON,Coho,Not Adipose Marked,Released,Unspecified,120.24,4884.65,Pieces,1.62,0.18,74.38,1941,Pieces,44.06,Yes,0.76,0,0,0.37221684,0.62778316,0,0.37221684,0,0,27.68548858,46.69451142
2016-2017,Central Coast,2016,7,Area 9,Angling from boat,SALMON,Coho,Adipose Marked,Kept,Legal Size,164.86,7788.49,Pieces,1.78,0.15,92.74,2521.83,Pieces,50.22,Yes,0.56,0.269051029,0,0.266639255,0.464309717,0.269051029,0.535690283,24.9517924,0,24.72812447,43.06008312
2016-2017,Central Coast,2016,7,Area 9,Angling from boat,SALMON,Coho,Not Adipose Marked,Kept,Legal Size,1079.87,89522.34,Pieces,1.78,0.15,607.45,30786.6,Pieces,175.46,Yes,0.34,0.743283901,0,0.114943881,0.141772219,0.743283901,0.858227781,451.5078054,0,69.8226604,86.11953416
2016-2017,Central Coast,2016,7,Area 9,Angling from boat,SALMON,Coho,Not Checked,Kept,Legal Size,581.83,44964.85,Pieces,1.78,0.15,327.29,14942.09,Pieces,122.24,Yes,0.45,0.517024844,0,0.482975156,0,0.517024844,1,169.2170613,0,158.0729387,0
2016-2017,Central Coast,2016,7,Area 9,Angling from boat,SALMON,Coho,Not Adipose Marked,Released,Unspecified,527.51,169466.87,Pieces,1.62,0.18,326.31,66230.83,Pieces,257.35,Yes,0,1,0,0,0,1,1,326.31,0,0,0
2016-2017,Central Coast,2016,7,Area 9,Angling from boat,SALMON,Coho,Not Checked,Released,Unspecified,43.96,1800.53,Pieces,1.62,0.18,27.19,698.59,Pieces,26.43,Yes,0,1,0,0,0,1,1,27.19,0,0,0
2016-2017,Central Coast,2016,8,Area 5,Angling from boat,SALMON,Coho,Not Adipose Marked,Kept,Legal Size,264.36,15868.36,Pieces,1.78,0.15,148.71,5168.61,Pieces,71.89,Yes,0.42,0.40894568,0,0,0.59105432,0.40894568,0.40894568,60.81431207,0,0,87.89568793
2016-2017,Central Coast,2016,8,Area 5,Angling from boat,SALMON,Coho,Not Adipose Marked,Released,Unspecified,32.06,963.85,Pieces,1.62,0.18,19.83,373.93,Pieces,19.34,Yes,1,0,0,0,1,0,0,0,0,0,19.83
2016-2017,Central Coast,2016,8,Area 6,Angling from boat,SALMON,Coho,Adipose Marked,Kept,Legal Size,19.02,342.91,Pieces,1.78,0.15,10.7,109.27,Pieces,10.45,Yes,0,1,0,0,0,1,1,10.7,0,0,0
2016-2017,Central Coast,2016,8,Area 6,Angling from boat,SALMON,Coho,Not Adipose Marked,Kept,Legal Size,2702.8,389535.95,Pieces,1.78,0.15,1520.38,138665.36,Pieces,372.38,Yes,0.82,0.249436091,0.051482108,0.102232243,0.596849558,0.300918199,0.351668334,379.2376442,78.27236677,155.4318581,907.4381309
2016-2017,Central Coast,2016,8,Area 6,Angling from boat,SALMON,Coho,Not Checked,Kept,Legal Size,813.85,423871.14,Pieces,1.78,0.15,457.81,135522.4,Pieces,368.13,Yes,0.98,0.023376132,0.196978411,0,0.779645456,0.220354544,0.023376132,10.70182712,90.17868649,0,356.9294864
2016-2017,Central Coast,2016,8,Area 6,Angling from boat,SALMON,Coho,Adipose Marked,Released,Unspecified,43.39,1796.02,Pieces,1.62,0.18,26.84,696.62,Pieces,26.39,Yes,0,1,0,0,0,1,1,26.84,0,0,0
2016-2017,Central Coast,2016,8,Area 6,Angling from boat,SALMON,Coho,Not Adipose Marked,Released,Unspecified,453.44,29125.05,Pieces,1.62,0.18,280.5,12166.8,Pieces,110.3,Yes,0.62,0.335645364,0.233781766,0.218449805,0.212123064,0.569427131,0.55409517,94.14852472,65.57578547,61.27517043,59.50051937
2016-2017,Central Coast,2016,8,Area 6,Angling from boat,SALMON,Coho,Not Checked,Released,Unspecified,19.02,342.91,Pieces,1.62,0.18,11.77,133.02,Pieces,11.53,Yes,0,1,0,0,0,1,1,11.77,0,0,0
2016-2017,Central Coast,2016,8,Area 7,Angling from boat,SALMON,Coho,Adipose Marked,Kept,Legal Size,366.9,29786.43,Pieces,1.78,0.15,206.39,9709.19,Pieces,98.54,Yes,0.14,0.110985771,0.051852776,0.300023112,0.53713834,0.162838548,0.411008883,22.90635333,10.70189452,61.92177007,110.8599821
2016-2017,Central Coast,2016,8,Area 7,Angling from boat,SALMON,Coho,Not Adipose Marked,Kept,Legal Size,3697.81,372695.38,Pieces,1.78,0.15,2080.1,146766.2,Pieces,383.1,Yes,0.57,0.329738761,0.050116626,0.280390521,0.339754092,0.379855387,0.610129282,685.8895967,104.2475941,583.240323,706.7224862
2016-2017,Central Coast,2016,8,Area 7,Angling from boat,SALMON,Coho,Not Checked,Kept,Legal Size,1124.57,89379.18,Pieces,1.78,0.15,632.6,30949.1,Pieces,175.92,Yes,0.32,0.299952791,0.080966454,0.401455707,0.217625048,0.380919245,0.701408498,189.7501355,51.21937899,253.9608801,137.6696053
2016-2017,Central Coast,2016,8,Area 7,Angling from boat,SALMON,Coho,Adipose Marked,Released,Unspecified,21.7,449.01,Pieces,1.62,0.18,13.42,174.16,Pieces,13.2,Yes,0,1,0,0,0,1,1,13.42,0,0,0
2016-2017,Central Coast,2016,8,Area 7,Angling from boat,SALMON,Coho,Not Adipose Marked,Released,Unspecified,3122.11,1376670.89,Pieces,1.62,0.18,1931.32,575238.53,Pieces,758.44,Yes,0.65,0.209726482,0.012187002,0.447687943,0.330398573,0.221913484,0.657414425,405.0489501,23.53699993,864.6286775,638.1053725
2016-2017,Central Coast,2016,8,Area 7,Angling from boat,SALMON,Coho,Not Checked,Released,Unspecified,394.27,49570.84,Pieces,1.62,0.18,243.89,19741.25,Pieces,140.5,Yes,0.08,0.241262098,0,0.563843764,0.194894139,0.241262098,0.805105861,58.84141299,0,137.5158555,47.53273149
2016-2017,Central Coast,2016,8,Area 8,Angling from boat,SALMON,Coho,Adipose Marked,Kept,Legal Size,125.03,11368.39,Pieces,1.78,0.15,70.33,3630.27,Pieces,60.25,Yes,0.85,0.847841951,0,0.152158049,0,0.847841951,1,59.62872439,0,10.70127561,0
2016-2017,Central Coast,2016,8,Area 8,Angling from boat,SALMON,Coho,Not Adipose Marked,Kept,Legal Size,2957.99,894027.71,Pieces,1.78,0.15,1663.93,301348.11,Pieces,548.95,Yes,0.75,0.097179979,0.012444186,0.550607172,0.339768663,0.109624166,0.647787151,161.700683,20.70625507,916.1717913,565.3512707
2016-2017,Central Coast,2016,8,Area 8,Angling from boat,SALMON,Coho,Not Checked,Kept,Legal Size,307.24,20669.4,Pieces,1.78,0.15,172.83,6739.48,Pieces,82.09,Yes,0.81,0,0,0.654964347,0.345035653,0,0.654964347,0,0,113.1974881,59.63251185
2016-2017,Central Coast,2016,8,Area 8,Angling from boat,SALMON,Coho,Adipose Marked,Released,Unspecified,212.01,44101.94,Pieces,1.62,0.18,131.15,17099.36,Pieces,130.76,Yes,1,1,0,0,0,1,1,131.15,0,0,0
2016-2017,Central Coast,2016,8,Area 8,Angling from boat,SALMON,Coho,Not Adipose Marked,Released,Unspecified,897.4,145542.44,Pieces,1.62,0.18,555.13,59695.37,Pieces,244.33,Yes,0.75,0.123834398,0,0.758038633,0.118126969,0.123834398,0.881873031,68.74418937,0,420.8099866,65.57582406
2016-2017,Central Coast,2016,8,Area 8,Angling from boat,SALMON,Coho,Not Checked,Released,Unspecified,83.15,4198.3,Pieces,1.62,0.18,51.44,1640.88,Pieces,40.51,Yes,0.77,0,0,1,0,0,1,0,0,51.44,0
2016-2017,Central Coast,2016,8,Area 9,Angling from boat,SALMON,Coho,Adipose Marked,Kept,Legal Size,744.62,122704.78,Pieces,1.78,0.15,418.87,39996.72,Pieces,199.99,Yes,0.53,0.200340742,0,0.390390108,0.40926915,0.200340742,0.59073085,83.91672667,0,163.5227045,171.4305688
2016-2017,Central Coast,2016,8,Area 9,Angling from boat,SALMON,Coho,Not Adipose Marked,Kept,Legal Size,7931.43,3199926.02,Pieces,1.78,0.15,4461.6,1145207.48,Pieces,1070.14,Yes,0.67,0.2416727,0,0.661359856,0.096967444,0.2416727,0.903032556,1078.246918,0,2950.723136,432.6299463
2016-2017,Central Coast,2016,8,Area 9,Angling from boat,SALMON,Coho,Not Checked,Kept,Legal Size,608.79,78198.61,Pieces,1.78,0.15,342.46,25525.95,Pieces,159.77,Yes,0,0.71875,0,0.28125,0,0.71875,1,246.143125,0,96.316875,0
2016-2017,Central Coast,2016,8,Area 9,Angling from boat,SALMON,Coho,Adipose Marked,Released,Unspecified,320.73,48089.23,Pieces,1.62,0.18,198.4,18912.99,Pieces,137.52,Yes,0.24,0,0,1,0,0,1,0,0,198.4,0
2016-2017,Central Coast,2016,8,Area 9,Angling from boat,SALMON,Coho,Not Adipose Marked,Released,Unspecified,4126.62,5267748.03,Pieces,1.62,0.18,2552.7,2100378.78,Pieces,1449.27,Yes,0.78,0.092880315,0,0.872906404,0.034213281,0.092880315,0.965786719,237.0955794,0,2228.268178,87.33624293
2016-2017,Central Coast,2016,8,Area 9,Angling from boat,SALMON,Coho,Not Checked,Released,Unspecified,184.39,23392.41,Pieces,1.62,0.18,114.06,9120.26,Pieces,95.5,Yes,1,0,0,1,0,0,1,0,0,114.06,0
2016-2017,Central Coast,2016,9,Area 5,Angling from boat,SALMON,Coho,Not Adipose Marked,Kept,Legal Size,200.79,31938.23,Pieces,1.78,0.15,112.95,10191.24,Pieces,100.95,Yes,1,0.108828566,0,0,0.891171434,0.108828566,0.108828566,12.29218657,0,0,100.6578134
2016-2017,Central Coast,2016,9,Area 5,Angling from boat,SALMON,Coho,Not Adipose Marked,Released,Unspecified,178.94,31482.58,Pieces,1.62,0.18,110.69,12206.2,Pieces,110.48,Yes,1,0,0,0,1,0,0,0,0,0,110.69
2016-2017,Central Coast,2016,9,Area 6,Angling from boat,SALMON,Coho,Adipose Marked,Kept,Legal Size,84.33,3391.75,Pieces,1.78,0.15,47.44,1088.25,Pieces,32.99,Yes,1,0,0,0,1,0,0,0,0,0,47.44
2016-2017,Central Coast,2016,9,Area 6,Angling from boat,SALMON,Coho,Not Adipose Marked,Kept,Legal Size,767.52,196092.68,Pieces,1.78,0.15,431.74,63291.88,Pieces,251.58,Yes,1,0,0,0,1,0,0,0,0,0,431.74
2016-2017,Central Coast,2016,9,Area 6,Angling from boat,SALMON,Coho,Not Adipose Marked,Released,Unspecified,161.21,13305.19,Pieces,1.62,0.18,99.72,5220.5,Pieces,72.25,Yes,1,0,0,0,1,0,0,0,0,0,99.72
2016-2017,Central Coast,2016,9,Area 7,Angling from boat,SALMON,Coho,Not Adipose Marked,Kept,Legal Size,115.14,9019.88,Pieces,1.78,0.15,64.77,2882.12,Pieces,53.69,Yes,0,0.333333333,0,0.5,0.166666667,0.333333333,0.833333333,21.59,0,32.385,10.795
2016-2017,Central Coast,2016,9,Area 9,Angling from boat,SALMON,Coho,Not Adipose Marked,Kept,Legal Size,79.93,2265.87,Pieces,1.78,0.15,44.96,730.46,Pieces,27.03,Yes,0.77,0.494936362,0,0.505063638,0,0.494936362,1,22.25233885,0,22.70766115,0
2016-2017,Central Coast,2016,9,Area 9,Angling from boat,SALMON,Coho,Not Adipose Marked,Released,Unspecified,39.56,1485.85,Pieces,1.62,0.18,24.47,576.35,Pieces,24.01,Yes,1,1,0,0,0,1,1,24.47,0,0,0
2017-2018,Central Coast,2017,6,Area 5,Angling from boat,SALMON,Coho,Adipose Marked,Kept,Legal Size,20.75,409.81,Pieces,1.78,0.16,11.67,130.84,Pieces,11.44,Yes,1,0,1,0,0,1,0,0,11.67,0,0
2017-2018,Central Coast,2017,6,Area 6,Angling from boat,SALMON,Coho,Adipose Marked,Kept,Legal Size,110.03,5441.75,Pieces,1.78,0.16,61.9,1754.45,Pieces,41.89,Yes,0.77,0.772786311,0,0.227213689,0,0.772786311,1,47.83547265,0,14.06452735,0
2017-2018,Central Coast,2017,6,Area 6,Angling from boat,SALMON,Coho,Not Adipose Marked,Kept,Legal Size,734.42,136575.11,Pieces,1.78,0.16,413.14,44662.99,Pieces,211.34,Yes,0.86,0.092062807,0,0.274255805,0.633681388,0.092062807,0.366318612,38.03482815,0,113.3060434,261.7991285
2017-2018,Central Coast,2017,6,Area 6,Angling from boat,SALMON,Coho,Not Checked,Kept,Legal Size,75,5400,Pieces,1.78,0.16,42.19,1723.89,Pieces,41.52,Yes,0,0,1,0,0,1,0,0,42.19,0,0
2017-2018,Central Coast,2017,6,Area 6,Angling from boat,SALMON,Coho,Not Adipose Marked,Released,Unspecified,346.99,48689.49,Pieces,1.4,0.18,248.17,25897,Pieces,160.93,Yes,0.78,0.097428029,0,0.313573227,0.588998744,0.097428029,0.411001256,24.17871397,0,77.81946778,146.1718182
2017-2018,Central Coast,2017,6,Area 7,Angling from boat,SALMON,Coho,Adipose Marked,Kept,Legal Size,46.57,2122.33,Pieces,1.78,0.16,26.2,677.42,Pieces,26.03,Yes,1,1,0,0,0,1,1,26.2,0,0,0
2017-2018,Central Coast,2017,6,Area 7,Angling from boat,SALMON,Coho,Not Adipose Marked,Kept,Legal Size,489.94,123823.92,Pieces,1.78,0.16,275.61,39826.74,Pieces,199.57,Yes,0.95,0.069000885,0,0,0.930999115,0.069000885,0.069000885,19.01733405,0,0,256.5926659
2017-2018,Central Coast,2017,6,Area 7,Angling from boat,SALMON,Coho,Not Checked,Kept,Legal Size,46.57,2122.33,Pieces,1.78,0.16,26.2,677.42,Pieces,26.03,Yes,1,1,0,0,0,1,1,26.2,0,0,0
2017-2018,Central Coast,2017,6,Area 7,Angling from boat,SALMON,Coho,Adipose Marked,Released,Unspecified,33.81,1075.26,Pieces,1.4,0.18,24.18,559.43,Pieces,23.65,Yes,1,1,0,0,0,1,1,24.18,0,0,0
2017-2018,Central Coast,2017,6,Area 7,Angling from boat,SALMON,Coho,Not Adipose Marked,Released,Unspecified,68.13,4572.94,Pieces,1.4,0.18,48.72,2377.38,Pieces,48.76,Yes,1,0,0,0,1,0,0,0,0,0,48.72
2017-2018,Central Coast,2017,6,Area 8,Angling from boat,SALMON,Coho,Adipose Marked,Kept,Legal Size,67.61,4301.05,Pieces,1.78,0.16,38.03,1373.31,Pieces,37.06,Yes,1,0,0,1,0,0,1,0,0,38.03,0
2017-2018,Central Coast,2017,6,Area 8,Angling from boat,SALMON,Coho,Not Adipose Marked,Kept,Legal Size,100,9600,Pieces,1.78,0.16,56.25,3064.7,Pieces,55.36,Yes,0,0,0,1,0,0,1,0,0,56.25,0
2017-2018,Central Coast,2017,6,Area 9,Angling from boat,SALMON,Coho,Adipose Marked,Kept,Legal Size,80.38,3197.59,Pieces,1.78,0.16,45.22,1029.17,Pieces,32.08,Yes,1,1,0,0,0,1,1,45.22,0,0,0
2017-2018,Central Coast,2017,6,Area 9,Angling from boat,SALMON,Coho,Not Adipose Marked,Kept,Legal Size,16.9,268.82,Pieces,1.78,0.16,9.51,85.83,Pieces,9.26,Yes,1,1,0,0,0,1,1,9.51,0,0,0
2017-2018,Central Coast,2017,6,Area 9,Angling from boat,SALMON,Coho,Not Checked,Kept,Legal Size,51.73,2572.73,Pieces,1.78,0.16,29.1,821.31,Pieces,28.66,Yes,0,0.5,0,0.5,0,0.5,1,14.55,0,14.55,0
2017-2018,Central Coast,2017,6,Area 9,Angling from boat,SALMON,Coho,Not Adipose Marked,Released,Unspecified,16.9,268.82,Pieces,1.4,0.18,12.09,139.86,Pieces,11.83,Yes,1,1,0,0,0,1,1,12.09,0,0,0
2017-2018,Central Coast,2017,7,Area 5,Angling from boat,SALMON,Coho,Adipose Marked,Kept,Legal Size,43.32,1789.78,Pieces,1.78,0.16,24.37,571.4,Pieces,23.9,Yes,0,1,0,0,0,1,1,24.37,0,0,0
2017-2018,Central Coast,2017,7,Area 5,Angling from boat,SALMON,Coho,Not Adipose Marked,Kept,Legal Size,509.29,70653.39,Pieces,1.78,0.16,286.5,23052.58,Pieces,151.83,Yes,0.45,0.085054409,0.298081677,0.446755097,0.170108818,0.383136086,0.531809506,24.36808813,85.40040038,127.9953352,48.73617625
2017-2018,Central Coast,2017,7,Area 5,Angling from boat,SALMON,Coho,Not Adipose Marked,Released,Unspecified,246.69,42601.32,Pieces,1.4,0.18,176.44,22292.62,Pieces,149.31,Yes,0,0,1,0,0,1,0,0,176.44,0,0
2017-2018,Central Coast,2017,7,Area 6,Angling from boat,SALMON,Coho,Adipose Marked,Kept,Legal Size,382.01,48707.34,Pieces,1.78,0.16,214.9,15804.09,Pieces,125.71,Yes,0,0.850975046,0,0.149024954,0,0.850975046,1,182.8745374,0,32.02546264,0
2017-2018,Central Coast,2017,7,Area 6,Angling from boat,SALMON,Coho,Not Adipose Marked,Kept,Legal Size,3361.6,483289.39,Pieces,1.78,0.16,1891.04,183181.59,Pieces,428,Yes,0.73,0.318545452,0.007445875,0.107255818,0.566752855,0.325991327,0.42580127,602.3821921,14.08044719,202.8250412,1071.752319
2017-2018,Central Coast,2017,7,Area 6,Angling from boat,SALMON,Coho,Not Checked,Kept,Legal Size,1731.33,501065.01,Pieces,1.78,0.16,973.94,166585.28,Pieces,408.15,Yes,0.7,0.632343275,0.021089743,0.065763525,0.280803456,0.653433019,0.698106801,615.8644096,20.54014458,64.04972774,273.4857181
2017-2018,Central Coast,2017,7,Area 6,Angling from boat,SALMON,Coho,Adipose Marked,Released,Unspecified,151.81,10887.32,Pieces,1.4,0.18,108.58,5758.85,Pieces,75.89,Yes,0,0.5,0,0.5,0,0.5,1,54.29,0,54.29,0
2017-2018,Central Coast,2017,7,Area 6,Angling from boat,SALMON,Coho,Not Adipose Marked,Released,Unspecified,2717.2,689795.95,Pieces,1.4,0.18,1943.37,413621.99,Pieces,643.13,Yes,0.23,0.469601257,0.018423441,0.279352311,0.232622991,0.488024698,0.748953568,912.6089945,35.80356263,542.8849008,452.0725421
2017-2018,Central Coast,2017,7,Area 6,Angling from boat,SALMON,Coho,Not Checked,Released,Unspecified,1842.72,717799.93,Pieces,1.4,0.18,1317.93,395123.8,Pieces,628.59,Yes,0.5,0.770158142,0,0.216258641,0.013583217,0.770158142,0.986416783,1015.01452,0,285.0137505,17.90172966
2017-2018,Central Coast,2017,7,Area 7,Angling from boat,SALMON,Coho,Adipose Marked,Kept,Legal Size,37.95,680.46,Pieces,1.78,0.16,21.35,219.19,Pieces,14.8,Yes,0,0.5,0,0.5,0,0.5,1,10.675,0,10.675,0
2017-2018,Central Coast,2017,7,Area 7,Angling from boat,SALMON,Coho,Not Adipose Marked,Kept,Legal Size,2855.99,526811.71,Pieces,1.78,0.16,1606.61,188540.76,Pieces,434.21,Yes,0.74,0.257918621,0.03505617,0.275848918,0.431176291,0.292974792,0.533767539,414.3746362,56.32159363,443.1816295,692.7321406
2017-2018,Central Coast,2017,7,Area 7,Angling from boat,SALMON,Coho,Not Checked,Kept,Legal Size,399.27,22818.09,Pieces,1.78,0.16,224.61,7647.49,Pieces,87.45,Yes,0.14,0.382146927,0,0.617853073,0,0.382146927,1,85.83402121,0,138.7759788,0
2017-2018,Central Coast,2017,7,Area 7,Angling from boat,SALMON,Coho,Not Adipose Marked,Released,Unspecified,1760.8,709230.11,Pieces,1.4,0.18,1259.34,388310.24,Pieces,623.15,Yes,0.85,0.2111048,0,0.269134841,0.519760359,0.2111048,0.480239641,265.8527189,0,338.9322704,654.5550107
2017-2018,Central Coast,2017,7,Area 7,Angling from boat,SALMON,Coho,Not Checked,Released,Unspecified,417.48,150740.23,Pieces,1.4,0.18,298.59,78542.17,Pieces,280.25,Yes,0,0.045454545,0,0.954545455,0,0.045454545,1,13.57227273,0,285.0177273,0
2017-2018,Central Coast,2017,7,Area 8,Angling from boat,SALMON,Coho,Adipose Marked,Kept,Legal Size,86.64,7159.13,Pieces,1.78,0.16,48.74,2285.61,Pieces,47.81,Yes,0,0,0,1,0,0,1,0,0,48.74,0
2017-2018,Central Coast,2017,7,Area 8,Angling from boat,SALMON,Coho,Not Adipose Marked,Kept,Legal Size,2417.75,423166.54,Pieces,1.78,0.16,1360.08,149556.45,Pieces,386.73,Yes,0.41,0.06159953,0,0.714882458,0.223518012,0.06159953,0.776481988,83.78028924,0,972.2973335,304.0023772
2017-2018,Central Coast,2017,7,Area 8,Angling from boat,SALMON,Coho,Not Checked,Kept,Legal Size,1279.08,411769.97,Pieces,1.78,0.16,719.53,134683.95,Pieces,366.99,Yes,0.14,0.199877058,0,0.700209957,0.099912984,0.199877058,0.900087016,143.8175398,0,503.8220704,71.89038973
2017-2018,Central Coast,2017,7,Area 8,Angling from boat,SALMON,Coho,Adipose Marked,Released,Unspecified,43.32,1789.78,Pieces,1.4,0.18,30.98,930.97,Pieces,30.51,Yes,0,0,0,1,0,0,1,0,0,30.98,0
2017-2018,Central Coast,2017,7,Area 8,Angling from boat,SALMON,Coho,Not Adipose Marked,Released,Unspecified,1097.88,266813.41,Pieces,1.4,0.18,785.22,146403.59,Pieces,382.63,Yes,0.25,0,0,1,0,0,1,0,0,785.22,0
2017-2018,Central Coast,2017,7,Area 8,Angling from boat,SALMON,Coho,Not Checked,Released,Unspecified,1224.28,679591.67,Pieces,1.4,0.18,875.62,359966.36,Pieces,599.97,Yes,0.08,0.057911709,0,0.942088291,0,0.057911709,1,50.70865033,0,824.9113497,0
2017-2018,Central Coast,2017,7,Area 9,Angling from boat,SALMON,Coho,Adipose Marked,Kept,Legal Size,402.43,39438.29,Pieces,1.78,0.16,226.38,12913.75,Pieces,113.64,Yes,0.09,0.579185958,0,0.420814042,0,0.579185958,1,131.1161171,0,95.26388285,0
2017-2018,Central Coast,2017,7,Area 9,Angling from boat,SALMON,Coho,Not Adipose Marked,Kept,Legal Size,2176.2,341536.45,Pieces,1.78,0.16,1224.2,120754.62,Pieces,347.5,Yes,0.57,0.259582834,0,0.52607043,0.214346736,0.259582834,0.785653264,317.7813053,0,644.0154206,262.4032741
2017-2018,Central Coast,2017,7,Area 9,Angling from boat,SALMON,Coho,Not Checked,Kept,Legal Size,1207.45,182682.5,Pieces,1.78,0.16,679.24,61712.19,Pieces,248.42,Yes,0.15,0.285639519,0,0.698644468,0.015716013,0.285639519,0.984283987,194.0177868,0,474.5472685,10.67494465
2017-2018,Central Coast,2017,7,Area 9,Angling from boat,SALMON,Coho,Adipose Marked,Released,Unspecified,297.86,41995.18,Pieces,1.4,0.18,213.04,22211.93,Pieces,149.04,Yes,0.49,0.191124509,0,0.808875491,0,0.191124509,1,40.71716539,0,172.3228346,0
2017-2018,Central Coast,2017,7,Area 9,Angling from boat,SALMON,Coho,Not Adipose Marked,Released,Unspecified,2054.15,1193781.28,Pieces,1.4,0.18,1469.15,645382.46,Pieces,803.36,Yes,0.73,0.204954766,0,0.767330988,0.027714246,0.204954766,0.972285754,301.1092944,0,1127.324321,40.71638455
2017-2018,Central Coast,2017,7,Area 9,Angling from boat,SALMON,Coho,Not Checked,Released,Unspecified,815.32,206449.01,Pieces,1.4,0.18,583.12,111075.72,Pieces,333.28,Yes,0.12,0.116374485,0,0.860350618,0.023274897,0.116374485,0.976725103,67.86028947,0,501.6876526,13.57205789
2017-2018,Central Coast,2017,8,Area 5,Angling from boat,SALMON,Coho,Not Adipose Marked,Kept,Legal Size,143.84,10845.84,Pieces,1.78,0.16,80.92,3487.56,Pieces,59.06,Yes,1,0,0,0.365400603,0.634599397,0,0.365400603,0,0,29.56821677,51.35178323
2017-2018,Central Coast,2017,8,Area 5,Angling from boat,SALMON,Coho,Not Adipose Marked,Released,Unspecified,175.2,28942.55,Pieces,1.4,0.18,125.3,15057.52,Pieces,122.71,Yes,1,0,0,1,0,0,1,0,0,125.3,0
2017-2018,Central Coast,2017,8,Area 6,Angling from boat,SALMON,Coho,Adipose Marked,Kept,Legal Size,292.45,37357.42,Pieces,1.78,0.16,164.52,12050.73,Pieces,109.78,Yes,0.86,0.059906193,0.17971858,0.136132674,0.624242552,0.239624773,0.196038868,9.855766918,29.56730075,22.39654761,102.7003847
2017-2018,Central Coast,2017,8,Area 6,Angling from boat,SALMON,Coho,Not Adipose Marked,Kept,Legal Size,13125.54,13749117.48,Pieces,1.78,0.16,7383.65,4812014.77,Pieces,2193.63,Yes,0.94,0.088850363,0.013247358,0.118789119,0.77911316,0.102097721,0.207639482,656.0399835,97.8138534,877.0972814,5752.698882
2017-2018,Central Coast,2017,8,Area 6,Angling from boat,SALMON,Coho,Not Checked,Kept,Legal Size,865.58,91008.02,Pieces,1.78,0.16,486.92,30804.83,Pieces,175.51,Yes,0.43,0.183982436,0,0.654091893,0.161925672,0.183982436,0.838074328,89.5847277,0,318.4904243,78.84484798
2017-2018,Central Coast,2017,8,Area 6,Angling from boat,SALMON,Coho,Adipose Marked,Released,Unspecified,365.13,131856.13,Pieces,1.4,0.18,261.14,68545.2,Pieces,261.81,Yes,1,0,0,0,1,0,0,0,0,0,261.14
2017-2018,Central Coast,2017,8,Area 6,Angling from boat,SALMON,Coho,Not Adipose Marked,Released,Unspecified,4964.33,6640913.46,Pieces,1.4,0.18,3550.54,3599857.79,Pieces,1897.33,Yes,0.95,0.098652062,0.034759739,0.259802342,0.606785857,0.133411802,0.358454404,350.2680938,123.4158441,922.4386057,2154.417456
2017-2018,Central Coast,2017,8,Area 6,Angling from boat,SALMON,Coho,Not Checked,Released,Unspecified,660.17,236186.65,Pieces,1.4,0.18,472.16,124402.99,Pieces,352.71,Yes,0.85,0.743078552,0,0.256921448,0,0.743078552,1,350.8519691,0,121.3080309,0
2017-2018,Central Coast,2017,8,Area 7,Angling from boat,SALMON,Coho,Adipose Marked,Kept,Legal Size,607.03,148309.4,Pieces,1.78,0.16,341.48,47918.97,Pieces,218.9,Yes,0.69,0,0,0.332920788,0.667079212,0,0.332920788,0,0,113.6857908,227.7942092
2017-2018,Central Coast,2017,8,Area 7,Angling from boat,SALMON,Coho,Not Adipose Marked,Kept,Legal Size,5156.68,1318214.77,Pieces,1.78,0.16,2900.84,488319.47,Pieces,698.8,Yes,0.69,0.289810469,0.066908757,0.187344749,0.455936026,0.356719226,0.477155217,840.6938004,194.0915989,543.4571403,1322.59746
2017-2018,Central Coast,2017,8,Area 7,Angling from boat,SALMON,Coho,Not Checked,Kept,Legal Size,1972.98,503183.71,Pieces,1.78,0.16,1109.88,169651.53,Pieces,411.89,Yes,0.48,0.68942734,0.053279281,0.224454431,0.032838948,0.742706621,0.913881771,765.1816165,59.13360831,249.1174834,36.44729183
2017-2018,Central Coast,2017,8,Area 7,Angling from boat,SALMON,Coho,Adipose Marked,Released,Unspecified,204.57,11288.6,Pieces,1.4,0.18,146.31,6118.87,Pieces,78.22,Yes,0.34,0,0,0.902689631,0.097310369,0,0.902689631,0,0,132.07252,14.23748003
2017-2018,Central Coast,2017,8,Area 7,Angling from boat,SALMON,Coho,Not Adipose Marked,Released,Unspecified,3638.05,2868506.1,Pieces,1.4,0.18,2601.97,1576260.44,Pieces,1255.49,Yes,0.69,0.344048205,0,0.495785203,0.160166592,0.344048205,0.839833408,895.2031074,0,1290.018225,416.7486674
2017-2018,Central Coast,2017,8,Area 7,Angling from boat,SALMON,Coho,Not Checked,Released,Unspecified,5622.71,8448250.55,Pieces,1.4,0.18,4021.42,4581732.7,Pieces,2140.5,Yes,0.82,0.5846461,0.034274996,0.358032836,0.023046069,0.618921095,0.942678936,2351.107518,137.834153,1439.800408,92.67792179
2017-2018,Central Coast,2017,8,Area 8,Angling from boat,SALMON,Coho,Adipose Marked,Kept,Legal Size,32.4,1017.06,Pieces,1.78,0.16,18.22,324.66,Pieces,18.02,Yes,0,0,0,1,0,0,1,0,0,18.22,0
2017-2018,Central Coast,2017,8,Area 8,Angling from boat,SALMON,Coho,Not Adipose Marked,Kept,Legal Size,2944.95,567767.14,Pieces,1.78,0.16,1656.66,202882.31,Pieces,450.42,Yes,0.47,0.024606803,0,0.69645848,0.278934717,0.024606803,0.721065283,40.76510566,0,1153.794905,462.0999889
2017-2018,Central Coast,2017,8,Area 8,Angling from boat,SALMON,Coho,Not Checked,Kept,Legal Size,1457.77,193232.71,Pieces,1.78,0.16,820.05,66836.34,Pieces,258.53,Yes,0.1,0.07210958,0,0.92789042,0,0.07210958,1,59.13346106,0,760.9165389,0
2017-2018,Central Coast,2017,8,Area 8,Angling from boat,SALMON,Coho,Not Adipose Marked,Released,Unspecified,812.22,166721.29,Pieces,1.4,0.18,580.91,90712.55,Pieces,301.19,Yes,0.48,0,0,0.822904737,0.177095263,0,0.822904737,0,0,478.0335908,102.8764092
2017-2018,Central Coast,2017,8,Area 8,Angling from boat,SALMON,Coho,Not Checked,Released,Unspecified,303.67,20532.38,Pieces,1.4,0.18,217.19,11261.89,Pieces,106.12,Yes,0,0,0,1,0,0,1,0,0,217.19,0
2017-2018,Central Coast,2017,8,Area 9,Angling from boat,SALMON,Coho,Adipose Marked,Kept,Legal Size,343.11,23787.73,Pieces,1.78,0.16,193.02,7842.75,Pieces,88.56,Yes,0.59,0.116033616,0,0.767932768,0.116033616,0.116033616,0.883966384,22.39680859,0,148.2263828,22.39680859
2017-2018,Central Coast,2017,8,Area 9,Angling from boat,SALMON,Coho,Not Adipose Marked,Kept,Legal Size,7938.93,2805786.95,Pieces,1.78,0.16,4465.97,1056578.05,Pieces,1027.9,Yes,0.59,0.339474135,0.054202035,0.554287815,0.052036015,0.39367617,0.89376195,1516.081302,242.0646631,2475.432753,232.3912818
2017-2018,Central Coast,2017,8,Area 9,Angling from boat,SALMON,Coho,Not Checked,Kept,Legal Size,2073.94,432858.55,Pieces,1.78,0.16,1166.68,148490.48,Pieces,385.34,Yes,0.42,0.411243244,0,0.485539237,0.103217519,0.411243244,0.896782481,479.7892682,0,566.4689167,120.4218152
2017-2018,Central Coast,2017,8,Area 9,Angling from boat,SALMON,Coho,Adipose Marked,Released,Unspecified,58.08,3315.76,Pieces,1.4,0.18,41.54,1723.87,Pieces,41.52,Yes,1,0,0,1,0,0,1,0,0,41.54,0
2017-2018,Central Coast,2017,8,Area 9,Angling from boat,SALMON,Coho,Not Adipose Marked,Released,Unspecified,4964.78,2300404.88,Pieces,1.4,0.18,3550.86,1379612.18,Pieces,1174.57,Yes,0.6,0.389077089,0.144452854,0.466470057,0,0.533529943,0.855547146,1381.558273,512.9318603,1656.369867,0
2017-2018,Central Coast,2017,8,Area 9,Angling from boat,SALMON,Coho,Not Checked,Released,Unspecified,811.86,149287.21,Pieces,1.4,0.18,580.65,81789.7,Pieces,285.99,Yes,0.04,0.135148055,0,0.864851945,0,0.135148055,1,78.4737181,0,502.1762819,0
2017-2018,Central Coast,2017,9,Area 6,Angling from boat,SALMON,Coho,Not Adipose Marked,Kept,Legal Size,1276.15,1613253.87,Pieces,1.78,0.16,717.89,514875.63,Pieces,717.55,Yes,1,0,0,0,1,0,0,0,0,0,717.89
2017-2018,Central Coast,2017,9,Area 7,Angling from boat,SALMON,Coho,Adipose Marked,Kept,Legal Size,23.93,548.71,Pieces,1.78,0.16,13.46,175.17,Pieces,13.24,Yes,0,0,0,0,1,0,0,0,0,0,13.46
2017-2018,Central Coast,2017,9,Area 7,Angling from boat,SALMON,Coho,Not Adipose Marked,Kept,Legal Size,23.93,548.71,Pieces,1.78,0.16,13.46,175.17,Pieces,13.24,Yes,0,0,0,0,1,0,0,0,0,0,13.46
2017-2018,Central Coast,2017,9,Area 8,Angling from boat,SALMON,Coho,Not Adipose Marked,Kept,Legal Size,1914.23,3629821.22,Pieces,1.78,0.16,1076.83,1158470.16,Pieces,1076.32,Yes,1,0,0,0,1,0,0,0,0,0,1076.83
2017-2018,Central Coast,2017,9,Area 9,Angling from boat,SALMON,Coho,Adipose Marked,Kept,Legal Size,47.86,2194.83,Pieces,1.78,0.16,26.92,700.69,Pieces,26.47,Yes,0,0,0,1,0,0,1,0,0,26.92,0
2017-2018,Central Coast,2017,9,Area 9,Angling from boat,SALMON,Coho,Not Adipose Marked,Kept,Legal Size,100.25,9649.06,Pieces,1.78,0.16,56.39,3080.36,Pieces,55.5,Yes,1,1,0,0,0,1,1,56.39,0,0,0
2017-2018,Central Coast,2017,9,Area 9,Angling from boat,SALMON,Coho,Not Checked,Kept,Legal Size,183.61,32242.52,Pieces,1.78,0.16,103.29,10293.42,Pieces,101.46,Yes,0,0,0,1,0,0,1,0,0,103.29,0
2017-2018,Central Coast,2017,9,Area 9,Angling from boat,SALMON,Coho,Not Adipose Marked,Released,Unspecified,50.13,2412.27,Pieces,1.4,0.18,35.85,1254.62,Pieces,35.42,Yes,1,1,0,0,0,1,1,35.85,0,0,0
2017-2018,Central Coast,2017,9,Area 9,Angling from boat,SALMON,Coho,Not Checked,Released,Unspecified,367.21,128970.06,Pieces,1.4,0.18,262.63,67081.49,Pieces,259,Yes,0,0,0,1,0,0,1,0,0,262.63,0
2018-2019,Central Coast,2018,6,Area 6,Angling from boat,SALMON,Coho,Adipose Marked,Kept,Legal Size,273.06,25934.85,Pieces,1.68,0.12,162.58,9338.75,Pieces,96.64,Yes,0.82,0.71097337,0,0,0.28902663,0.71097337,0.71097337,115.5900505,0,0,46.98994947
2018-2019,Central Coast,2018,6,Area 6,Angling from boat,SALMON,Coho,Not Adipose Marked,Kept,Legal Size,169.17,10740.69,Pieces,1.68,0.12,100.72,3863.17,Pieces,62.15,Yes,0.7,0.431806088,0.568193912,0,0,1,0.431806088,43.49150916,57.22849084,0,0
2018-2019,Central Coast,2018,6,Area 6,Angling from boat,SALMON,Coho,Not Checked,Kept,Legal Size,69.29,4593.6,Pieces,1.68,0.12,41.26,1637.75,Pieces,40.47,Yes,1,1,0,0,0,1,1,41.26,0,0,0
2018-2019,Central Coast,2018,6,Area 6,Angling from boat,SALMON,Coho,Not Adipose Marked,Released,Unspecified,240.31,38450.84,Pieces,1.76,0.15,136.62,12567.65,Pieces,112.11,Yes,1,0,0.8,0,0.2,0.8,0,0,109.296,0,27.324
2018-2019,Central Coast,2018,6,Area 7,Angling from boat,SALMON,Coho,Adipose Marked,Kept,Legal Size,55.84,1520.25,Pieces,1.68,0.12,33.24,544.98,Pieces,23.34,Yes,0.55,0.447315501,0,0,0.552684499,0.447315501,0.447315501,14.86876725,0,0,18.37123275
2018-2019,Central Coast,2018,6,Area 7,Angling from boat,SALMON,Coho,Not Adipose Marked,Kept,Legal Size,274.96,16910.22,Pieces,1.68,0.12,163.71,6141.55,Pieces,78.37,Yes,0.69,0.825203796,0,0,0.174796204,0.825203796,0.825203796,135.0941134,0,0,28.61588659
2018-2019,Central Coast,2018,6,Area 7,Angling from boat,SALMON,Coho,Not Checked,Kept,Legal Size,34.63,1164.27,Pieces,1.68,0.12,20.62,415.06,Pieces,20.37,Yes,0,1,0,0,0,1,1,20.62,0,0,0
2018-2019,Central Coast,2018,6,Area 7,Angling from boat,SALMON,Coho,Not Adipose Marked,Released,Unspecified,555.47,298543.49,Pieces,1.76,0.15,315.79,97239.54,Pieces,311.83,Yes,1,0,0,0,1,0,0,0,0,0,315.79
2018-2019,Central Coast,2018,6,Area 8,Angling from boat,SALMON,Coho,Adipose Marked,Kept,Legal Size,30.86,921.43,Pieces,1.68,0.12,18.37,328.5,Pieces,18.12,Yes,1,0,0,0,1,0,0,0,0,0,18.37
2018-2019,Central Coast,2018,6,Area 9,Angling from boat,SALMON,Coho,Not Adipose Marked,Kept,Legal Size,48.06,2261.81,Pieces,1.68,0.12,28.62,806.3,Pieces,28.4,Yes,1,0,0,0,1,0,0,0,0,0,28.62
2018-2019,Central Coast,2018,7,Area 5,Angling from boat,SALMON,Coho,Not Adipose Marked,Kept,Legal Size,38.09,1374.84,Pieces,1.68,0.12,22.68,490.2,Pieces,22.14,Yes,1,1,0,0,0,1,1,22.68,0,0,0
2018-2019,Central Coast,2018,7,Area 6,Angling from boat,SALMON,Coho,Adipose Marked,Kept,Legal Size,19.05,343.71,Pieces,1.68,0.12,11.34,122.55,Pieces,11.07,Yes,1,1,0,0,0,1,1,11.34,0,0,0
2018-2019,Central Coast,2018,7,Area 6,Angling from boat,SALMON,Coho,Not Adipose Marked,Kept,Legal Size,2399.55,399163.57,Pieces,1.68,0.12,1428.69,152691.8,Pieces,390.76,Yes,0.78,0.209901282,0.053057922,0.222219134,0.514821662,0.262959205,0.432120416,299.8838633,75.80332299,317.482254,735.5205597
2018-2019,Central Coast,2018,7,Area 6,Angling from boat,SALMON,Coho,Not Checked,Kept,Legal Size,159.96,8264.69,Pieces,1.68,0.12,95.24,2979.54,Pieces,54.59,Yes,0.65,0,0,0.67338596,0.32661404,0,0.67338596,0,0,64.13327883,31.10672117
2018-2019,Central Coast,2018,7,Area 6,Angling from boat,SALMON,Coho,Not Adipose Marked,Released,Unspecified,93.56,2987.77,Pieces,1.76,0.15,53.19,986.9,Pieces,31.42,Yes,0.41,0.592859456,0,0.407140544,0,0.592859456,1,31.53419449,0,21.65580551,0
2018-2019,Central Coast,2018,7,Area 6,Angling from boat,SALMON,Coho,Not Checked,Released,Unspecified,110.94,11641.3,Pieces,1.76,0.15,63.07,3792.39,Pieces,61.58,Yes,0,0,0,1,0,0,1,0,0,63.07,0
2018-2019,Central Coast,2018,7,Area 7,Angling from boat,SALMON,Coho,Adipose Marked,Kept,Legal Size,19.05,343.71,Pieces,1.68,0.12,11.34,122.55,Pieces,11.07,Yes,1,1,0,0,0,1,1,11.34,0,0,0
2018-2019,Central Coast,2018,7,Area 7,Angling from boat,SALMON,Coho,Not Adipose Marked,Kept,Legal Size,1142.64,109233.26,Pieces,1.68,0.12,680.33,41260.19,Pieces,203.13,Yes,0.69,0.759410038,0.032849834,0.078084652,0.129655476,0.792259872,0.83749469,516.6494308,22.34872783,53.1233316,88.20850975
2018-2019,Central Coast,2018,7,Area 7,Angling from boat,SALMON,Coho,Not Checked,Kept,Legal Size,415.79,50958.83,Pieces,1.68,0.12,247.56,18400.76,Pieces,135.65,Yes,0.73,0.363990431,0,0.636009569,0,0.363990431,1,90.10947121,0,157.4505288,0
2018-2019,Central Coast,2018,7,Area 7,Angling from boat,SALMON,Coho,Adipose Marked,Released,Unspecified,228.02,43178.61,Pieces,1.76,0.15,129.63,14081.73,Pieces,118.67,Yes,1,0.083527789,0,0.916472211,0,0.083527789,1,10.82770734,0,118.8022927,0
2018-2019,Central Coast,2018,7,Area 7,Angling from boat,SALMON,Coho,Not Adipose Marked,Released,Unspecified,303.65,32594.54,Pieces,1.76,0.15,172.63,10758.48,Pieces,103.72,Yes,0.94,0.422949664,0,0,0.577050336,0.422949664,0.422949664,73.01380044,0,0,99.61619956
2018-2019,Central Coast,2018,7,Area 7,Angling from boat,SALMON,Coho,Not Checked,Released,Unspecified,76.83,3256.96,Pieces,1.76,0.15,43.68,1066.99,Pieces,32.66,Yes,1,0.319986131,0,0.680013869,0,0.319986131,1,13.97699419,0,29.70300581,0
2018-2019,Central Coast,2018,7,Area 8,Angling from boat,SALMON,Coho,Adipose Marked,Kept,Legal Size,175.22,24418,Pieces,1.68,0.12,104.33,8715.8,Pieces,93.36,Yes,0.89,0,0,1,0,0,1,0,0,104.33,0
2018-2019,Central Coast,2018,7,Area 8,Angling from boat,SALMON,Coho,Not Adipose Marked,Kept,Legal Size,1254.79,119809.85,Pieces,1.68,0.12,747.1,45532.05,Pieces,213.38,Yes,0.49,0.066184459,0.059313838,0.725567595,0.148934108,0.125498297,0.791752054,49.44640947,44.31336828,542.0715499,111.2686724
2018-2019,Central Coast,2018,7,Area 8,Angling from boat,SALMON,Coho,Not Checked,Kept,Legal Size,472.19,37102.16,Pieces,1.68,0.12,281.14,13585.93,Pieces,116.56,Yes,0,0.289155049,0,0.710844951,0,0.289155049,1,81.29305047,0,199.8469495,0
2018-2019,Central Coast,2018,7,Area 8,Angling from boat,SALMON,Coho,Not Adipose Marked,Released,Unspecified,1270.94,289102.44,Pieces,1.76,0.15,722.54,97359.34,Pieces,312.02,Yes,0.29,0.035809723,0.087840277,0.550204971,0.326145028,0.123650001,0.586014694,25.87395762,63.46811404,397.5450996,235.6528287
2018-2019,Central Coast,2018,7,Area 8,Angling from boat,SALMON,Coho,Not Checked,Released,Unspecified,100.98,3593.24,Pieces,1.76,0.15,57.41,1186.1,Pieces,34.44,Yes,0,0,0,1,0,0,1,0,0,57.41,0
2018-2019,Central Coast,2018,7,Area 9,Angling from boat,SALMON,Coho,Adipose Marked,Kept,Legal Size,185.7,10980.11,Pieces,1.68,0.12,110.56,3959.44,Pieces,62.92,Yes,0.41,0.410261158,0,0.490171583,0.099567259,0.410261158,0.900432741,45.35847365,0,54.19337021,11.00815614
2018-2019,Central Coast,2018,7,Area 9,Angling from boat,SALMON,Coho,Not Adipose Marked,Kept,Legal Size,1023.84,81617.38,Pieces,1.68,0.12,609.59,30970.26,Pieces,175.98,Yes,0.48,0.427092535,0,0.572907465,0,0.427092535,1,260.3513385,0,349.2386615,0
2018-2019,Central Coast,2018,7,Area 9,Angling from boat,SALMON,Coho,Not Checked,Kept,Legal Size,700.74,68172.71,Pieces,1.68,0.12,417.22,25121.33,Pieces,158.5,Yes,0.33,0.363927721,0,0.636072279,0,0.363927721,1,151.8379238,0,265.3820762,0
2018-2019,Central Coast,2018,7,Area 9,Angling from boat,SALMON,Coho,Adipose Marked,Released,Unspecified,75.07,2668.32,Pieces,1.76,0.15,42.68,876.09,Pieces,29.6,Yes,0.51,0,0,0.507416002,0.492583998,0,0.507416002,0,0,21.65651496,21.02348504
2018-2019,Central Coast,2018,7,Area 9,Angling from boat,SALMON,Coho,Not Adipose Marked,Released,Unspecified,215.26,16274.03,Pieces,1.76,0.15,122.38,5372.3,Pieces,73.3,Yes,0.53,0.363399062,0,0.636600938,0,0.363399062,1,44.47277721,0,77.90722279,0
2018-2019,Central Coast,2018,7,Area 9,Angling from boat,SALMON,Coho,Not Checked,Released,Unspecified,166.4,9991.14,Pieces,1.76,0.15,94.6,3296.39,Pieces,57.41,Yes,0,0.111111111,0,0.888888889,0,0.111111111,1,10.51111111,0,84.08888889,0
2018-2019,Central Coast,2018,8,Area 5,Angling from boat,SALMON,Coho,Not Adipose Marked,Kept,Legal Size,37.09,1338.52,Pieces,1.68,0.12,22.08,477.17,Pieces,21.84,Yes,1,0,0,0,1,0,0,0,0,0,22.08
2018-2019,Central Coast,2018,8,Area 5,Angling from boat,SALMON,Coho,Not Checked,Kept,Legal Size,351.12,47340.62,Pieces,1.68,0.12,209.06,17021.74,Pieces,130.47,Yes,0.53,0.176942361,0,0.294903935,0.528153705,0.176942361,0.471846295,36.99156995,0,61.65261658,110.4158135
2018-2019,Central Coast,2018,8,Area 5,Angling from boat,SALMON,Coho,Not Checked,Released,Unspecified,82.84,6530.7,Pieces,1.76,0.15,47.09,2127.41,Pieces,46.12,Yes,0,1,0,0,0,1,1,47.09,0,0,0
2018-2019,Central Coast,2018,8,Area 6,Angling from boat,SALMON,Coho,Adipose Marked,Kept,Legal Size,103.62,10529.09,Pieces,1.68,0.12,61.69,3753.41,Pieces,61.27,Yes,1,0,0,0,1,0,0,0,0,0,61.69
2018-2019,Central Coast,2018,8,Area 6,Angling from boat,SALMON,Coho,Not Adipose Marked,Kept,Legal Size,3484.56,521415.36,Pieces,1.68,0.12,2074.7,208436.35,Pieces,456.55,Yes,0.85,0.190510505,0.017786779,0.142085762,0.649616955,0.208297284,0.332596266,395.2521445,36.90223026,294.7853296,1347.760296
2018-2019,Central Coast,2018,8,Area 6,Angling from boat,SALMON,Coho,Not Checked,Kept,Legal Size,214.39,14175.73,Pieces,1.68,0.12,127.65,5114.59,Pieces,71.52,Yes,0.81,0.193194302,0,0.242622258,0.56418344,0.193194302,0.43581656,24.66125268,0,30.97073119,72.01801613
2018-2019,Central Coast,2018,8,Area 6,Angling from boat,SALMON,Coho,Adipose Marked,Released,Unspecified,34.68,1133.14,Pieces,1.76,0.15,19.71,369.16,Pieces,19.21,Yes,1,0,0,1,0,0,1,0,0,19.71,0
2018-2019,Central Coast,2018,8,Area 6,Angling from boat,SALMON,Coho,Not Adipose Marked,Released,Unspecified,937.11,120644.82,Pieces,1.76,0.15,532.76,41124.18,Pieces,202.79,Yes,0.71,0.23281622,0,0.424514453,0.342669327,0.23281622,0.657330673,124.0351696,0,226.1643199,182.5605105
2018-2019,Central Coast,2018,8,Area 6,Angling from boat,SALMON,Coho,Not Checked,Released,Unspecified,76.1,2765.82,Pieces,1.76,0.15,43.26,907.98,Pieces,30.13,Yes,0.46,0.544297503,0,0.455702497,0,0.544297503,1,23.54630997,0,19.71369003,0
2018-2019,Central Coast,2018,8,Area 7,Angling from boat,SALMON,Coho,Adipose Marked,Kept,Legal Size,561.68,73628.64,Pieces,1.68,0.12,334.43,26714.3,Pieces,163.45,Yes,0.22,0.184350555,0,0.224300961,0.591348485,0.184350555,0.408651515,61.65235607,0,75.01297022,197.7646737
2018-2019,Central Coast,2018,8,Area 7,Angling from boat,SALMON,Coho,Not Adipose Marked,Kept,Legal Size,5621.56,922050.86,Pieces,1.68,0.12,3347.06,388276.45,Pieces,623.12,Yes,0.74,0.296865729,0.036863869,0.229210478,0.437059924,0.333729598,0.526076207,993.6274058,123.3855822,767.1812231,1462.865789
2018-2019,Central Coast,2018,8,Area 7,Angling from boat,SALMON,Coho,Not Checked,Kept,Legal Size,1126.03,100675.89,Pieces,1.68,0.12,670.43,38153.37,Pieces,195.33,Yes,0.36,0.758337575,0,0.19033279,0.051329635,0.758337575,0.948670365,508.4122607,0,127.6048122,34.41292707
2018-2019,Central Coast,2018,8,Area 7,Angling from boat,SALMON,Coho,Adipose Marked,Released,Unspecified,300.32,61408.59,Pieces,1.76,0.15,170.74,20066.45,Pieces,141.66,Yes,0.17,0.827490618,0,0,0.172509382,0.827490618,0.827490618,141.2857481,0,0,29.45425188
2018-2019,Central Coast,2018,8,Area 7,Angling from boat,SALMON,Coho,Not Adipose Marked,Released,Unspecified,6391.66,2940218.44,Pieces,1.76,0.15,3633.73,1049436.14,Pieces,1024.42,Yes,0.78,0.149124977,0.064844691,0.341716577,0.444313755,0.213969668,0.490841554,541.8799034,235.6280989,1241.705776,1614.516222
2018-2019,Central Coast,2018,8,Area 7,Angling from boat,SALMON,Coho,Not Checked,Released,Unspecified,512.45,55942.29,Pieces,1.76,0.15,291.33,18718.11,Pieces,136.81,Yes,0.68,0.546990816,0,0.372183505,0.08082568,0.546990816,0.91917432,159.3548343,0,108.4282204,23.54694525
2018-2019,Central Coast,2018,8,Area 8,Angling from boat,SALMON,Coho,Adipose Marked,Kept,Legal Size,364.54,39968.85,Pieces,1.68,0.12,217.04,14427.12,Pieces,120.11,Yes,0,0,0,0.624909442,0.375090558,0,0.624909442,0,0,135.6303453,81.4096547
2018-2019,Central Coast,2018,8,Area 8,Angling from boat,SALMON,Coho,Not Adipose Marked,Kept,Legal Size,5863.51,1454476.4,Pieces,1.68,0.12,3491.12,582420.31,Pieces,763.16,Yes,0.73,0.005914043,0,0.647871553,0.346214404,0.005914043,0.653785596,20.64663229,0,2261.797338,1208.67603
2018-2019,Central Coast,2018,8,Area 8,Angling from boat,SALMON,Coho,Not Checked,Kept,Legal Size,1238.59,182611.71,Pieces,1.68,0.12,737.46,67716.73,Pieces,260.22,Yes,0.06,0,0,0.81593153,0.18406847,0,0.81593153,0,0,601.7168664,135.7431336
2018-2019,Central Coast,2018,8,Area 8,Angling from boat,SALMON,Coho,Adipose Marked,Released,Unspecified,124.26,14694.08,Pieces,1.76,0.15,70.64,4786.67,Pieces,69.19,Yes,0,0,0,1,0,0,1,0,0,70.64,0
2018-2019,Central Coast,2018,8,Area 8,Angling from boat,SALMON,Coho,Not Adipose Marked,Released,Unspecified,2779.98,1219112.89,Pieces,1.76,0.15,1580.45,412778.51,Pieces,642.48,Yes,0.88,0,0,0.68318573,0.31681427,0,0.68318573,0,0,1079.740887,500.7091129
2018-2019,Central Coast,2018,8,Area 8,Angling from boat,SALMON,Coho,Not Checked,Released,Unspecified,711.79,101831.33,Pieces,1.76,0.15,404.66,34141.93,Pieces,184.78,Yes,0.07,0,0,0.71185039,0.28814961,0,0.71185039,0,0,288.057379,116.602621
2018-2019,Central Coast,2018,8,Area 9,Angling from boat,SALMON,Coho,Adipose Marked,Kept,Legal Size,246.26,14174.51,Pieces,1.68,0.12,146.62,5142.68,Pieces,71.71,Yes,0,0,0,0.699546512,0.300453488,0,0.699546512,0,0,102.5675097,44.05249035
2018-2019,Central Coast,2018,8,Area 9,Angling from boat,SALMON,Coho,Not Adipose Marked,Kept,Legal Size,5620.64,1057946.85,Pieces,1.68,0.12,3346.52,436431.31,Pieces,660.63,Yes,0.56,0.251681961,0,0.5298945,0.218423539,0.251681961,0.781576461,842.258716,0,1773.302542,730.9587418
2018-2019,Central Coast,2018,8,Area 9,Angling from boat,SALMON,Coho,Not Checked,Kept,Legal Size,1042.1,105945.41,Pieces,1.68,0.12,620.46,39667.8,Pieces,199.17,Yes,0.65,0.285331371,0,0.635177624,0.079491005,0.285331371,0.920508995,177.0367023,0,394.1023087,49.320989
2018-2019,Central Coast,2018,8,Area 9,Angling from boat,SALMON,Coho,Adipose Marked,Released,Unspecified,41.42,1632.68,Pieces,1.76,0.15,23.55,531.85,Pieces,23.06,Yes,0,0,0,0,1,0,0,0,0,0,23.55
2018-2019,Central Coast,2018,8,Area 9,Angling from boat,SALMON,Coho,Not Adipose Marked,Released,Unspecified,3731.3,1332116.99,Pieces,1.76,0.15,2121.29,464334.28,Pieces,681.42,Yes,0.56,0.233219074,0,0.345907308,0.420873618,0.233219074,0.579126382,494.7252891,0,733.7697129,892.794998
2018-2019,Central Coast,2018,8,Area 9,Angling from boat,SALMON,Coho,Not Checked,Released,Unspecified,956.06,142806.16,Pieces,1.76,0.15,543.53,48373.88,Pieces,219.94,Yes,0.19,0.364663552,0,0.476950177,0.158386271,0.364663552,0.841613729,198.2055805,0,259.2367295,86.08768997
2018-2019,Central Coast,2018,9,Area 6,Angling from boat,SALMON,Coho,Not Adipose Marked,Kept,Legal Size,276.09,75123.88,Pieces,1.68,0.12,164.39,26779.42,Pieces,163.64,Yes,1,0,0,0,1,0,0,0,0,0,164.39
2018-2019,Central Coast,2018,9,Area 6,Angling from boat,SALMON,Coho,Not Checked,Kept,Legal Size,32.51,1024.23,Pieces,1.68,0.12,19.35,365.14,Pieces,19.11,Yes,0,0,0,0,1,0,0,0,0,0,19.35
2018-2019,Central Coast,2018,9,Area 6,Angling from boat,SALMON,Coho,Not Adipose Marked,Released,Unspecified,69.02,4695.24,Pieces,1.76,0.15,39.24,1529.09,Pieces,39.1,Yes,1,0,0,0,1,0,0,0,0,0,39.24
2018-2019,Central Coast,2018,9,Area 7,Angling from boat,SALMON,Coho,Not Checked,Kept,Legal Size,93.1,4660.17,Pieces,1.68,0.12,55.43,1668.87,Pieces,40.85,Yes,0,0.666666667,0,0.333333333,0,0.666666667,1,36.95333333,0,18.47666667,0
2018-2019,Central Coast,2018,9,Area 7,Angling from boat,SALMON,Coho,Adipose Marked,Released,Unspecified,138.05,18780.97,Pieces,1.76,0.15,78.48,6116.35,Pieces,78.21,Yes,1,0,0,0,1,0,0,0,0,0,78.48
2018-2019,Central Coast,2018,9,Area 7,Angling from boat,SALMON,Coho,Not Adipose Marked,Released,Unspecified,69.02,4695.24,Pieces,1.76,0.15,39.24,1529.09,Pieces,39.1,Yes,1,0,0,0,1,0,0,0,0,0,39.24
2018-2019,Central Coast,2018,9,Area 7,Angling from boat,SALMON,Coho,Not Checked,Released,Unspecified,124.13,14912.55,Pieces,1.76,0.15,70.57,4857.21,Pieces,69.69,Yes,0,1,0,0,0,1,1,70.57,0,0,0
2018-2019,Central Coast,2018,9,Area 8,Angling from boat,SALMON,Coho,Not Adipose Marked,Kept,Legal Size,224.6,22786.7,Pieces,1.68,0.12,133.73,8175.87,Pieces,90.42,Yes,0.88,0,0,0.260461446,0.739538554,0,0.260461446,0,0,34.83150918,98.89849082
2018-2019,Central Coast,2018,9,Area 8,Angling from boat,SALMON,Coho,Not Checked,Kept,Legal Size,445.18,169960.76,Pieces,1.68,0.12,265.06,60635.91,Pieces,246.24,Yes,0.93,0,0,0.069710365,0.930289635,0,0.069710365,0,0,18.47742939,246.5825706
2018-2019,Central Coast,2018,9,Area 8,Angling from boat,SALMON,Coho,Not Adipose Marked,Released,Unspecified,69.02,4695.24,Pieces,1.76,0.15,39.24,1529.09,Pieces,39.1,Yes,1,0,0,0,1,0,0,0,0,0,39.24
2018-2019,Central Coast,2018,9,Area 8,Angling from boat,SALMON,Coho,Not Checked,Released,Unspecified,69.02,4695.24,Pieces,1.76,0.15,39.24,1529.09,Pieces,39.1,Yes,1,0,0,0,1,0,0,0,0,0,39.24
2018-2019,Central Coast,2018,9,Area 9,Angling from boat,SALMON,Coho,Not Adipose Marked,Kept,Legal Size,237.77,27993.15,Pieces,1.68,0.12,141.57,10033.38,Pieces,100.17,Yes,0.41,0,0,1,0,0,1,0,0,141.57,0
2018-2019,Central Coast,2018,9,Area 9,Angling from boat,SALMON,Coho,Not Adipose Marked,Released,Unspecified,196.38,37189.82,Pieces,1.76,0.15,111.64,12113.53,Pieces,110.06,Yes,0,0,0,1,0,0,1,0,0,111.64,0
2019-2020,Central Coast,2019,5,Area 6,Angling from boat,SALMON,Coho,Not Adipose Marked,Kept,Legal Size,25.39,619.21,Pieces,1.09,0.12,23.29,527.83,Pieces,22.97,Yes,1,0,0,0,1,0,0,0,0,0,23.29
2019-2020,Central Coast,2019,5,Area 6,Angling from boat,SALMON,Coho,Not Checked,Kept,Legal Size,38.06,1372.56,Pieces,1.09,0.12,34.91,1170.21,Pieces,34.21,Yes,1,0,0,0,1,0,0,0,0,0,34.91
2019-2020,Central Coast,2019,6,Area 5,Angling from boat,SALMON,Coho,Not Adipose Marked,Kept,Legal Size,106.82,11090.85,Pieces,1.09,0.12,97.98,9452.66,Pieces,97.22,Yes,1,0,0,0,1,0,0,0,0,0,97.98
2019-2020,Central Coast,2019,6,Area 6,Angling from boat,SALMON,Coho,Adipose Marked,Kept,Legal Size,106.82,11090.85,Pieces,1.09,0.12,97.98,9452.66,Pieces,97.22,Yes,1,0,0,0,1,0,0,0,0,0,97.98
2019-2020,Central Coast,2019,6,Area 6,Angling from boat,SALMON,Coho,Not Adipose Marked,Kept,Legal Size,670.54,46120.43,Pieces,1.09,0.12,615.05,43589.35,Pieces,208.78,Yes,0.61,0.405514167,0,0.048159959,0.546325874,0.405514167,0.453674126,249.4114886,0,29.62078269,336.0177287
2019-2020,Central Coast,2019,6,Area 6,Angling from boat,SALMON,Coho,Not Checked,Kept,Legal Size,145.32,8495.96,Pieces,1.09,0.12,133.29,7372.8,Pieces,85.87,Yes,0,0.111111111,0,0.888888889,0,0.111111111,1,14.81,0,118.48,0
2019-2020,Central Coast,2019,6,Area 6,Angling from boat,SALMON,Coho,Not Adipose Marked,Released,Unspecified,174.72,10836.79,Pieces,0.95,0.12,184.51,12618,Pieces,112.33,Yes,0.82,0.592411317,0,0,0.407588683,0.592411317,0.592411317,109.3058121,0,0,75.20418786
2019-2020,Central Coast,2019,6,Area 6,Angling from boat,SALMON,Coho,Not Checked,Released,Unspecified,242.2,42309.67,Pieces,0.95,0.12,255.76,48206.13,Pieces,219.56,Yes,0,0.133333333,0,0.866666667,0,0.133333333,1,34.10133333,0,221.6586667,0
2019-2020,Central Coast,2019,6,Area 7,Angling from boat,SALMON,Coho,Not Adipose Marked,Kept,Legal Size,530.71,52370.95,Pieces,1.09,0.12,486.79,47060.07,Pieces,216.93,Yes,0.85,0.283722678,0,0.086414849,0.629862473,0.283722678,0.370137527,138.1133624,0,42.0658845,306.6107531
2019-2020,Central Coast,2019,6,Area 7,Angling from boat,SALMON,Coho,Not Checked,Kept,Legal Size,40.13,795.64,Pieces,1.09,0.12,36.81,686.54,Pieces,26.2,Yes,0.6,1,0,0,0,1,1,36.81,0,0,0
2019-2020,Central Coast,2019,6,Area 7,Angling from boat,SALMON,Coho,Not Adipose Marked,Released,Unspecified,635.01,239912.65,Pieces,0.95,0.12,670.57,274581.83,Pieces,524.01,Yes,0.21,0.900398685,0.02407383,0,0.075527485,0.924472515,0.900398685,603.7803464,16.14318804,0,50.64646554
2019-2020,Central Coast,2019,6,Area 8,Angling from boat,SALMON,Coho,Adipose Marked,Kept,Legal Size,16.15,244.56,Pieces,1.09,0.12,14.81,208.54,Pieces,14.44,Yes,0,1,0,0,0,1,1,14.81,0,0,0
2019-2020,Central Coast,2019,6,Area 8,Angling from boat,SALMON,Coho,Not Adipose Marked,Released,Unspecified,16.15,244.56,Pieces,0.95,0.12,17.05,277.28,Pieces,16.65,Yes,0,0,0,1,0,0,1,0,0,17.05,0
2019-2020,Central Coast,2019,6,Area 9,Angling from boat,SALMON,Coho,Adipose Marked,Kept,Legal Size,35.61,1232.32,Pieces,1.09,0.12,32.66,1050.3,Pieces,32.41,Yes,1,1,0,0,0,1,1,32.66,0,0,0
2019-2020,Central Coast,2019,6,Area 9,Angling from boat,SALMON,Coho,Not Adipose Marked,Kept,Legal Size,122.11,6377.52,Pieces,1.09,0.12,112.01,5524.39,Pieces,74.33,Yes,1,1,0,0,0,1,1,112.01,0,0,0
2019-2020,Central Coast,2019,7,Area 5,Angling from boat,SALMON,Coho,Adipose Marked,Kept,Legal Size,33.14,1065.27,Pieces,1.09,0.12,30.4,907.95,Pieces,30.13,Yes,1,0,0,0,1,0,0,0,0,0,30.4
2019-2020,Central Coast,2019,7,Area 5,Angling from boat,SALMON,Coho,Not Adipose Marked,Kept,Legal Size,132.57,17044.38,Pieces,1.09,0.12,121.6,14527.22,Pieces,120.53,Yes,1,0,0,1,0,0,1,0,0,121.6,0
2019-2020,Central Coast,2019,7,Area 5,Angling from boat,SALMON,Coho,Not Checked,Kept,Legal Size,30.61,875.8,Pieces,1.09,0.12,28.08,746.82,Pieces,27.33,Yes,1,0,1,0,0,1,0,0,28.08,0,0
2019-2020,Central Coast,2019,7,Area 6,Angling from boat,SALMON,Coho,Adipose Marked,Kept,Legal Size,15.73,231.82,Pieces,1.09,0.12,14.43,197.67,Pieces,14.06,Yes,0,0,1,0,0,1,0,0,14.43,0,0
2019-2020,Central Coast,2019,7,Area 6,Angling from boat,SALMON,Coho,Not Adipose Marked,Kept,Legal Size,1721.5,244665.17,Pieces,1.09,0.12,1579.04,237394.97,Pieces,487.23,Yes,0.8,0.400233998,0.109032688,0.027418508,0.463314806,0.509266686,0.427652506,631.9854923,172.1669757,43.29492021,731.5926118
2019-2020,Central Coast,2019,7,Area 6,Angling from boat,SALMON,Coho,Not Checked,Kept,Legal Size,434.62,21280.75,Pieces,1.09,0.12,398.66,19915.24,Pieces,141.12,Yes,0.46,0.675179168,0,0.324820832,0,0.675179168,1,269.1669271,0,129.4930729,0
2019-2020,Central Coast,2019,7,Area 6,Angling from boat,SALMON,Coho,Adipose Marked,Released,Unspecified,65.84,1576.52,Pieces,0.95,0.12,69.53,1833.8,Pieces,42.82,Yes,0,0.522080066,0.238959967,0,0.238959967,0.761040033,0.522080066,36.30022699,16.6148865,0,16.6148865
2019-2020,Central Coast,2019,7,Area 6,Angling from boat,SALMON,Coho,Not Adipose Marked,Released,Unspecified,619.57,118412.67,Pieces,0.95,0.12,654.26,138754.42,Pieces,372.5,Yes,0.57,0.590981931,0.101578653,0.101578653,0.205860764,0.692560584,0.692560584,386.6558382,66.45884925,66.45884925,134.6864633
2019-2020,Central Coast,2019,7,Area 6,Angling from boat,SALMON,Coho,Not Checked,Released,Unspecified,320.59,75186.62,Pieces,0.95,0.12,338.54,85639.35,Pieces,292.64,Yes,0.85,0.852767311,0,0.147232689,0,0.852767311,1,288.6958455,0,49.84415448,0
2019-2020,Central Coast,2019,7,Area 7,Angling from boat,SALMON,Coho,Adipose Marked,Kept,Legal Size,192.15,12142.82,Pieces,1.09,0.12,176.25,10609.31,Pieces,103,Yes,0.34,0,0,0.754358408,0.245641592,0,0.754358408,0,0,132.9556695,43.29433052
2019-2020,Central Coast,2019,7,Area 7,Angling from boat,SALMON,Coho,Not Adipose Marked,Kept,Legal Size,2516.3,333554.13,Pieces,1.09,0.12,2308.07,348036.59,Pieces,589.95,Yes,0.75,0.291679654,0,0.141891509,0.566428837,0.291679654,0.433571163,673.2170593,0,327.495536,1307.357405
2019-2020,Central Coast,2019,7,Area 7,Angling from boat,SALMON,Coho,Not Checked,Kept,Legal Size,508.68,26865.38,Pieces,1.09,0.12,466.59,25357.49,Pieces,159.24,Yes,0.12,0.617763846,0,0.292662501,0.089573652,0.617763846,0.910426348,288.242433,0,136.5533965,41.79417047
2019-2020,Central Coast,2019,7,Area 7,Angling from boat,SALMON,Coho,Adipose Marked,Released,Unspecified,551.68,141450.58,Pieces,0.95,0.12,582.58,163055.35,Pieces,403.8,Yes,0.74,0,0,0,1,0,0,0,0,0,582.58
2019-2020,Central Coast,2019,7,Area 7,Angling from boat,SALMON,Coho,Not Adipose Marked,Released,Unspecified,1518.63,524705.6,Pieces,0.95,0.12,1603.67,625420.58,Pieces,790.84,Yes,0.44,0.217827006,0,0.072523367,0.709649627,0.217827006,0.290350373,349.3226351,0,116.3035479,1138.043817
2019-2020,Central Coast,2019,7,Area 7,Angling from boat,SALMON,Coho,Not Checked,Released,Unspecified,673.28,108796.5,Pieces,0.95,0.12,710.98,129244.55,Pieces,359.51,Yes,0.14,0.373901926,0,0.490746278,0.135351795,0.373901926,0.864648205,265.8367916,0,348.9107889,96.23241948
2019-2020,Central Coast,2019,7,Area 8,Angling from boat,SALMON,Coho,Adipose Marked,Kept,Legal Size,65.84,2040.15,Pieces,1.09,0.12,60.39,1762.61,Pieces,41.98,Yes,0,0,0,0.477919934,0.522080066,0,0.477919934,0,0,28.86158481,31.52841519
2019-2020,Central Coast,2019,7,Area 8,Angling from boat,SALMON,Coho,Not Adipose Marked,Kept,Legal Size,2060.07,283490.39,Pieces,1.09,0.12,1889.59,283689.56,Pieces,532.63,Yes,0.5,0.022119383,0,0.608767238,0.369113379,0.022119383,0.630886621,41.79656549,0,1150.320484,697.4729502
2019-2020,Central Coast,2019,7,Area 8,Angling from boat,SALMON,Coho,Not Checked,Kept,Legal Size,446.46,63213.71,Pieces,1.09,0.12,409.51,55306.12,Pieces,235.17,Yes,0.61,0,0,0.756977485,0.243022515,0,0.756977485,0,0,309.98985,99.52015005
2019-2020,Central Coast,2019,7,Area 8,Angling from boat,SALMON,Coho,Not Adipose Marked,Released,Unspecified,1107.09,261560.03,Pieces,0.95,0.12,1169.08,313093.74,Pieces,559.55,Yes,0.48,0,0,0.779779449,0.220220551,0,0.779779449,0,0,911.6245587,257.4554413
2019-2020,Central Coast,2019,7,Area 8,Angling from boat,SALMON,Coho,Not Checked,Released,Unspecified,404.17,65744.19,Pieces,0.95,0.12,426.8,76168.32,Pieces,275.99,Yes,0.34,0,0,1,0,0,1,0,0,426.8,0
2019-2020,Central Coast,2019,7,Area 9,Angling from boat,SALMON,Coho,Adipose Marked,Kept,Legal Size,143.82,6457.98,Pieces,1.09,0.12,131.92,5653.56,Pieces,75.19,Yes,0.53,0.464931091,0,0.535068909,0,0.464931091,1,61.33370947,0,70.58629053,0
2019-2020,Central Coast,2019,7,Area 9,Angling from boat,SALMON,Coho,Not Adipose Marked,Kept,Legal Size,1543.19,217241.07,Pieces,1.09,0.12,1415.48,208124.87,Pieces,456.21,Yes,0.76,0.347645108,0,0.550349421,0.10200547,0.347645108,0.89799453,492.084698,0,779.008599,144.386703
2019-2020,Central Coast,2019,7,Area 9,Angling from boat,SALMON,Coho,Not Checked,Kept,Legal Size,574.18,44288.77,Pieces,1.09,0.12,526.66,40771.5,Pieces,201.92,Yes,0.69,0.336715105,0,0.635882819,0.027402076,0.336715105,0.972597924,177.3343775,0,334.8940455,14.43157709
2019-2020,Central Coast,2019,7,Area 9,Angling from boat,SALMON,Coho,Not Adipose Marked,Released,Unspecified,277.23,16691.36,Pieces,0.95,0.12,292.75,19956.23,Pieces,141.27,Yes,0.55,0.504602623,0,0.056753559,0.438643818,0.504602623,0.561356182,147.7224178,0,16.61460446,128.4129777
2019-2020,Central Coast,2019,7,Area 9,Angling from boat,SALMON,Coho,Not Checked,Released,Unspecified,171.32,6068.47,Pieces,0.95,0.12,180.91,7280.09,Pieces,85.32,Yes,0.91,0,0,1,0,0,1,0,0,180.91,0
2019-2020,Central Coast,2019,8,Area 5,Angling from boat,SALMON,Coho,Not Adipose Marked,Kept,Legal Size,78.16,5953.41,Pieces,1.09,0.12,71.7,5073.88,Pieces,71.23,Yes,1,0,0,0,1,0,0,0,0,0,71.7
2019-2020,Central Coast,2019,8,Area 6,Angling from boat,SALMON,Coho,Adipose Marked,Kept,Legal Size,96.13,3762.5,Pieces,1.09,0.12,88.18,3263.92,Pieces,57.13,Yes,0.16,0.581289371,0,0,0.418710629,0.581289371,0.581289371,51.2580967,0,0,36.9219033
2019-2020,Central Coast,2019,8,Area 6,Angling from boat,SALMON,Coho,Not Adipose Marked,Kept,Legal Size,4295.96,2183796.96,Pieces,1.09,0.12,3940.45,2033778.71,Pieces,1426.11,Yes,0.87,0.08813751,0,0.091853739,0.820008751,0.08813751,0.179991249,347.3014531,0,361.9450658,3231.203481
2019-2020,Central Coast,2019,8,Area 6,Angling from boat,SALMON,Coho,Not Checked,Kept,Legal Size,946.37,90599.94,Pieces,1.09,0.12,868.06,85759.61,Pieces,292.85,Yes,0.43,0.098412829,0,0.356218042,0.545369129,0.098412829,0.454630871,85.42824001,0,309.2186338,473.4131262
2019-2020,Central Coast,2019,8,Area 6,Angling from boat,SALMON,Coho,Not Adipose Marked,Released,Unspecified,2088.52,800257.69,Pieces,0.95,0.12,2205.47,968622.68,Pieces,984.19,Yes,0.96,0.253430747,0,0.257858534,0.488710719,0.253430747,0.511289281,558.933909,0,568.6992615,1077.836829
2019-2020,Central Coast,2019,8,Area 6,Angling from boat,SALMON,Coho,Not Checked,Released,Unspecified,192.55,9768.01,Pieces,0.95,0.12,203.33,11540.57,Pieces,107.43,Yes,0.61,0,0,0.589928903,0.410071097,0,0.589928903,0,0,119.9502439,83.37975606
2019-2020,Central Coast,2019,8,Area 7,Angling from boat,SALMON,Coho,Adipose Marked,Kept,Legal Size,505.49,53536.96,Pieces,1.09,0.12,463.66,47762.95,Pieces,218.55,Yes,0.67,0.360309708,0,0.167881769,0.471808522,0.360309708,0.528191478,167.0611993,0,77.84006123,218.7587395
2019-2020,Central Coast,2019,8,Area 7,Angling from boat,SALMON,Coho,Not Adipose Marked,Kept,Legal Size,5710.51,1070424.47,Pieces,1.09,0.12,5237.94,1247734.62,Pieces,1117.02,Yes,0.71,0.225602583,0.008296193,0.228428275,0.537672949,0.233898776,0.454030858,1181.692793,43.45496326,1196.493598,2816.298646
2019-2020,Central Coast,2019,8,Area 7,Angling from boat,SALMON,Coho,Not Checked,Kept,Legal Size,1605.12,149877.95,Pieces,1.09,0.12,1472.29,153525.29,Pieces,391.82,Yes,0.38,0.537514677,0.054826124,0.174172575,0.233486624,0.592340801,0.711687252,791.3774842,80.71995376,256.4325398,343.7600223
2019-2020,Central Coast,2019,8,Area 7,Angling from boat,SALMON,Coho,Adipose Marked,Released,Unspecified,364.76,72876.22,Pieces,0.95,0.12,385.18,83591.96,Pieces,289.12,Yes,0.21,0,0,0.110352445,0.889647555,0,0.110352445,0,0,42.50555491,342.6744451
2019-2020,Central Coast,2019,8,Area 7,Angling from boat,SALMON,Coho,Not Adipose Marked,Released,Unspecified,3633.72,1348085.67,Pieces,0.95,0.12,3837.21,1734045.77,Pieces,1316.83,Yes,0.68,0.151217543,0,0.410809292,0.437973165,0.151217543,0.562026835,580.2534679,0,1576.361523,1680.595009
2019-2020,Central Coast,2019,8,Area 7,Angling from boat,SALMON,Coho,Not Checked,Released,Unspecified,1124.29,207145.98,Pieces,0.95,0.12,1187.25,253085.45,Pieces,503.08,Yes,0.28,0.729065242,0.180240601,0.068938002,0.021756156,0.909305842,0.798003243,865.582708,213.9906534,81.84664238,25.82999621
2019-2020,Central Coast,2019,8,Area 8,Angling from boat,SALMON,Coho,Adipose Marked,Kept,Legal Size,648.29,232600.9,Pieces,1.09,0.12,594.64,200170.59,Pieces,447.4,Yes,0.86,0,0,0.14366227,0.85633773,0,0.14366227,0,0,85.42733235,509.2126677
2019-2020,Central Coast,2019,8,Area 8,Angling from boat,SALMON,Coho,Not Adipose Marked,Kept,Legal Size,4564.48,908813.7,Pieces,1.09,0.12,4186.76,986412.2,Pieces,993.18,Yes,0.66,0.004080871,0,0.466441571,0.529477558,0.004080871,0.470522442,17.08562672,0,1952.878914,2216.795459
2019-2020,Central Coast,2019,8,Area 8,Angling from boat,SALMON,Coho,Not Checked,Kept,Legal Size,272.01,35716.31,Pieces,1.09,0.12,249.5,30837.2,Pieces,175.61,Yes,0.66,0,0,0.342399375,0.657600625,0,0.342399375,0,0,85.42864406,164.0713559
2019-2020,Central Coast,2019,8,Area 8,Angling from boat,SALMON,Coho,Not Adipose Marked,Released,Unspecified,1110.47,190368.47,Pieces,0.95,0.12,1172.66,233836.63,Pieces,483.57,Yes,0.57,0,0,0.696341734,0.303658266,0,0.696341734,0,0,816.5720974,356.0879026
2019-2020,Central Coast,2019,8,Area 9,Angling from boat,SALMON,Coho,Adipose Marked,Kept,Legal Size,348.76,33698.83,Pieces,1.09,0.12,319.9,29647.01,Pieces,172.18,Yes,0.63,0.736185463,0,0.263814537,0,0.736185463,1,235.5057297,0,84.39427034,0
2019-2020,Central Coast,2019,8,Area 9,Angling from boat,SALMON,Coho,Not Adipose Marked,Kept,Legal Size,4706.36,626399.9,Pieces,1.09,0.12,4316.89,762807.64,Pieces,873.39,Yes,0.55,0.210383204,0,0.651309197,0.1383076,0.210383204,0.8616924,908.2011475,0,2811.630157,597.058695
2019-2020,Central Coast,2019,8,Area 9,Angling from boat,SALMON,Coho,Not Checked,Kept,Legal Size,792.43,50493.09,Pieces,1.09,0.12,726.86,49166.63,Pieces,221.74,Yes,0.06,0.197970774,0,0.53929647,0.262732756,0.197970774,0.737267244,143.8970369,0,391.9930322,190.9699309
2019-2020,Central Coast,2019,8,Area 9,Angling from boat,SALMON,Coho,Adipose Marked,Released,Unspecified,37.25,1313.36,Pieces,0.95,0.12,39.34,1488.83,Pieces,38.59,Yes,0,0,0,1,0,0,1,0,0,39.34,0
2019-2020,Central Coast,2019,8,Area 9,Angling from boat,SALMON,Coho,Not Adipose Marked,Released,Unspecified,2740.57,1446045.14,Pieces,0.95,0.12,2894.04,1743790.98,Pieces,1320.53,Yes,0.69,0.129728469,0,0.834254712,0.036016819,0.129728469,0.963983181,375.439378,0,2414.366507,104.2341145
2019-2020,Central Coast,2019,8,Area 9,Angling from boat,SALMON,Coho,Not Checked,Released,Unspecified,454.71,46261.47,Pieces,0.95,0.12,480.18,55201.13,Pieces,234.95,Yes,0.17,0.499615786,0,0.339615598,0.160768616,0.499615786,0.839231384,239.9055082,0,163.076618,77.1978738
2019-2020,Central Coast,2019,9,Area 7,Angling from boat,SALMON,Coho,Not Adipose Marked,Kept,Legal Size,131.88,4799.21,Pieces,1.09,0.12,120.96,4222.91,Pieces,64.98,Yes,0.82,0.434693664,0,0,0.565306336,0.434693664,0.434693664,52.58054555,0,0,68.37945445
2019-2020,Central Coast,2019,9,Area 7,Angling from boat,SALMON,Coho,Not Checked,Kept,Legal Size,75.79,1914.65,Pieces,1.09,0.12,69.52,1672.02,Pieces,40.89,Yes,0.69,0.252135964,0,0.441555515,0.306308521,0.252135964,0.693691479,17.52849222,0,30.69693937,21.2945684
2019-2020,Central Coast,2019,9,Area 7,Angling from boat,SALMON,Coho,Not Adipose Marked,Released,Unspecified,65.54,2408.79,Pieces,0.95,0.12,69.21,2761.19,Pieces,52.55,Yes,0.29,0.291569919,0,0,0.708430081,0.291569919,0.291569919,20.17955409,0,0,49.03044591
2019-2020,Central Coast,2019,9,Area 7,Angling from boat,SALMON,Coho,Not Checked,Released,Unspecified,100.39,9476.37,Pieces,0.95,0.12,106.01,10743.57,Pieces,103.65,Yes,1,0,0,1,0,0,1,0,0,106.01,0
2019-2020,Central Coast,2019,9,Area 8,Angling from boat,SALMON,Coho,Not Adipose Marked,Kept,Legal Size,1127.1,437360.87,Pieces,1.09,0.12,1033.83,381492.73,Pieces,617.65,Yes,0.71,0,0.067815356,0.164771587,0.767413057,0.067815356,0.164771587,0,70.10954975,170.34581,793.3746403
2019-2020,Central Coast,2019,9,Area 8,Angling from boat,SALMON,Coho,Not Adipose Marked,Released,Unspecified,4695.98,20896603.46,Pieces,0.95,0.12,4958.95,23687916.96,Pieces,4867.02,Yes,1,0,0.02034582,0,0.97965418,0.02034582,0,0,100.8939016,0,4858.056098
2019-2020,Central Coast,2019,9,Area 9,Angling from boat,SALMON,Coho,Not Adipose Marked,Kept,Legal Size,522.18,92930.82,Pieces,1.09,0.12,478.96,81089.1,Pieces,284.76,Yes,0.73,0.266740474,0,0.292754361,0.440505164,0.266740474,0.559494836,127.7580176,0,140.2176289,210.9843535
2019-2020,Central Coast,2019,9,Area 9,Angling from boat,SALMON,Coho,Adipose Marked,Released,Unspecified,76.67,5802.21,Pieces,0.95,0.12,80.97,6572.99,Pieces,81.07,Yes,1,0,0,0,1,0,0,0,0,0,80.97
2019-2020,Central Coast,2019,9,Area 9,Angling from boat,SALMON,Coho,Not Adipose Marked,Released,Unspecified,233.89,26838.83,Pieces,0.95,0.12,246.99,30884.91,Pieces,175.74,Yes,0.9,0.099253804,0,0.245100465,0.655645731,0.099253804,0.344354269,24.51469711,0,60.53736373,161.9379392
2020-2021,Central Coast,2020,6,Area 5,Angling from boat,SALMON,Coho,Not Adipose Marked,Kept,Legal Size,4.18,13.28,Pieces,1,0.06,4.16,13.23,Pieces,3.64,Yes,1,0,1,0,0,1,0,0,4.16,0,0
2020-2021,Central Coast,2020,6,Area 5,Angling from boat,SALMON,Coho,Not Adipose Marked,Released,Unspecified,8.36,53.12,Pieces,1.14,0.08,7.34,41.33,Pieces,6.43,Yes,1,0,1,0,0,1,0,0,7.34,0,0
2020-2021,Central Coast,2020,6,Area 6,Angling from boat,SALMON,Coho,Adipose Marked,Kept,Legal Size,33.08,614.74,Pieces,1,0.06,32.94,613.33,Pieces,24.77,Yes,1,0,0,0,1,0,0,0,0,0,32.94
2020-2021,Central Coast,2020,6,Area 6,Angling from boat,SALMON,Coho,Not Adipose Marked,Kept,Legal Size,132.21,1625.57,Pieces,1,0.06,131.67,1669.55,Pieces,40.86,Yes,1,0,0.063209813,0.05714453,0.879645656,0.063209813,0.05714453,0,8.322836126,7.524220329,115.8229435
2020-2021,Central Coast,2020,6,Area 6,Angling from boat,SALMON,Coho,Not Checked,Kept,Legal Size,49.52,994.14,Pieces,1,0.06,49.32,994.08,Pieces,31.53,Yes,1,0,0,0,1,0,0,0,0,0,49.32
2020-2021,Central Coast,2020,6,Area 6,Angling from boat,SALMON,Coho,Not Adipose Marked,Released,Unspecified,116.91,5844.62,Pieces,1.14,0.08,102.75,4572.23,Pieces,67.62,Yes,1,0,0,0,1,0,0,0,0,0,102.75
2020-2021,Central Coast,2020,6,Area 6,Angling from boat,SALMON,Coho,Not Checked,Released,Unspecified,38.5,910.04,Pieces,1.14,0.08,33.84,709.18,Pieces,26.63,Yes,1,0,0,0,1,0,0,0,0,0,33.84
2020-2021,Central Coast,2020,6,Area 7,Angling from boat,SALMON,Coho,Not Adipose Marked,Kept,Legal Size,8.36,53.12,Pieces,1,0.06,8.32,52.92,Pieces,7.27,Yes,1,0,0,0,1,0,0,0,0,0,8.32
2020-2021,Central Coast,2020,6,Area 7,Angling from boat,SALMON,Coho,Not Adipose Marked,Released,Unspecified,8.36,53.12,Pieces,1.14,0.08,7.34,41.33,Pieces,6.43,Yes,1,0,0,0,1,0,0,0,0,0,7.34
2020-2021,Central Coast,2020,6,Area 9,Angling from boat,SALMON,Coho,Adipose Marked,Kept,Legal Size,2.66,4.42,Pieces,1,0.06,2.65,4.41,Pieces,2.1,Yes,1,1,0,0,0,1,1,2.65,0,0,0
2020-2021,Central Coast,2020,6,Area 9,Angling from boat,SALMON,Coho,Not Adipose Marked,Kept,Legal Size,57.02,289.43,Pieces,1,0.06,56.78,297.71,Pieces,17.25,Yes,1,0.733451794,0,0.266548206,0,0.733451794,1,41.64539286,0,15.13460714,0
2020-2021,Central Coast,2020,6,Area 9,Angling from boat,SALMON,Coho,Not Checked,Kept,Legal Size,26.22,163.77,Pieces,1,0.06,26.11,164.69,Pieces,12.83,Yes,1,0.637531809,0,0.362468191,0,0.637531809,1,16.64595553,0,9.464044466,0
2020-2021,Central Coast,2020,6,Area 9,Angling from boat,SALMON,Coho,Not Adipose Marked,Released,Unspecified,8.36,53.12,Pieces,1.14,0.08,7.34,41.33,Pieces,6.43,Yes,1,0,0,1,0,0,1,0,0,7.34,0
2020-2021,Central Coast,2020,7,Area 5,Angling from boat,SALMON,Coho,Adipose Marked,Kept,Legal Size,9.63,83.14,Pieces,1,0.06,9.59,82.77,Pieces,9.1,Yes,1,0,0,0,1,0,0,0,0,0,9.59
2020-2021,Central Coast,2020,7,Area 5,Angling from boat,SALMON,Coho,Not Adipose Marked,Kept,Legal Size,41.08,1334.29,Pieces,1,0.06,40.92,1328.97,Pieces,36.46,Yes,1,0,0,0,1,0,0,0,0,0,40.92
2020-2021,Central Coast,2020,7,Area 5,Angling from boat,SALMON,Coho,Adipose Marked,Released,Unspecified,9.63,83.14,Pieces,1.14,0.08,8.47,64.61,Pieces,8.04,Yes,1,0,0,0,1,0,0,0,0,0,8.47
2020-2021,Central Coast,2020,7,Area 6,Angling from boat,SALMON,Coho,Not Adipose Marked,Kept,Legal Size,1166.86,156307.32,Pieces,1,0.06,1162.11,159491.78,Pieces,399.36,Yes,1,0.009227741,0.209053184,0,0.781719076,0.218280924,0.009227741,10.72364983,242.9427952,0,908.4435549
2020-2021,Central Coast,2020,7,Area 6,Angling from boat,SALMON,Coho,Not Checked,Kept,Legal Size,116.76,2295.81,Pieces,1,0.06,116.29,2321.75,Pieces,48.18,Yes,1,0,0.274405746,0,0.725594254,0.274405746,0,0,31.91064419,0,84.37935581
2020-2021,Central Coast,2020,7,Area 6,Angling from boat,SALMON,Coho,Not Adipose Marked,Released,Unspecified,135.46,8038.7,Pieces,1.14,0.08,119.05,6286.74,Pieces,79.29,Yes,1,0,0,0,1,0,0,0,0,0,119.05
2020-2021,Central Coast,2020,7,Area 6,Angling from boat,SALMON,Coho,Not Checked,Released,Unspecified,10.22,63.58,Pieces,1.14,0.08,8.98,49.55,Pieces,7.04,Yes,1,0,1,0,0,1,0,0,8.98,0,0
2020-2021,Central Coast,2020,7,Area 7,Angling from boat,SALMON,Coho,Adipose Marked,Kept,Legal Size,19.26,332.58,Pieces,1,0.06,19.19,331.09,Pieces,18.2,Yes,1,0,0,0,1,0,0,0,0,0,19.19
2020-2021,Central Coast,2020,7,Area 7,Angling from boat,SALMON,Coho,Not Adipose Marked,Kept,Legal Size,283.12,18700.87,Pieces,1,0.06,281.97,18811.11,Pieces,137.15,Yes,1,0,0,0,1,0,0,0,0,0,281.97
2020-2021,Central Coast,2020,7,Area 7,Angling from boat,SALMON,Coho,Not Checked,Kept,Legal Size,50.11,1253.23,Pieces,1,0.06,49.91,1251.25,Pieces,35.37,Yes,1,0,0,0,1,0,0,0,0,0,49.91
2020-2021,Central Coast,2020,7,Area 7,Angling from boat,SALMON,Coho,Not Adipose Marked,Released,Unspecified,106.57,6625.49,Pieces,1.14,0.08,93.65,5165.5,Pieces,71.87,Yes,1,0,0,0,1,0,0,0,0,0,93.65
2020-2021,Central Coast,2020,7,Area 8,Angling from boat,SALMON,Coho,Adipose Marked,Kept,Legal Size,28.9,748.3,Pieces,1,0.06,28.78,744.95,Pieces,27.29,Yes,1,0,0,0,1,0,0,0,0,0,28.78
2020-2021,Central Coast,2020,7,Area 8,Angling from boat,SALMON,Coho,Not Adipose Marked,Kept,Legal Size,9.63,83.14,Pieces,1,0.06,9.59,82.77,Pieces,9.1,Yes,1,0,0,0,1,0,0,0,0,0,9.59
2020-2021,Central Coast,2020,7,Area 8,Angling from boat,SALMON,Coho,Not Adipose Marked,Released,Unspecified,38.83,1469.3,Pieces,1.14,0.08,34.13,1141.23,Pieces,33.78,Yes,1,0,0,0,1,0,0,0,0,0,34.13
2020-2021,Central Coast,2020,7,Area 9,Angling from boat,SALMON,Coho,Adipose Marked,Kept,Legal Size,43.64,1338.27,Pieces,1,0.06,43.46,1333.62,Pieces,36.52,Yes,1,0.058554323,0,0.941445677,0,0.058554323,1,2.544770887,0,40.91522911,0
2020-2021,Central Coast,2020,7,Area 9,Angling from boat,SALMON,Coho,Not Adipose Marked,Kept,Legal Size,1003.86,122322.06,Pieces,1,0.06,999.77,124625.04,Pieces,353.02,Yes,1,0.506647615,0,0.253666503,0.239685881,0.506647615,0.760314119,506.5310862,0,253.6081602,239.6307536
2020-2021,Central Coast,2020,7,Area 9,Angling from boat,SALMON,Coho,Not Checked,Kept,Legal Size,67.81,566.02,Pieces,1,0.06,67.54,576.47,Pieces,24.01,Yes,1,0.15072113,0,0.565204238,0.284074632,0.15072113,0.715925368,10.17970513,0,38.17389423,19.18640064
2020-2021,Central Coast,2020,7,Area 9,Angling from boat,SALMON,Coho,Adipose Marked,Released,Unspecified,5.11,7.95,Pieces,1.14,0.08,4.49,6.25,Pieces,2.5,Yes,1,0.5,0,0.5,0,0.5,1,2.245,0,2.245,0
2020-2021,Central Coast,2020,7,Area 9,Angling from boat,SALMON,Coho,Not Adipose Marked,Released,Unspecified,117.38,3326.66,Pieces,1.14,0.08,103.15,2627.95,Pieces,51.26,Yes,1,0.461477454,0,0.043539627,0.494982919,0.461477454,0.505017081,47.60139938,0,4.491112477,51.05748814
2020-2021,Central Coast,2020,7,Area 9,Angling from boat,SALMON,Coho,Not Checked,Released,Unspecified,149.13,13628.71,Pieces,1.14,0.08,131.06,10620.74,Pieces,103.06,Yes,1,0.781207395,0,0.154205516,0.064587088,0.781207395,0.935412912,102.3850412,0,20.21017499,8.464783815
2020-2021,Central Coast,2020,8,Area 5,Angling from boat,SALMON,Coho,Not Adipose Marked,Kept,Legal Size,40.45,563.85,Pieces,1,0.06,40.28,564.62,Pieces,23.76,Yes,1,0.06346111,0.252324765,0,0.684214125,0.315785875,0.06346111,2.556213495,10.16364154,0,27.56014497
2020-2021,Central Coast,2020,8,Area 5,Angling from boat,SALMON,Coho,Not Checked,Kept,Legal Size,20.26,153.15,Pieces,1,0.06,20.18,153.25,Pieces,12.38,Yes,1,0,0.254731756,0,0.745268244,0.254731756,0,0,5.140486834,0,15.03951317
2020-2021,Central Coast,2020,8,Area 5,Angling from boat,SALMON,Coho,Not Adipose Marked,Released,Unspecified,2.52,3.84,Pieces,1.14,0.08,2.22,2.99,Pieces,1.73,Yes,1,0,1,0,0,1,0,0,2.22,0,0
2020-2021,Central Coast,2020,8,Area 6,Angling from boat,SALMON,Coho,Adipose Marked,Kept,Legal Size,39.52,1522.59,Pieces,1,0.06,39.36,1515.32,Pieces,38.93,Yes,1,0,1,0,0,1,0,0,39.36,0,0
2020-2021,Central Coast,2020,8,Area 6,Angling from boat,SALMON,Coho,Not Adipose Marked,Kept,Legal Size,1013.14,40415.31,Pieces,1,0.06,1009.01,43445.44,Pieces,208.44,Yes,1,0.011299996,0.11654299,0,0.872157014,0.127842986,0.011299996,11.40180917,117.5930426,0,880.0151482
2020-2021,Central Coast,2020,8,Area 6,Angling from boat,SALMON,Coho,Not Checked,Kept,Legal Size,136.66,1902.17,Pieces,1,0.06,136.1,1947.82,Pieces,44.13,Yes,1,0,0.223796654,0,0.776203346,0.223796654,0,0,30.45872463,0,105.6412754
2020-2021,Central Coast,2020,8,Area 6,Angling from boat,SALMON,Coho,Not Adipose Marked,Released,Unspecified,114.56,1957.3,Pieces,1.14,0.08,100.68,1567.54,Pieces,39.59,Yes,1,0,0.222710631,0,0.777289369,0.222710631,0,0,22.42250635,0,78.25749365
2020-2021,Central Coast,2020,8,Area 6,Angling from boat,SALMON,Coho,Not Checked,Released,Unspecified,49.27,1406.09,Pieces,1.14,0.08,43.3,1096.32,Pieces,33.11,Yes,1,0,0,0,1,0,0,0,0,0,43.3
2020-2021,Central Coast,2020,8,Area 7,Angling from boat,SALMON,Coho,Adipose Marked,Kept,Legal Size,45.81,1555.84,Pieces,1,0.06,45.62,1550.06,Pieces,39.37,Yes,1,0,0,0,1,0,0,0,0,0,45.62
2020-2021,Central Coast,2020,8,Area 7,Angling from boat,SALMON,Coho,Not Adipose Marked,Kept,Legal Size,314.62,10260.96,Pieces,1,0.06,313.34,10501.43,Pieces,102.48,Yes,1,0,0,0,1,0,0,0,0,0,313.34
2020-2021,Central Coast,2020,8,Area 7,Angling from boat,SALMON,Coho,Not Checked,Kept,Legal Size,18.86,299.25,Pieces,1,0.06,18.79,297.98,Pieces,17.26,Yes,1,0,0,0,1,0,0,0,0,0,18.79
2020-2021,Central Coast,2020,8,Area 7,Angling from boat,SALMON,Coho,Not Adipose Marked,Released,Unspecified,56.59,2161.09,Pieces,1.14,0.08,49.73,1682.74,Pieces,41.02,Yes,1,0,0,0,1,0,0,0,0,0,49.73
2020-2021,Central Coast,2020,8,Area 8,Angling from boat,SALMON,Coho,Adipose Marked,Kept,Legal Size,201.82,32142,Pieces,1,0.06,201,32013.96,Pieces,178.92,Yes,1,0,0,0,1,0,0,0,0,0,201
2020-2021,Central Coast,2020,8,Area 8,Angling from boat,SALMON,Coho,Not Adipose Marked,Kept,Legal Size,435.67,54056.47,Pieces,1,0.06,433.89,54238.06,Pieces,232.89,Yes,1,0,0.032200756,0.017674895,0.950124349,0.032200756,0.017674895,0,13.97158596,7.668960232,412.2494538
2020-2021,Central Coast,2020,8,Area 8,Angling from boat,SALMON,Coho,Not Checked,Kept,Legal Size,5.15,8.1,Pieces,1,0.06,5.13,8.12,Pieces,2.85,Yes,1,0,0.50131245,0.49868755,0,0.50131245,0.49868755,0,2.57173287,2.55826713,0
2020-2021,Central Coast,2020,8,Area 8,Angling from boat,SALMON,Coho,Not Adipose Marked,Released,Unspecified,238.51,34681.01,Pieces,1.14,0.08,209.61,27027.87,Pieces,164.4,Yes,1,0,0,0,1,0,0,0,0,0,209.61
2020-2021,Central Coast,2020,8,Area 9,Angling from boat,SALMON,Coho,Adipose Marked,Kept,Legal Size,142.71,6738.75,Pieces,1,0.06,142.13,6750.61,Pieces,82.16,Yes,1,0.284245544,0,0.161869715,0.553884741,0.284245544,0.446115259,40.39981916,0,23.00654254,78.7236383
2020-2021,Central Coast,2020,8,Area 9,Angling from boat,SALMON,Coho,Not Adipose Marked,Kept,Legal Size,2353.93,436406.32,Pieces,1,0.06,2344.34,450989.27,Pieces,671.56,Yes,1,0.315796892,0,0.564014111,0.120188997,0.315796892,0.879811003,740.3352864,0,1322.240841,281.7638728
2020-2021,Central Coast,2020,8,Area 9,Angling from boat,SALMON,Coho,Not Checked,Kept,Legal Size,232.75,7622.11,Pieces,1,0.06,231.81,7737.41,Pieces,87.96,Yes,1,0.295708928,0,0.704291072,0,0.295708928,1,68.54828664,0,163.2617134,0
2020-2021,Central Coast,2020,8,Area 9,Angling from boat,SALMON,Coho,Adipose Marked,Released,Unspecified,20.56,120.84,Pieces,1.14,0.08,18.07,95.13,Pieces,9.75,Yes,1,0.250985631,0,0.749014369,0,0.250985631,1,4.535310357,0,13.53468964,0
2020-2021,Central Coast,2020,8,Area 9,Angling from boat,SALMON,Coho,Not Adipose Marked,Released,Unspecified,1398.74,1465806.6,Pieces,1.14,0.08,1229.27,1140438.31,Pieces,1067.91,Yes,1,0.075697409,0,0.924302591,0,0.075697409,1,93.05255444,0,1136.217446,0
2020-2021,Central Coast,2020,8,Area 9,Angling from boat,SALMON,Coho,Not Checked,Released,Unspecified,38.6,311.12,Pieces,1.14,0.08,33.92,246.63,Pieces,15.7,Yes,1,0.334266795,0,0.665733205,0,0.334266795,1,11.33832967,0,22.58167033,0
2020-2021,Central Coast,2020,9,Area 6,Angling from boat,SALMON,Coho,Not Adipose Marked,Kept,Legal Size,58.89,1085.34,Pieces,1,0.06,58.65,1087.86,Pieces,32.98,Yes,1,0,0,0,1,0,0,0,0,0,58.65
2020-2021,Central Coast,2020,9,Area 6,Angling from boat,SALMON,Coho,Not Checked,Kept,Legal Size,8.89,17.45,Pieces,1,0.06,8.85,17.57,Pieces,4.19,Yes,1,0.335838664,0,0,0.664161336,0.335838664,0.335838664,2.972172173,0,0,5.877827827
2020-2021,Central Coast,2020,9,Area 6,Angling from boat,SALMON,Coho,Not Adipose Marked,Released,Unspecified,5.97,23.71,Pieces,1.14,0.08,5.25,18.46,Pieces,4.3,Yes,1,0,0,0,1,0,0,0,0,0,5.25
2020-2021,Central Coast,2020,9,Area 6,Angling from boat,SALMON,Coho,Not Checked,Released,Unspecified,111.6,10334.1,Pieces,1.14,0.08,98.08,8034.52,Pieces,89.64,Yes,1,0,0,0,1,0,0,0,0,0,98.08
2020-2021,Central Coast,2020,9,Area 8,Angling from boat,SALMON,Coho,Not Adipose Marked,Kept,Legal Size,440.01,56660.22,Pieces,1,0.06,438.22,56833.08,Pieces,238.4,Yes,1,0,0,0,1,0,0,0,0,0,438.22
2020-2021,Central Coast,2020,9,Area 8,Angling from boat,SALMON,Coho,Not Adipose Marked,Released,Unspecified,43.13,1774.12,Pieces,1.14,0.08,37.91,1378.16,Pieces,37.12,Yes,1,0,0,0,1,0,0,0,0,0,37.91
2020-2021,Central Coast,2020,9,Area 9,Angling from boat,SALMON,Coho,Not Adipose Marked,Kept,Legal Size,101.17,734.06,Pieces,1,0.06,100.76,761.59,Pieces,27.6,Yes,1,0.70817927,0,0.26297363,0.028847099,0.70817927,0.971152901,71.35614328,0,26.497223,2.906633729
2020-2021,Central Coast,2020,9,Area 9,Angling from boat,SALMON,Coho,Not Checked,Kept,Legal Size,5.97,23.71,Pieces,1,0.06,5.95,23.63,Pieces,4.86,Yes,1,1,0,0,0,1,1,5.95,0,0,0
2020-2021,Central Coast,2020,9,Area 9,Angling from boat,SALMON,Coho,Not Adipose Marked,Released,Unspecified,5.97,11.81,Pieces,1.14,0.08,5.25,9.27,Pieces,3.05,Yes,1,0,0,1,0,0,1,0,0,5.25,0
2020-2021,Central Coast,2020,11,Area 5,Angling from boat,SALMON,Coho,Adipose Marked,Kept,Legal Size,2.66,4.41,Pieces,1,0.06,2.65,4.39,Pieces,2.1,Yes,1,0,1,0,0,1,0,0,2.65,0,0
2021-2022,Central Coast,2021,4,Area 6,Angling from boat,SALMON,Coho,Not Adipose Marked,Released,Unspecified,10.91,108.1,Pieces,1.13,0.16,9.64,86.25,Pieces,9.29,Yes,1,0,0,0,1,0,0,0,0,0,9.64
2021-2022,Central Coast,2021,6,Area 5,Angling from boat,SALMON,Coho,Not Adipose Marked,Kept,Legal Size,11.79,68.81,Pieces,1.14,0.05,10.35,53.28,Pieces,7.3,Yes,1,0.230379312,0.769620688,0,0,1,0.230379312,2.384425881,7.965574119,0,0
2021-2022,Central Coast,2021,6,Area 6,Angling from boat,SALMON,Coho,Not Adipose Marked,Kept,Legal Size,70.82,673.26,Pieces,1.14,0.05,62.17,527.74,Pieces,22.97,Yes,1,0.12061864,0.12809467,0.064047335,0.687239356,0.248713309,0.184665975,7.498860827,7.963645621,3.981822811,42.72567074
2021-2022,Central Coast,2021,6,Area 7,Angling from boat,SALMON,Coho,Adipose Marked,Kept,Legal Size,3.7,10.01,Pieces,1.14,0.05,3.25,7.74,Pieces,2.78,Yes,1,0,0,0,1,0,0,0,0,0,3.25
2021-2022,Central Coast,2021,6,Area 7,Angling from boat,SALMON,Coho,Not Checked,Kept,Legal Size,2.85,5.26,Pieces,1.14,0.05,2.5,4.07,Pieces,2.02,Yes,1,0,1,0,0,1,0,0,2.5,0,0
2021-2022,Central Coast,2021,6,Area 7,Angling from boat,SALMON,Coho,Not Adipose Marked,Released,Unspecified,4.54,16.04,Pieces,1.13,0.16,4.01,12.84,Pieces,3.58,Yes,1,0,0,0,1,0,0,0,0,0,4.01
2021-2022,Central Coast,2021,6,Area 8,Angling from boat,SALMON,Coho,Not Adipose Marked,Kept,Legal Size,18.14,256.62,Pieces,1.14,0.05,15.93,198.35,Pieces,14.08,Yes,1,0,1,0,0,1,0,0,15.93,0,0
2021-2022,Central Coast,2021,6,Area 9,Angling from boat,SALMON,Coho,Adipose Marked,Kept,Legal Size,2.85,5.26,Pieces,1.14,0.05,2.5,4.07,Pieces,2.02,Yes,1,1,0,0,0,1,1,2.5,0,0,0
2021-2022,Central Coast,2021,6,Area 9,Angling from boat,SALMON,Coho,Not Adipose Marked,Kept,Legal Size,26.79,284.19,Pieces,1.14,0.05,23.52,220.29,Pieces,14.84,Yes,1,0.893710151,0,0.106289849,0,0.893710151,1,21.02006274,0,2.499937259,0
2021-2022,Central Coast,2021,6,Area 9,Angling from boat,SALMON,Coho,Not Checked,Kept,Legal Size,9.07,32.08,Pieces,1.14,0.05,7.96,24.87,Pieces,4.99,Yes,1,0.5,0,0.5,0,0.5,1,3.98,0,3.98,0
2021-2022,Central Coast,2021,6,Area 9,Angling from boat,SALMON,Coho,Not Adipose Marked,Released,Unspecified,4.54,16.04,Pieces,1.13,0.16,4.01,12.84,Pieces,3.58,Yes,1,0,0,1,0,0,1,0,0,4.01,0
2021-2022,Central Coast,2021,7,Area 5,Angling from boat,SALMON,Coho,Not Adipose Marked,Kept,Legal Size,16.57,175.1,Pieces,1.14,0.05,14.54,135.43,Pieces,11.64,Yes,1,0,1,0,0,1,0,0,14.54,0,0
2021-2022,Central Coast,2021,7,Area 5,Angling from boat,SALMON,Coho,Not Checked,Kept,Legal Size,24.61,284.91,Pieces,1.14,0.05,21.61,220.64,Pieces,14.85,Yes,1,0,0,0.364388344,0.635611656,0,0.364388344,0,0,7.874432111,13.73556789
2021-2022,Central Coast,2021,7,Area 5,Angling from boat,SALMON,Coho,Not Checked,Released,Unspecified,16.79,124.83,Pieces,1.13,0.16,14.83,101.86,Pieces,10.09,Yes,1,0,0,0.534141684,0.465858316,0,0.534141684,0,0,7.921321175,6.908678825
2021-2022,Central Coast,2021,7,Area 6,Angling from boat,SALMON,Coho,Adipose Marked,Kept,Legal Size,46.2,1624.06,Pieces,1.14,0.05,40.56,1255.39,Pieces,35.43,Yes,1,0.059763896,0,0.059763896,0.880472209,0.059763896,0.119527791,2.42402361,0,2.42402361,35.71195278
2021-2022,Central Coast,2021,7,Area 6,Angling from boat,SALMON,Coho,Not Adipose Marked,Kept,Legal Size,807.26,43107.32,Pieces,1.14,0.05,708.68,34374.55,Pieces,185.4,Yes,1,0.256734933,0.079590918,0.104210487,0.559463662,0.33632585,0.36094542,181.9429121,56.40449159,73.85188817,396.4807082
2021-2022,Central Coast,2021,7,Area 6,Angling from boat,SALMON,Coho,Not Checked,Kept,Legal Size,140.08,4697.33,Pieces,1.14,0.05,122.97,3654.81,Pieces,60.46,Yes,1,0.728881727,0.03955619,0.128047468,0.103514615,0.768437917,0.856929195,89.63058597,4.864224684,15.7459971,12.72919225
2021-2022,Central Coast,2021,7,Area 6,Angling from boat,SALMON,Coho,Adipose Marked,Released,Unspecified,16.57,97.21,Pieces,1.13,0.16,14.64,80.18,Pieces,8.95,Yes,1,1,0,0,0,1,1,14.64,0,0,0
2021-2022,Central Coast,2021,7,Area 6,Angling from boat,SALMON,Coho,Not Adipose Marked,Released,Unspecified,814.88,57982.24,Pieces,1.13,0.16,719.93,55678.58,Pieces,235.96,Yes,1,0.47597783,0.091494512,0.223416184,0.209111474,0.567472342,0.699394014,342.6707189,65.86964436,160.8440135,150.5456232
2021-2022,Central Coast,2021,7,Area 6,Angling from boat,SALMON,Coho,Not Checked,Released,Unspecified,209.74,8297.14,Pieces,1.13,0.16,185.3,7166.67,Pieces,84.66,Yes,1,0.470585768,0.013209256,0.473445251,0.042759724,0.483795024,0.94403102,87.19954285,2.447675139,87.72940508,7.923376927
2021-2022,Central Coast,2021,7,Area 7,Angling from boat,SALMON,Coho,Not Adipose Marked,Kept,Legal Size,315.87,20739.28,Pieces,1.14,0.05,277.29,16159.68,Pieces,127.12,Yes,1,0,0.11357167,0,0.88642833,0.11357167,0,0,31.49228845,0,245.7977115
2021-2022,Central Coast,2021,7,Area 7,Angling from boat,SALMON,Coho,Not Checked,Kept,Legal Size,26.09,309.59,Pieces,1.14,0.05,22.9,239.79,Pieces,15.49,Yes,1,0.100712551,0,0.687582192,0.211705257,0.100712551,0.788294743,2.306317428,0,15.7456322,4.848050376
2021-2022,Central Coast,2021,7,Area 7,Angling from boat,SALMON,Coho,Not Adipose Marked,Released,Unspecified,144.82,14722.02,Pieces,1.13,0.16,127.95,11820.36,Pieces,108.72,Yes,1,0,0,0,1,0,0,0,0,0,127.95
2021-2022,Central Coast,2021,7,Area 7,Angling from boat,SALMON,Coho,Not Checked,Released,Unspecified,82.79,4651.54,Pieces,1.13,0.16,73.15,3738.32,Pieces,61.14,Yes,1,0,0,0.866589384,0.133410616,0,0.866589384,0,0,63.39101342,9.758986577
2021-2022,Central Coast,2021,7,Area 8,Angling from boat,SALMON,Coho,Not Adipose Marked,Kept,Legal Size,353.71,13103.79,Pieces,1.14,0.05,310.51,10320.06,Pieces,101.59,Yes,1,0.059842197,0.050711124,0.320661955,0.568784723,0.110553322,0.380504152,18.58160068,15.7463112,99.56874371,176.6133444
2021-2022,Central Coast,2021,7,Area 8,Angling from boat,SALMON,Coho,Not Checked,Kept,Legal Size,32.45,376.94,Pieces,1.14,0.05,28.48,292.36,Pieces,17.1,Yes,1,0,0.170775096,0.276408301,0.552816603,0.170775096,0.276408301,0,4.863674732,7.872108423,15.74421685
2021-2022,Central Coast,2021,7,Area 8,Angling from boat,SALMON,Coho,Not Adipose Marked,Released,Unspecified,392.1,37979.99,Pieces,1.13,0.16,346.41,32057.84,Pieces,179.05,Yes,1,0.007042573,0.274476743,0.149578172,0.568902512,0.281519316,0.156620745,2.439617545,95.08148862,51.81537465,197.0735192
2021-2022,Central Coast,2021,7,Area 8,Angling from boat,SALMON,Coho,Not Checked,Released,Unspecified,17.94,285.86,Pieces,1.13,0.16,15.85,228.17,Pieces,15.11,Yes,1,0,0,0,1,0,0,0,0,0,15.85
2021-2022,Central Coast,2021,7,Area 9,Angling from boat,SALMON,Coho,Adipose Marked,Kept,Legal Size,89.65,3252.96,Pieces,1.14,0.05,78.7,2521.18,Pieces,50.21,Yes,1,0.546203575,0,0.453796425,0,0.546203575,1,42.98622132,0,35.71377868,0
2021-2022,Central Coast,2021,7,Area 9,Angling from boat,SALMON,Coho,Not Adipose Marked,Kept,Legal Size,1372.59,284936.43,Pieces,1.14,0.05,1204.97,222925.49,Pieces,472.15,Yes,1,0.688892786,0,0.21411047,0.096996744,0.688892786,0.903003256,830.0951405,0,257.9966931,116.8781665
2021-2022,Central Coast,2021,7,Area 9,Angling from boat,SALMON,Coho,Not Checked,Kept,Legal Size,133,1895.7,Pieces,1.14,0.05,116.75,1492.26,Pieces,38.63,Yes,1,0.18686479,0,0.81313521,0,0.18686479,1,21.8164642,0,94.9335358,0
2021-2022,Central Coast,2021,7,Area 9,Angling from boat,SALMON,Coho,Adipose Marked,Released,Unspecified,17.94,285.86,Pieces,1.13,0.16,15.85,228.17,Pieces,15.11,Yes,1,0,0,0,1,0,0,0,0,0,15.85
2021-2022,Central Coast,2021,7,Area 9,Angling from boat,SALMON,Coho,Not Adipose Marked,Released,Unspecified,229.1,8460.28,Pieces,1.13,0.16,202.41,7427.34,Pieces,86.18,Yes,1,0.132583819,0,0.581429925,0.285986256,0.132583819,0.714013744,26.83629073,0,117.6872311,57.88647817
2021-2022,Central Coast,2021,7,Area 9,Angling from boat,SALMON,Coho,Not Checked,Released,Unspecified,196.96,9558.51,Pieces,1.13,0.16,174.01,8069.65,Pieces,89.83,Yes,1,0,0,1,0,0,1,0,0,174.01,0
2021-2022,Central Coast,2021,8,Area 5,Angling from boat,SALMON,Coho,Not Adipose Marked,Kept,Legal Size,61.33,1220,Pieces,1.14,0.05,53.84,946.87,Pieces,30.77,Yes,0.87,0,0.082893605,0,0.917106395,0.082893605,0,0,4.462991702,0,49.3770083
2021-2022,Central Coast,2021,8,Area 6,Angling from boat,SALMON,Coho,Adipose Marked,Kept,Legal Size,96.36,3666.71,Pieces,1.14,0.05,84.59,2842.25,Pieces,53.31,Yes,1,0,0,0,1,0,0,0,0,0,84.59
2021-2022,Central Coast,2021,8,Area 6,Angling from boat,SALMON,Coho,Not Adipose Marked,Kept,Legal Size,2641.51,316481.6,Pieces,1.14,0.05,2318.93,256248.61,Pieces,506.21,Yes,0.98,0.102980513,0.047317392,0.070706812,0.778995284,0.150297904,0.173687325,238.8046006,109.7257188,163.9641469,1806.435534
2021-2022,Central Coast,2021,8,Area 6,Angling from boat,SALMON,Coho,Not Checked,Kept,Legal Size,260.07,7867,Pieces,1.14,0.05,228.31,6182.54,Pieces,78.63,Yes,1,0.107298126,0.293779502,0.048771876,0.550150496,0.401077628,0.156070002,24.49723521,67.07279803,11.13510691,125.6048599
2021-2022,Central Coast,2021,8,Area 6,Angling from boat,SALMON,Coho,Adipose Marked,Released,Unspecified,19.96,378.51,Pieces,1.13,0.16,17.64,301.7,Pieces,17.37,Yes,1,0,0,0,1,0,0,0,0,0,17.64
2021-2022,Central Coast,2021,8,Area 6,Angling from boat,SALMON,Coho,Not Adipose Marked,Released,Unspecified,884.38,31566.45,Pieces,1.13,0.16,781.34,36913.31,Pieces,192.13,Yes,0.95,0.415527606,0.061726649,0.209401075,0.31334467,0.477254255,0.624928681,324.6683397,48.22950004,163.6134357,244.8287246
2021-2022,Central Coast,2021,8,Area 6,Angling from boat,SALMON,Coho,Not Checked,Released,Unspecified,197.64,7143.4,Pieces,1.13,0.16,174.61,6188.74,Pieces,78.67,Yes,1,0.051343857,0.064660681,0.782993818,0.101001644,0.116004538,0.834337675,8.965150857,11.29040147,136.7185506,17.63589711
2021-2022,Central Coast,2021,8,Area 7,Angling from boat,SALMON,Coho,Adipose Marked,Kept,Legal Size,9.25,42.27,Pieces,1.14,0.05,8.12,32.72,Pieces,5.72,Yes,0.27,0,0.274221239,0,0.725778761,0.274221239,0,0,2.22667646,0,5.89332354
2021-2022,Central Coast,2021,8,Area 7,Angling from boat,SALMON,Coho,Not Adipose Marked,Kept,Legal Size,1984.09,361994.86,Pieces,1.14,0.05,1741.79,285943.85,Pieces,534.74,Yes,0.93,0.017900428,0.014064622,0.044768313,0.923266638,0.031965049,0.06266874,31.17878596,24.49761754,77.97699904,1608.136597
2021-2022,Central Coast,2021,8,Area 7,Angling from boat,SALMON,Coho,Not Checked,Kept,Legal Size,93.91,1086.45,Pieces,1.14,0.05,82.44,852.9,Pieces,29.2,Yes,0.94,0,0.162078585,0,0.837921415,0.162078585,0,0,13.36175852,0,69.07824148
2021-2022,Central Coast,2021,8,Area 7,Angling from boat,SALMON,Coho,Not Adipose Marked,Released,Unspecified,1333.03,351570.14,Pieces,1.13,0.16,1177.71,302303.36,Pieces,549.82,Yes,0.95,0,0.003806166,0.040016069,0.956177766,0.003806166,0.040016069,0,4.482559288,47.12732444,1126.100116
2021-2022,Central Coast,2021,8,Area 7,Angling from boat,SALMON,Coho,Not Checked,Released,Unspecified,48.55,1145.35,Pieces,1.13,0.16,42.9,931,Pieces,30.51,Yes,0.89,0,0,0,1,0,0,0,0,0,42.9
2021-2022,Central Coast,2021,8,Area 8,Angling from boat,SALMON,Coho,Adipose Marked,Kept,Legal Size,79.52,1903.47,Pieces,1.14,0.05,69.81,1478.14,Pieces,38.45,Yes,1,0,0.191406569,0.662737323,0.145856108,0.191406569,0.662737323,0,13.36209258,46.26569254,10.18221488
2021-2022,Central Coast,2021,8,Area 8,Angling from boat,SALMON,Coho,Not Adipose Marked,Kept,Legal Size,1773.12,119266.48,Pieces,1.14,0.05,1556.58,97477.79,Pieces,312.21,Yes,0.9,0.012930216,0.03169057,0.266562134,0.688817079,0.044620787,0.27949235,20.12691618,49.32890795,414.9252867,1072.198889
2021-2022,Central Coast,2021,8,Area 8,Angling from boat,SALMON,Coho,Not Checked,Kept,Legal Size,172.28,4601.99,Pieces,1.14,0.05,151.24,3599.13,Pieces,59.99,Yes,0.92,0.117803258,0.029450815,0.717804324,0.134941603,0.147254073,0.835607583,17.81656475,4.454141187,108.560726,20.40856803
2021-2022,Central Coast,2021,8,Area 8,Angling from boat,SALMON,Coho,Adipose Marked,Released,Unspecified,91.45,6167.43,Pieces,1.13,0.16,80.79,4945.2,Pieces,70.32,Yes,1,0,0,0.873160843,0.126839157,0,0.873160843,0,0,70.54266453,10.24733547
2021-2022,Central Coast,2021,8,Area 8,Angling from boat,SALMON,Coho,Not Adipose Marked,Released,Unspecified,1346.33,199482.95,Pieces,1.13,0.16,1189.47,184151.64,Pieces,429.13,Yes,0.97,0,0.019890752,0.445783202,0.534326046,0.019890752,0.445783202,0,23.65945326,530.2457448,635.5648019
2021-2022,Central Coast,2021,8,Area 8,Angling from boat,SALMON,Coho,Not Checked,Released,Unspecified,78.93,1983.73,Pieces,1.13,0.16,69.74,1646.18,Pieces,40.57,Yes,1,0,0,0.838101079,0.161898921,0,0.838101079,0,0,58.44916922,11.29083078
2021-2022,Central Coast,2021,8,Area 9,Angling from boat,SALMON,Coho,Adipose Marked,Kept,Legal Size,101.36,2691.64,Pieces,1.14,0.05,88.98,2092.54,Pieces,45.74,Yes,0.93,0.57947267,0,0.157335859,0.263191471,0.57947267,0.736808529,51.56147818,0,13.99974473,23.41877709
2021-2022,Central Coast,2021,8,Area 9,Angling from boat,SALMON,Coho,Not Adipose Marked,Kept,Legal Size,2639.06,285418.8,Pieces,1.14,0.05,2316.78,232286.54,Pieces,481.96,Yes,0.93,0.304277487,0,0.61921481,0.076507704,0.304277487,0.923492296,704.9439953,0,1434.584486,177.2515182
2021-2022,Central Coast,2021,8,Area 9,Angling from boat,SALMON,Coho,Not Checked,Kept,Legal Size,1116.64,125663.21,Pieces,1.14,0.05,980.28,99051.07,Pieces,314.72,Yes,0.97,0.36217684,0,0.63782316,0,0.36217684,1,355.0347131,0,625.2452869,0
2021-2022,Central Coast,2021,8,Area 9,Angling from boat,SALMON,Coho,Adipose Marked,Released,Unspecified,136.74,9846.66,Pieces,1.13,0.16,120.8,7979.19,Pieces,89.33,Yes,1,0.195849851,0,0.074212305,0.729937844,0.195849851,0.270062156,23.65866202,0,8.964846456,88.17649153
2021-2022,Central Coast,2021,8,Area 9,Angling from boat,SALMON,Coho,Not Adipose Marked,Released,Unspecified,3278.86,993543.08,Pieces,1.13,0.16,2896.83,944223.86,Pieces,971.71,Yes,0.96,0.223578644,0,0.55070228,0.225719076,0.223578644,0.774280924,647.6693246,0,1595.290885,653.86979
2021-2022,Central Coast,2021,8,Area 9,Angling from boat,SALMON,Coho,Not Checked,Released,Unspecified,1001.56,211306.92,Pieces,1.13,0.16,884.87,180677.37,Pieces,425.06,Yes,0.99,0.068502742,0,0.931497258,0,0.068502742,1,60.61602118,0,824.2539788,0
2021-2022,Central Coast,2021,9,Area 5,Angling from boat,SALMON,Coho,Not Adipose Marked,Kept,Legal Size,7.72,36.42,Pieces,1.14,0.05,6.78,28.17,Pieces,5.31,Yes,1,0,1,0,0,1,0,0,6.78,0,0
2021-2022,Central Coast,2021,9,Area 5,Angling from boat,SALMON,Coho,Not Checked,Released,Unspecified,2.78,4.94,Pieces,1.13,0.16,2.45,3.98,Pieces,1.99,Yes,0,0,1,0,0,1,0,0,2.45,0,0
2021-2022,Central Coast,2021,9,Area 6,Angling from boat,SALMON,Coho,Not Adipose Marked,Kept,Legal Size,180.27,12027.87,Pieces,1.14,0.05,158.25,9327.02,Pieces,96.58,Yes,0.91,0.088103635,0.013414815,0,0.89848155,0.10151845,0.088103635,13.94240029,2.122894423,0,142.1847053
2021-2022,Central Coast,2021,9,Area 6,Angling from boat,SALMON,Coho,Not Checked,Kept,Legal Size,29.28,698.31,Pieces,1.14,0.05,25.71,539.68,Pieces,23.23,Yes,1,0,0,0,1,0,0,0,0,0,25.71
2021-2022,Central Coast,2021,9,Area 7,Angling from boat,SALMON,Coho,Adipose Marked,Kept,Legal Size,2.78,4.94,Pieces,1.14,0.05,2.44,3.82,Pieces,1.95,Yes,0,0,0,0,1,0,0,0,0,0,2.44
2021-2022,Central Coast,2021,9,Area 7,Angling from boat,SALMON,Coho,Not Adipose Marked,Kept,Legal Size,53.44,481.36,Pieces,1.14,0.05,46.91,376.03,Pieces,19.39,Yes,0.68,0,0.045252972,0.051980316,0.902766713,0.045252972,0.051980316,0,2.122816903,2.438396603,42.34878649
2021-2022,Central Coast,2021,9,Area 7,Angling from boat,SALMON,Coho,Not Adipose Marked,Released,Unspecified,40.21,1576.65,Pieces,1.13,0.16,35.53,1256.02,Pieces,35.44,Yes,1,0,0,0,1,0,0,0,0,0,35.53
2021-2022,Central Coast,2021,9,Area 8,Angling from boat,SALMON,Coho,Adipose Marked,Kept,Legal Size,160.84,25226.33,Pieces,1.14,0.05,141.2,19486.96,Pieces,139.6,Yes,1,0,0,0,1,0,0,0,0,0,141.2
2021-2022,Central Coast,2021,9,Area 8,Angling from boat,SALMON,Coho,Not Adipose Marked,Kept,Legal Size,237.23,19725.91,Pieces,1.14,0.05,208.26,15301.75,Pieces,123.7,Yes,0.4,0.02361458,0,0.058545241,0.917840179,0.02361458,0.082159821,4.91797244,0,12.19263194,191.1493956
2021-2022,Central Coast,2021,9,Area 8,Angling from boat,SALMON,Coho,Not Checked,Kept,Legal Size,13.89,123.46,Pieces,1.14,0.05,12.19,95.49,Pieces,9.77,Yes,0,0,0,1,0,0,1,0,0,12.19,0
2021-2022,Central Coast,2021,9,Area 8,Angling from boat,SALMON,Coho,Adipose Marked,Released,Unspecified,160.84,25226.33,Pieces,1.13,0.16,142.1,20096.32,Pieces,141.76,Yes,1,0,0,0,1,0,0,0,0,0,142.1
2021-2022,Central Coast,2021,9,Area 8,Angling from boat,SALMON,Coho,Not Adipose Marked,Released,Unspecified,525.3,266457.15,Pieces,1.13,0.16,464.1,212312.88,Pieces,460.77,Yes,1,0,0,0,1,0,0,0,0,0,464.1
2021-2022,Central Coast,2021,9,Area 9,Angling from boat,SALMON,Coho,Not Adipose Marked,Kept,Legal Size,724.22,138124.74,Pieces,1.14,0.05,635.78,107376.65,Pieces,327.68,Yes,0.98,0.677960271,0,0.046541368,0.275498361,0.677960271,0.724501639,431.0335813,0,29.59007082,175.1563479
2021-2022,Central Coast,2021,9,Area 9,Angling from boat,SALMON,Coho,Not Checked,Kept,Legal Size,92.6,1939.13,Pieces,1.14,0.05,81.29,1509.6,Pieces,38.85,Yes,0.67,0.820007209,0,0.179992791,0,0.820007209,1,66.65838598,0,14.63161402,0
2021-2022,Central Coast,2021,9,Area 9,Angling from boat,SALMON,Coho,Not Adipose Marked,Released,Unspecified,560.78,142628.18,Pieces,1.13,0.16,495.44,116263.2,Pieces,340.97,Yes,1,0.989926968,0,0.010073032,0,0.989926968,1,490.4494171,0,4.990582915,0
2021-2022,Central Coast,2021,9,Area 9,Angling from boat,SALMON,Coho,Not Checked,Released,Unspecified,11.11,39.51,Pieces,1.13,0.16,9.82,32.77,Pieces,5.72,Yes,0,0.5,0,0.5,0,0.5,1,4.91,0,4.91,0
2021-2022,Central Coast,2021,10,Area 7,Angling from boat,SALMON,Coho,Adipose Marked,Kept,Legal Size,32.14,1001.02,Pieces,1.14,0.05,28.22,773.28,Pieces,27.81,Yes,0,0,0,0,1,0,0,0,0,0,28.22
2021-2022,Central Coast,2021,10,Area 7,Angling from boat,SALMON,Coho,Not Adipose Marked,Released,Unspecified,64.29,4004.08,Pieces,1.13,0.16,56.8,3190.23,Pieces,56.48,Yes,0,0,0,0,1,0,0,0,0,0,56.8
2022-2023,Central Coast,2022,5,Area 7,Angling from boat,SALMON,Coho,Adipose Marked,Kept,Legal Size,11.18,102.69,Pieces,1.14,0.05,9.84,79.72,Pieces,8.93,Yes,1,0,1,0,0,1,0,0,9.84,0,0
2022-2023,Central Coast,2022,6,Area 6,Angling from boat,SALMON,Coho,Adipose Marked,Kept,Legal Size,21.22,67.96,Pieces,1.14,0.05,18.68,53.27,Pieces,7.3,Yes,0.65,0.721771702,0.278228298,0,0,1,0.721771702,13.48269539,5.197304615,0,0
2022-2023,Central Coast,2022,6,Area 6,Angling from boat,SALMON,Coho,Not Adipose Marked,Kept,Legal Size,174.12,978.17,Pieces,1.14,0.05,153.25,799.54,Pieces,28.28,Yes,0.63,0.638031804,0,0.161055746,0.20091245,0.638031804,0.79908755,97.7783739,0,24.68179307,30.78983303
2022-2023,Central Coast,2022,6,Area 6,Angling from boat,SALMON,Coho,Not Checked,Kept,Legal Size,39.47,323.54,Pieces,1.14,0.05,34.74,252.78,Pieces,15.9,Yes,0.5,0.90233387,0,0,0.09766613,0.90233387,0.90233387,31.34707864,0,0,3.39292136
2022-2023,Central Coast,2022,6,Area 6,Angling from boat,SALMON,Coho,Adipose Marked,Released,Unspecified,4.38,10.45,Pieces,0.95,0.11,4.63,11.95,Pieces,3.46,Yes,0,0,0,1,0,0,1,0,0,4.63,0
2022-2023,Central Coast,2022,6,Area 6,Angling from boat,SALMON,Coho,Not Adipose Marked,Released,Unspecified,21.49,45.6,Pieces,0.95,0.11,22.7,57.81,Pieces,7.6,Yes,0.29,0.394711091,0,0.509916705,0.095372204,0.394711091,0.904627796,8.959941755,0,11.57510921,2.164949036
2022-2023,Central Coast,2022,6,Area 6,Angling from boat,SALMON,Coho,Not Checked,Released,Unspecified,8.24,16.23,Pieces,0.95,0.11,8.7,19.12,Pieces,4.37,Yes,0.47,0,0,0.532093832,0.467906168,0,0.532093832,0,0,4.629216336,4.070783664
2022-2023,Central Coast,2022,6,Area 7,Angling from boat,SALMON,Coho,Adipose Marked,Kept,Legal Size,24.29,122.86,Pieces,1.14,0.05,21.38,95.99,Pieces,9.8,Yes,0.73,1,0,0,0,1,1,21.38,0,0,0
2022-2023,Central Coast,2022,6,Area 7,Angling from boat,SALMON,Coho,Not Adipose Marked,Kept,Legal Size,178.52,1202.48,Pieces,1.14,0.05,157.12,975.44,Pieces,31.23,Yes,0.84,0.727585145,0,0.021594948,0.250819908,0.727585145,0.749180092,114.3181779,0,3.392998169,39.40882391
2022-2023,Central Coast,2022,6,Area 7,Angling from boat,SALMON,Coho,Not Checked,Kept,Legal Size,62.97,365.23,Pieces,1.14,0.05,55.42,288.4,Pieces,16.98,Yes,0.72,0.965190413,0,0.034809587,0,0.965190413,1,53.49085268,0,1.929147317,0
2022-2023,Central Coast,2022,6,Area 7,Angling from boat,SALMON,Coho,Adipose Marked,Released,Unspecified,33.81,417.9,Pieces,0.95,0.11,35.71,483.39,Pieces,21.99,Yes,0.81,1,0,0,0,1,1,35.71,0,0,0
2022-2023,Central Coast,2022,6,Area 7,Angling from boat,SALMON,Coho,Not Adipose Marked,Released,Unspecified,90.12,655.09,Pieces,0.95,0.11,95.19,852.8,Pieces,29.2,Yes,0.95,0.820741283,0.136480153,0,0.042778564,0.957221436,0.820741283,78.12636271,12.99154574,0,4.07209155
2022-2023,Central Coast,2022,6,Area 7,Angling from boat,SALMON,Coho,Not Checked,Released,Unspecified,28.82,175.57,Pieces,0.95,0.11,30.44,208.34,Pieces,14.43,Yes,0.54,1,0,0,0,1,1,30.44,0,0,0
2022-2023,Central Coast,2022,6,Area 8,Angling from boat,SALMON,Coho,Adipose Marked,Kept,Legal Size,2.19,2.61,Pieces,1.14,0.05,1.93,2.03,Pieces,1.42,Yes,0,0,0,1,0,0,1,0,0,1.93,0
2022-2023,Central Coast,2022,6,Area 8,Angling from boat,SALMON,Coho,Not Adipose Marked,Kept,Legal Size,15.43,42.64,Pieces,1.14,0.05,13.58,33.36,Pieces,5.78,Yes,0.57,0,0,1,0,0,1,0,0,13.58,0
2022-2023,Central Coast,2022,6,Area 9,Angling from boat,SALMON,Coho,Adipose Marked,Kept,Legal Size,23.62,193.3,Pieces,1.14,0.05,20.79,150.51,Pieces,12.27,Yes,1,0.347143885,0,0.652856115,0,0.347143885,1,7.217121364,0,13.57287864,0
2022-2023,Central Coast,2022,6,Area 9,Angling from boat,SALMON,Coho,Not Adipose Marked,Kept,Legal Size,76.86,455.15,Pieces,1.14,0.05,67.65,360.72,Pieces,18.99,Yes,0.77,0.664960244,0,0.335039756,0,0.664960244,1,44.98456052,0,22.66543948,0
2022-2023,Central Coast,2022,6,Area 9,Angling from boat,SALMON,Coho,Not Checked,Kept,Legal Size,14,28.92,Pieces,1.14,0.05,12.32,22.68,Pieces,4.76,Yes,0.84,0.568125645,0,0.431874355,0,0.568125645,1,6.999307951,0,5.320692049,0
2022-2023,Central Coast,2022,6,Area 9,Angling from boat,SALMON,Coho,Adipose Marked,Released,Unspecified,29.04,541.48,Pieces,0.95,0.11,30.67,616.76,Pieces,24.83,Yes,1,0.070598787,0,0.929401213,0,0.070598787,1,2.16526479,0,28.50473521,0
2022-2023,Central Coast,2022,6,Area 9,Angling from boat,SALMON,Coho,Not Adipose Marked,Released,Unspecified,9.55,18.92,Pieces,0.95,0.11,10.09,22.47,Pieces,4.74,Yes,1,1,0,0,0,1,1,10.09,0,0,0
2022-2023,Central Coast,2022,6,Area 9,Angling from boat,SALMON,Coho,Not Checked,Released,Unspecified,15.2,96.21,Pieces,0.95,0.11,16.06,110.81,Pieces,10.53,Yes,0.13,0.13484511,0,0.86515489,0,0.13484511,1,2.165612462,0,13.89438754,0
2022-2023,Central Coast,2022,7,Area 5,Angling from boat,SALMON,Coho,Adipose Marked,Kept,Legal Size,11.22,19.02,Pieces,1.14,0.05,9.88,14.91,Pieces,3.86,Yes,0.19,0.428453108,0,0.571546892,0,0.428453108,1,4.233116704,0,5.646883296,0
2022-2023,Central Coast,2022,7,Area 5,Angling from boat,SALMON,Coho,Not Adipose Marked,Kept,Legal Size,51.11,540.95,Pieces,1.14,0.05,44.99,422.65,Pieces,20.56,Yes,0.9,0.263383173,0.305714249,0.430902577,0,0.569097423,0.694285751,11.84960898,13.75408407,19.38630695,0
2022-2023,Central Coast,2022,7,Area 5,Angling from boat,SALMON,Coho,Not Checked,Kept,Legal Size,11.16,42.8,Pieces,1.14,0.05,9.82,33.33,Pieces,5.77,Yes,0.76,0,1,0,0,1,0,0,9.82,0,0
2022-2023,Central Coast,2022,7,Area 5,Angling from boat,SALMON,Coho,Adipose Marked,Released,Unspecified,2.16,2.52,Pieces,0.95,0.11,2.29,2.88,Pieces,1.7,Yes,1,1,0,0,0,1,1,2.29,0,0,0
2022-2023,Central Coast,2022,7,Area 5,Angling from boat,SALMON,Coho,Not Adipose Marked,Released,Unspecified,12.98,90.64,Pieces,0.95,0.11,13.71,103.65,Pieces,10.18,Yes,1,1,0,0,0,1,1,13.71,0,0,0
2022-2023,Central Coast,2022,7,Area 6,Angling from boat,SALMON,Coho,Adipose Marked,Kept,Legal Size,104.31,566.64,Pieces,1.14,0.05,91.8,453.95,Pieces,21.31,Yes,0.36,0.663167681,0,0.102473535,0.234358784,0.663167681,0.765641216,60.87879316,0,9.407070473,21.51413637
2022-2023,Central Coast,2022,7,Area 6,Angling from boat,SALMON,Coho,Not Adipose Marked,Kept,Legal Size,1139.5,36823.03,Pieces,1.14,0.05,1002.92,30315.23,Pieces,174.11,Yes,0.81,0.407337822,0.064677866,0.028140064,0.499844248,0.472015689,0.435477886,408.5272487,64.86672572,28.22223255,501.303793
2022-2023,Central Coast,2022,7,Area 6,Angling from boat,SALMON,Coho,Not Checked,Kept,Legal Size,286.23,6937.19,Pieces,1.14,0.05,251.92,5486.85,Pieces,74.07,Yes,0.77,0.77386597,0.013485519,0.062997127,0.149651384,0.787351489,0.836863098,194.9523153,3.397271852,15.87023634,37.70017655
2022-2023,Central Coast,2022,7,Area 6,Angling from boat,SALMON,Coho,Adipose Marked,Released,Unspecified,116.48,2539.26,Pieces,0.95,0.11,123.03,3036.65,Pieces,55.11,Yes,0.6,0.471822613,0,0,0.528177387,0.471822613,0.471822613,58.04833613,0,0,64.98166387
2022-2023,Central Coast,2022,7,Area 6,Angling from boat,SALMON,Coho,Not Adipose Marked,Released,Unspecified,369.93,11566.35,Pieces,0.95,0.11,390.74,14958.89,Pieces,122.31,Yes,0.75,0.830867583,0,0,0.169132417,0.830867583,0.830867583,324.6531993,0,0,66.08680066
2022-2023,Central Coast,2022,7,Area 6,Angling from boat,SALMON,Coho,Not Checked,Released,Unspecified,353.43,35285.67,Pieces,0.95,0.11,373.31,41242.22,Pieces,203.08,Yes,0.92,0.783967193,0.164780884,0,0.051251923,0.948748077,0.783967193,292.6627927,61.51435178,0,19.13285548
2022-2023,Central Coast,2022,7,Area 7,Angling from boat,SALMON,Coho,Adipose Marked,Kept,Legal Size,177.28,2313.2,Pieces,1.14,0.05,156.03,1835.25,Pieces,42.84,Yes,0.54,0.648584178,0,0.204883687,0.146532135,0.648584178,0.853467865,101.1985893,0,31.96800164,22.86340904
2022-2023,Central Coast,2022,7,Area 7,Angling from boat,SALMON,Coho,Not Adipose Marked,Kept,Legal Size,1123.28,45096.28,Pieces,1.14,0.05,988.64,36673.48,Pieces,191.5,Yes,0.61,0.641424046,0.020683886,0.056179594,0.281712474,0.662107932,0.69760364,634.1374686,20.44891695,55.54139425,278.5122202
2022-2023,Central Coast,2022,7,Area 7,Angling from boat,SALMON,Coho,Not Checked,Kept,Legal Size,248.76,1179.55,Pieces,1.14,0.05,218.94,999.06,Pieces,31.61,Yes,0.36,0.710073637,0,0.113020054,0.176906309,0.710073637,0.823093691,155.4635221,0,24.74461053,38.7318674
2022-2023,Central Coast,2022,7,Area 7,Angling from boat,SALMON,Coho,Adipose Marked,Released,Unspecified,52.84,213.06,Pieces,0.95,0.11,55.81,279.63,Pieces,16.72,Yes,0.15,0.757257438,0,0.242742562,0,0.757257438,1,42.26253761,0,13.54746239,0
2022-2023,Central Coast,2022,7,Area 7,Angling from boat,SALMON,Coho,Not Adipose Marked,Released,Unspecified,530.02,35088.12,Pieces,0.95,0.11,559.83,43364.37,Pieces,208.24,Yes,0.63,0.757003119,0.004033249,0.020166246,0.218797386,0.761036368,0.777169365,423.793056,2.257933935,11.28966967,122.4893403
2022-2023,Central Coast,2022,7,Area 7,Angling from boat,SALMON,Coho,Not Checked,Released,Unspecified,116.14,2391.1,Pieces,0.95,0.11,122.67,2870.17,Pieces,53.57,Yes,0.45,0.460601299,0,0.018406205,0.520992497,0.460601299,0.479007503,56.5019613,0,2.257889109,63.9101496
2022-2023,Central Coast,2022,7,Area 8,Angling from boat,SALMON,Coho,Adipose Marked,Kept,Legal Size,105.79,1316.91,Pieces,1.14,0.05,93.11,1035.58,Pieces,32.18,Yes,0.65,0.024991092,0,0.667849532,0.307159376,0.024991092,0.692840624,2.326920578,0,62.18346996,28.59960946
2022-2023,Central Coast,2022,7,Area 8,Angling from boat,SALMON,Coho,Not Adipose Marked,Kept,Legal Size,594.11,14054.54,Pieces,1.14,0.05,522.9,11374.01,Pieces,106.65,Yes,0.74,0.010794485,0.036009504,0.412174938,0.541021073,0.046803989,0.422969423,5.644436444,18.8293695,215.5262751,282.899919
2022-2023,Central Coast,2022,7,Area 8,Angling from boat,SALMON,Coho,Not Checked,Kept,Legal Size,134.11,870.35,Pieces,1.14,0.05,118.04,699.01,Pieces,26.44,Yes,0.42,0,0,0.770415729,0.229584271,0,0.770415729,0,0,90.93987264,27.10012736
2022-2023,Central Coast,2022,7,Area 8,Angling from boat,SALMON,Coho,Adipose Marked,Released,Unspecified,69.42,1272.12,Pieces,0.95,0.11,73.32,1491.6,Pieces,38.62,Yes,0.09,0.038085731,0,0.615879,0.34603527,0.038085731,0.65396473,2.792445762,0,45.15624826,25.37130598
2022-2023,Central Coast,2022,7,Area 8,Angling from boat,SALMON,Coho,Not Adipose Marked,Released,Unspecified,238.38,10004.85,Pieces,0.95,0.11,251.79,12015.23,Pieces,109.61,Yes,0.94,0,0.009076226,0.134538295,0.85638548,0.009076226,0.134538295,0,2.285302842,33.87539725,215.6292999
2022-2023,Central Coast,2022,7,Area 8,Angling from boat,SALMON,Coho,Not Checked,Released,Unspecified,6.41,12.16,Pieces,0.95,0.11,6.77,14.18,Pieces,3.77,Yes,0,0,0,1,0,0,1,0,0,6.77,0
2022-2023,Central Coast,2022,7,Area 9,Angling from boat,SALMON,Coho,Adipose Marked,Kept,Legal Size,331.64,12289.2,Pieces,1.14,0.05,291.89,9671.47,Pieces,98.34,Yes,0.69,0.386864045,0,0.587352046,0.02578391,0.386864045,0.97421609,112.921746,0,171.4421886,7.526065382
2022-2023,Central Coast,2022,7,Area 9,Angling from boat,SALMON,Coho,Not Adipose Marked,Kept,Legal Size,1093.79,43398.55,Pieces,1.14,0.05,962.69,35268.2,Pieces,187.8,Yes,0.7,0.538541866,0,0.4536091,0.007849034,0.538541866,0.992150966,518.4488692,0,436.6849444,7.556186411
2022-2023,Central Coast,2022,7,Area 9,Angling from boat,SALMON,Coho,Not Checked,Kept,Legal Size,381.75,7519.56,Pieces,1.14,0.05,336,6025.96,Pieces,77.63,Yes,0.58,0.699777368,0,0.286371167,0.013851465,0.699777368,0.986148535,235.1251956,0,96.22071207,4.65409232
2022-2023,Central Coast,2022,7,Area 9,Angling from boat,SALMON,Coho,Adipose Marked,Released,Unspecified,98.06,1603.85,Pieces,0.95,0.11,103.57,1933.72,Pieces,43.97,Yes,0.41,0.087201916,0,0.912798084,0,0.087201916,1,9.031502433,0,94.53849757,0
2022-2023,Central Coast,2022,7,Area 9,Angling from boat,SALMON,Coho,Not Adipose Marked,Released,Unspecified,1209.65,698429.25,Pieces,0.95,0.11,1277.69,801176.43,Pieces,895.08,Yes,0.88,0.173534436,0.003534431,0.812342538,0.010588595,0.177068866,0.985876974,221.7232132,4.515906817,1037.921937,13.52894253
2022-2023,Central Coast,2022,7,Area 9,Angling from boat,SALMON,Coho,Not Checked,Released,Unspecified,267.16,13191.9,Pieces,0.95,0.11,282.19,15789.35,Pieces,125.66,Yes,0.92,0.607281718,0,0.372925941,0.019792341,0.607281718,0.980207659,171.368828,0,105.2359714,5.585200621
2022-2023,Central Coast,2022,8,Area 5,Angling from boat,SALMON,Coho,Adipose Marked,Kept,Legal Size,61.17,1333.3,Pieces,1.14,0.05,53.84,1038,Pieces,32.22,Yes,0.85,0,0.63367731,0.226974656,0.139348035,0.63367731,0.226974656,0,34.11718635,12.22031546,7.50249819
2022-2023,Central Coast,2022,8,Area 5,Angling from boat,SALMON,Coho,Not Adipose Marked,Kept,Legal Size,45.79,453.69,Pieces,1.14,0.05,40.3,354.34,Pieces,18.82,Yes,0.85,0,0.530306993,0,0.469693007,0.530306993,0,0,21.37137183,0,18.92862817
2022-2023,Central Coast,2022,8,Area 5,Angling from boat,SALMON,Coho,Not Checked,Kept,Legal Size,3.84,7.04,Pieces,1.14,0.05,3.38,5.48,Pieces,2.34,Yes,1,0,1,0,0,1,0,0,3.38,0,0
2022-2023,Central Coast,2022,8,Area 5,Angling from boat,SALMON,Coho,Adipose Marked,Released,Unspecified,10.65,60.24,Pieces,0.95,0.11,11.25,68.92,Pieces,8.3,Yes,1,0,0,0,1,0,0,0,0,0,11.25
2022-2023,Central Coast,2022,8,Area 5,Angling from boat,SALMON,Coho,Not Adipose Marked,Released,Unspecified,43.59,690.16,Pieces,0.95,0.11,46.04,798.51,Pieces,28.26,Yes,0.51,0,0.508115115,0.491884885,0,0.508115115,0.491884885,0,23.39361988,22.64638012,0
2022-2023,Central Coast,2022,8,Area 6,Angling from boat,SALMON,Coho,Adipose Marked,Kept,Legal Size,148.9,1366.66,Pieces,1.14,0.05,131.05,1089.25,Pieces,33,Yes,0.56,0.372113803,0.041504084,0.269776598,0.316605515,0.413617886,0.641890401,48.76551383,5.439110174,35.35422321,41.49115278
2022-2023,Central Coast,2022,8,Area 6,Angling from boat,SALMON,Coho,Not Adipose Marked,Kept,Legal Size,3695.56,397174.64,Pieces,1.14,0.05,3252.62,326501.2,Pieces,571.4,Yes,0.83,0.158558583,0.031745361,0.059232343,0.750463713,0.190303944,0.217790926,515.7308192,103.255596,192.6603032,2440.973282
2022-2023,Central Coast,2022,8,Area 6,Angling from boat,SALMON,Coho,Not Checked,Kept,Legal Size,963.86,80333.3,Pieces,1.14,0.05,848.34,63511.11,Pieces,252.01,Yes,0.74,0.170030307,0.065092017,0.184170805,0.580706871,0.235122324,0.354201112,144.2435103,55.22016177,156.2394608,492.6368671
2022-2023,Central Coast,2022,8,Area 6,Angling from boat,SALMON,Coho,Adipose Marked,Released,Unspecified,71.27,649.18,Pieces,0.95,0.11,75.28,800.52,Pieces,28.29,Yes,0.47,0.500812009,0,0.499187991,0,0.500812009,1,37.701128,0,37.578872,0
2022-2023,Central Coast,2022,8,Area 6,Angling from boat,SALMON,Coho,Not Adipose Marked,Released,Unspecified,1961.6,248906.27,Pieces,0.95,0.11,2071.94,335470.78,Pieces,579.2,Yes,0.72,0.433735566,0.010055639,0.190313156,0.36589564,0.443791204,0.624048721,898.6740679,20.83468032,394.3174399,758.1138119
2022-2023,Central Coast,2022,8,Area 6,Angling from boat,SALMON,Coho,Not Checked,Released,Unspecified,1415.84,482604.05,Pieces,0.95,0.11,1495.48,568518.95,Pieces,754,Yes,0.72,0.149327228,0.004742074,0.255198525,0.590732172,0.154069302,0.404525753,223.3158829,7.09167724,381.6442908,883.428149
2022-2023,Central Coast,2022,8,Area 7,Angling from boat,SALMON,Coho,Adipose Marked,Kept,Legal Size,462.8,21195.47,Pieces,1.14,0.05,407.33,16714.38,Pieces,129.28,Yes,0.71,0.285540584,0.024179049,0.100163006,0.59011736,0.309719633,0.38570359,116.309246,9.848852194,40.79939744,240.3725043
2022-2023,Central Coast,2022,8,Area 7,Angling from boat,SALMON,Coho,Not Adipose Marked,Kept,Legal Size,3842.02,249852.1,Pieces,1.14,0.05,3381.52,213899.81,Pieces,462.49,Yes,0.75,0.297498185,0.031672723,0.109425176,0.561403916,0.329170907,0.406923361,1005.996061,107.1019456,370.0234226,1898.398571
2022-2023,Central Coast,2022,8,Area 7,Angling from boat,SALMON,Coho,Not Checked,Kept,Legal Size,876.41,27580.66,Pieces,1.14,0.05,771.37,22424.38,Pieces,149.75,Yes,0.47,0.566736417,0.032707821,0.055323486,0.345232276,0.599444238,0.622059903,437.1634699,25.22983168,42.67487738,266.3018211
2022-2023,Central Coast,2022,8,Area 7,Angling from boat,SALMON,Coho,Adipose Marked,Released,Unspecified,397.81,15318.61,Pieces,0.95,0.11,420.18,19466.47,Pieces,139.52,Yes,0.56,0.366486782,0.061884419,0.137573629,0.434055169,0.428371201,0.504060411,153.9904161,26.00259521,57.80568762,182.3813011
2022-2023,Central Coast,2022,8,Area 7,Angling from boat,SALMON,Coho,Not Adipose Marked,Released,Unspecified,3615.1,361704.81,Pieces,0.95,0.11,3818.43,599772.89,Pieces,774.45,Yes,0.68,0.404424697,0.009267484,0.133295918,0.4530119,0.413692181,0.537720615,1544.267396,35.38724034,508.9811339,1729.79423
2022-2023,Central Coast,2022,8,Area 7,Angling from boat,SALMON,Coho,Not Checked,Released,Unspecified,1009.85,27084.57,Pieces,0.95,0.11,1066.65,45529.56,Pieces,213.38,Yes,0.14,0.825769981,0.031026617,0.05762086,0.085582542,0.856796598,0.883390841,880.8075502,33.09454084,61.46129014,91.28661878
2022-2023,Central Coast,2022,8,Area 8,Angling from boat,SALMON,Coho,Adipose Marked,Kept,Legal Size,399.65,12289.93,Pieces,1.14,0.05,351.75,9740.61,Pieces,98.69,Yes,0.58,0.022399806,0.124292529,0.453653929,0.399653736,0.146692335,0.476053735,7.879131729,43.71989713,159.5727696,140.5782015
2022-2023,Central Coast,2022,8,Area 8,Angling from boat,SALMON,Coho,Not Adipose Marked,Kept,Legal Size,3625.54,363259.57,Pieces,1.14,0.05,3190.99,299522.17,Pieces,547.29,Yes,0.44,0.02971336,0.057371189,0.683528184,0.229387267,0.087084549,0.713241544,94.8150332,183.0708909,2181.131601,731.9724745
2022-2023,Central Coast,2022,8,Area 8,Angling from boat,SALMON,Coho,Not Checked,Kept,Legal Size,790.91,10545.76,Pieces,1.14,0.05,696.11,9031.73,Pieces,95.04,Yes,0.16,0.016978008,0.008082618,0.817013553,0.15792582,0.025060627,0.833991562,11.81856149,5.626391322,568.7313046,109.9337426
2022-2023,Central Coast,2022,8,Area 8,Angling from boat,SALMON,Coho,Adipose Marked,Released,Unspecified,261.6,13724.87,Pieces,0.95,0.11,276.32,16339.81,Pieces,127.83,Yes,0.29,0,0.021166106,0.760468537,0.218365357,0.021166106,0.760468537,0,5.848618468,210.1326662,60.33871531
2022-2023,Central Coast,2022,8,Area 8,Angling from boat,SALMON,Coho,Not Adipose Marked,Released,Unspecified,2042.91,735851.74,Pieces,0.95,0.11,2157.81,883621.87,Pieces,940.01,Yes,0.26,0.007668521,0.006882666,0.866868178,0.118580634,0.014551187,0.8745367,16.54721186,14.85148545,1870.536824,255.8744788
2022-2023,Central Coast,2022,8,Area 8,Angling from boat,SALMON,Coho,Not Checked,Released,Unspecified,635.96,25153.31,Pieces,0.95,0.11,671.73,34135.31,Pieces,184.76,Yes,0.22,0.017595489,0,0.964991017,0.017413494,0.017595489,0.982586506,11.81941809,0,648.2134158,11.6971661
2022-2023,Central Coast,2022,8,Area 9,Angling from boat,SALMON,Coho,Adipose Marked,Kept,Legal Size,486.97,15547.96,Pieces,1.14,0.05,428.6,12371.18,Pieces,111.23,Yes,0.41,0.346220891,0,0.444289446,0.209489663,0.346220891,0.790510337,148.3902737,0,190.4224566,89.78726968
2022-2023,Central Coast,2022,8,Area 9,Angling from boat,SALMON,Coho,Not Adipose Marked,Kept,Legal Size,3869.66,126231,Pieces,1.14,0.05,3405.85,118430.61,Pieces,344.14,Yes,0.57,0.316131557,0,0.622816691,0.061051752,0.316131557,0.938948248,1076.696663,0,2121.220227,207.93311
2022-2023,Central Coast,2022,8,Area 9,Angling from boat,SALMON,Coho,Not Checked,Kept,Legal Size,874.74,20038.19,Pieces,1.14,0.05,769.89,16577.56,Pieces,128.75,Yes,0.47,0.489506325,0,0.430496663,0.079997012,0.489506325,0.920002988,376.8660247,0,331.4350761,61.58889923
2022-2023,Central Coast,2022,8,Area 9,Angling from boat,SALMON,Coho,Adipose Marked,Released,Unspecified,149.88,1851.14,Pieces,0.95,0.11,158.31,2402.52,Pieces,49.02,Yes,0.38,0.355602339,0.035764543,0.572868574,0.035764543,0.391366882,0.928470913,56.29540627,5.661884849,90.69082403,5.661884849
2022-2023,Central Coast,2022,8,Area 9,Angling from boat,SALMON,Coho,Not Adipose Marked,Released,Unspecified,2824.34,372425.59,Pieces,0.95,0.11,2983.19,535273.81,Pieces,731.62,Yes,0.65,0.216739451,0,0.747980808,0.035279741,0.216739451,0.964720259,646.5749614,0,2231.368867,105.2461712
2022-2023,Central Coast,2022,8,Area 9,Angling from boat,SALMON,Coho,Not Checked,Released,Unspecified,374.44,10462.54,Pieces,0.95,0.11,395.5,13777.85,Pieces,117.38,Yes,0.58,0.294403355,0,0.513356382,0.192240263,0.294403355,0.807759737,116.4365268,0,203.032449,76.03102412
2022-2023,Central Coast,2022,9,Area 6,Angling from boat,SALMON,Coho,Not Adipose Marked,Kept,Legal Size,498.38,75768.35,Pieces,1.14,0.05,438.65,59036.43,Pieces,242.97,Yes,1,0,0.011615474,0,0.988384526,0.011615474,0,0,5.095127657,0,433.5548723
2022-2023,Central Coast,2022,9,Area 6,Angling from boat,SALMON,Coho,Not Checked,Kept,Legal Size,30.4,397.02,Pieces,1.14,0.05,26.75,308.83,Pieces,17.57,Yes,1,0,0.063482923,0,0.936517077,0.063482923,0,0,1.698168179,0,25.05183182
2022-2023,Central Coast,2022,9,Area 6,Angling from boat,SALMON,Coho,Not Adipose Marked,Released,Unspecified,160.01,21594.56,Pieces,0.95,0.11,169.01,24476.5,Pieces,156.45,Yes,1,0,0,0,1,0,0,0,0,0,169.01
2022-2023,Central Coast,2022,9,Area 6,Angling from boat,SALMON,Coho,Not Checked,Released,Unspecified,1.93,1.79,Pieces,0.95,0.11,2.04,2.06,Pieces,1.43,Yes,1,0,0,0,1,0,0,0,0,0,2.04
2022-2023,Central Coast,2022,9,Area 7,Angling from boat,SALMON,Coho,Adipose Marked,Kept,Legal Size,62.33,446.02,Pieces,1.14,0.05,54.86,350.87,Pieces,18.73,Yes,0,0.628493064,0,0.209497688,0.162009248,0.628493064,0.837990752,34.47912948,0,11.49304316,8.887827357
2022-2023,Central Coast,2022,9,Area 7,Angling from boat,SALMON,Coho,Not Adipose Marked,Kept,Legal Size,208.02,1605.12,Pieces,1.14,0.05,183.09,1303.07,Pieces,36.1,Yes,0.53,0.746409687,0,0.181844986,0.071745327,0.746409687,0.928254673,136.6601496,0,33.29399848,13.13585194
2022-2023,Central Coast,2022,9,Area 7,Angling from boat,SALMON,Coho,Not Checked,Kept,Legal Size,36.21,283.15,Pieces,1.14,0.05,31.87,221.15,Pieces,14.87,Yes,0.57,0.621867267,0,0.378132733,0,0.621867267,1,19.8189098,0,12.0510902,0
2022-2023,Central Coast,2022,9,Area 7,Angling from boat,SALMON,Coho,Adipose Marked,Released,Unspecified,12.53,39.92,Pieces,0.95,0.11,13.24,46.89,Pieces,6.85,Yes,0,0,0,0.208389732,0.791610268,0,0.208389732,0,0,2.759080046,10.48091995
2022-2023,Central Coast,2022,9,Area 7,Angling from boat,SALMON,Coho,Not Adipose Marked,Released,Unspecified,125.54,2232.44,Pieces,0.95,0.11,132.6,2727.28,Pieces,52.22,Yes,0.25,0.758991123,0,0.098760848,0.142248029,0.758991123,0.857751971,100.6422229,0,13.09568848,18.86208862
2022-2023,Central Coast,2022,9,Area 7,Angling from boat,SALMON,Coho,Not Checked,Released,Unspecified,23.48,110.43,Pieces,0.95,0.11,24.8,131.48,Pieces,11.47,Yes,0.78,0.611240893,0,0.388759107,0,0.611240893,1,15.15877415,0,9.641225854,0
2022-2023,Central Coast,2022,9,Area 8,Angling from boat,SALMON,Coho,Adipose Marked,Kept,Legal Size,8.92,21.98,Pieces,1.14,0.05,7.85,17.14,Pieces,4.14,Yes,1,0.511484117,0,0,0.488515883,0.511484117,0.511484117,4.015150318,0,0,3.834849682
2022-2023,Central Coast,2022,9,Area 8,Angling from boat,SALMON,Coho,Not Adipose Marked,Kept,Legal Size,719.1,161912.5,Pieces,1.14,0.05,632.91,126138.54,Pieces,355.16,Yes,1,0.047596726,0,0.092020338,0.860382936,0.047596726,0.139617064,30.12444407,0,58.24059188,544.544964
2022-2023,Central Coast,2022,9,Area 8,Angling from boat,SALMON,Coho,Not Checked,Kept,Legal Size,18.67,112.72,Pieces,1.14,0.05,16.43,87.8,Pieces,9.37,Yes,0.73,0.733471832,0,0,0.266528168,0.733471832,0.733471832,12.05094219,0,0,4.379057808
2022-2023,Central Coast,2022,9,Area 8,Angling from boat,SALMON,Coho,Adipose Marked,Released,Unspecified,2.28,2.92,Pieces,0.95,0.11,2.41,3.34,Pieces,1.83,Yes,1,1,0,0,0,1,1,2.41,0,0,0
2022-2023,Central Coast,2022,9,Area 8,Angling from boat,SALMON,Coho,Not Adipose Marked,Released,Unspecified,91.41,2170.16,Pieces,0.95,0.11,96.55,2546.6,Pieces,50.46,Yes,1,0,0,0.17474177,0.82525823,0,0.17474177,0,0,16.87131793,79.67868207
2022-2023,Central Coast,2022,9,Area 9,Angling from boat,SALMON,Coho,Adipose Marked,Kept,Legal Size,106.43,4442.54,Pieces,1.14,0.05,93.67,3457.03,Pieces,58.8,Yes,0.63,0.803687175,0,0.196312825,0,0.803687175,1,75.28137765,0,18.38862235,0
2022-2023,Central Coast,2022,9,Area 9,Angling from boat,SALMON,Coho,Not Adipose Marked,Kept,Legal Size,587.43,40381.61,Pieces,1.14,0.05,517.02,31757.4,Pieces,178.21,Yes,0.78,0.151115636,0,0.356349647,0.492534717,0.151115636,0.507465283,78.12980596,0,184.2398947,254.6502993
2022-2023,Central Coast,2022,9,Area 9,Angling from boat,SALMON,Coho,Not Checked,Kept,Legal Size,60.37,331.85,Pieces,1.14,0.05,53.14,262.1,Pieces,16.19,Yes,0.26,0.394353972,0,0.475864737,0.129781292,0.394353972,0.870218708,20.95597005,0,25.2874521,6.896577847
2022-2023,Central Coast,2022,9,Area 9,Angling from boat,SALMON,Coho,Not Adipose Marked,Released,Unspecified,421.12,32567.09,Pieces,0.95,0.11,444.8,38996.38,Pieces,197.48,Yes,0.86,0.099229276,0,0.661213092,0.239557632,0.099229276,0.760442368,44.13718186,0,294.1075832,106.5552349
2022-2023,Central Coast,2022,9,Area 9,Angling from boat,SALMON,Coho,Not Checked,Released,Unspecified,7.84,21.05,Pieces,0.95,0.11,8.28,24.4,Pieces,4.94,Yes,0,0.333333333,0,0.666666667,0,0.333333333,1,2.76,0,5.52,0
2022-2023,Central Coast,2022,10,Area 6,Angling from boat,SALMON,Coho,Adipose Marked,Released,Unspecified,2.18,2.56,Pieces,0.95,0.11,2.3,2.92,Pieces,1.71,Yes,0,0,1,0,0,1,0,0,2.3,0,0
2022-2023,Central Coast,2022,10,Area 8,Angling from boat,SALMON,Coho,Not Adipose Marked,Kept,Legal Size,9.45,51.57,Pieces,1.14,0.05,8.32,40.07,Pieces,6.33,Yes,0,0,0,0,1,0,0,0,0,0,8.32
2022-2023,Central Coast,2022,10,Area 8,Angling from boat,SALMON,Coho,Not Adipose Marked,Released,Unspecified,2.36,3.22,Pieces,0.95,0.11,2.5,3.68,Pieces,1.92,Yes,0,0,0,0,1,0,0,0,0,0,2.5
2022-2023,Central Coast,2022,10,Area 9,Angling from boat,SALMON,Coho,Not Adipose Marked,Released,Unspecified,2.18,2.56,Pieces,0.95,0.11,2.3,2.92,Pieces,1.71,Yes,0,0,1,0,0,1,0,0,2.3,0,0
2023-2024,Central Coast,2023,5,Area 6,Angling from boat,SALMON,Coho,Not Adipose Marked,Kept,Legal Size,13.66,145.52,Pieces,1.09,0.05,12.53,122.78,Pieces,11.08,Yes,1,0,0,0,1,0,0,0,0,0,12.53
2023-2024,Central Coast,2023,5,Area 6,Angling from boat,SALMON,Coho,Not Adipose Marked,Released,Unspecified,18.21,258.7,Pieces,1.15,0.05,15.83,196.02,Pieces,14,Yes,1,0,0,0,1,0,0,0,0,0,15.83
2023-2024,Central Coast,2023,5,Area 8,Angling from boat,SALMON,Coho,Not Adipose Marked,Kept,Legal Size,4.08,12.6,Pieces,1.09,0.05,3.75,10.63,Pieces,3.26,Yes,0,0,0,0,1,0,0,0,0,0,3.75
2023-2024,Central Coast,2023,6,Area 5,Angling from boat,SALMON,Coho,Adipose Marked,Kept,Legal Size,18.58,116.61,Pieces,1.09,0.05,17.05,98.75,Pieces,9.94,Yes,0,1,0,0,0,1,1,17.05,0,0,0
2023-2024,Central Coast,2023,6,Area 5,Angling from boat,SALMON,Coho,Adipose Marked,Released,Unspecified,21.29,238.49,Pieces,1.15,0.05,18.51,180.93,Pieces,13.45,Yes,0,1,0,0,0,1,1,18.51,0,0,0
2023-2024,Central Coast,2023,6,Area 5,Angling from boat,SALMON,Coho,Not Adipose Marked,Released,Unspecified,30.97,649.6,Pieces,1.15,0.05,26.93,492.41,Pieces,22.19,Yes,0,1,0,0,0,1,1,26.93,0,0,0
2023-2024,Central Coast,2023,6,Area 6,Angling from boat,SALMON,Coho,Adipose Marked,Kept,Legal Size,87.15,936.17,Pieces,1.09,0.05,79.94,801.75,Pieces,28.32,Yes,0.44,0.63769549,0,0.314789118,0.047515392,0.63769549,0.952484608,50.97737744,0,25.1642421,3.798380458
2023-2024,Central Coast,2023,6,Area 6,Angling from boat,SALMON,Coho,Not Adipose Marked,Kept,Legal Size,338.62,3533.74,Pieces,1.09,0.05,310.6,3185.69,Pieces,56.44,Yes,0.76,0.538424329,0.026765389,0.103712983,0.331097299,0.565189718,0.642137312,167.2345966,8.313329847,32.21325249,102.8388211
2023-2024,Central Coast,2023,6,Area 6,Angling from boat,SALMON,Coho,Not Checked,Kept,Legal Size,43.9,260.78,Pieces,1.09,0.05,40.27,222.99,Pieces,14.93,Yes,0.38,0.668828462,0.048218345,0,0.282953193,0.717046807,0.668828462,26.93372216,1.941752764,0,11.39452508
2023-2024,Central Coast,2023,6,Area 6,Angling from boat,SALMON,Coho,Adipose Marked,Released,Unspecified,8.13,23.17,Pieces,1.15,0.05,7.07,17.61,Pieces,4.2,Yes,0,0.666666667,0,0.333333333,0,0.666666667,1,4.713333333,0,2.356666667,0
2023-2024,Central Coast,2023,6,Area 6,Angling from boat,SALMON,Coho,Not Adipose Marked,Released,Unspecified,195.98,4859.78,Pieces,1.15,0.05,170.38,3731.36,Pieces,61.08,Yes,0.75,0.133739873,0.174665772,0.138271264,0.553323091,0.308405644,0.272011137,22.78659949,29.75955417,23.55865801,94.27518833
2023-2024,Central Coast,2023,6,Area 6,Angling from boat,SALMON,Coho,Not Checked,Released,Unspecified,16.26,120.39,Pieces,1.15,0.05,14.13,91.39,Pieces,9.56,Yes,0,1,0,0,0,1,1,14.13,0,0,0
2023-2024,Central Coast,2023,6,Area 7,Angling from boat,SALMON,Coho,Adipose Marked,Kept,Legal Size,16.8,67.77,Pieces,1.09,0.05,15.41,57.55,Pieces,7.59,Yes,0.49,1,0,0,0,1,1,15.41,0,0,0
2023-2024,Central Coast,2023,6,Area 7,Angling from boat,SALMON,Coho,Not Adipose Marked,Kept,Legal Size,256.81,2860.39,Pieces,1.09,0.05,235.56,2528.88,Pieces,50.29,Yes,0.78,0.331725655,0.048373585,0.080622641,0.539278119,0.380099239,0.412348296,78.14129524,11.39488161,18.99146934,127.0323538
2023-2024,Central Coast,2023,6,Area 7,Angling from boat,SALMON,Coho,Not Checked,Kept,Legal Size,30.97,134.27,Pieces,1.09,0.05,28.41,114.75,Pieces,10.71,Yes,0,0.650011885,0,0,0.349988115,0.650011885,0.650011885,18.46683766,0,0,9.943162342
2023-2024,Central Coast,2023,6,Area 7,Angling from boat,SALMON,Coho,Adipose Marked,Released,Unspecified,10.84,46.29,Pieces,1.15,0.05,9.42,35.16,Pieces,5.93,Yes,0,1,0,0,0,1,1,9.42,0,0,0
2023-2024,Central Coast,2023,6,Area 7,Angling from boat,SALMON,Coho,Not Adipose Marked,Released,Unspecified,175.86,5920.52,Pieces,1.15,0.05,152.89,4521.66,Pieces,67.24,Yes,0.69,0.331718604,0,0.164822052,0.503459344,0.331718604,0.496540656,50.71645739,0,25.19964356,76.97389905
2023-2024,Central Coast,2023,6,Area 7,Angling from boat,SALMON,Coho,Not Checked,Released,Unspecified,8.13,23.14,Pieces,1.15,0.05,7.07,17.59,Pieces,4.19,Yes,0,1,0,0,0,1,1,7.07,0,0,0
2023-2024,Central Coast,2023,6,Area 8,Angling from boat,SALMON,Coho,Not Adipose Marked,Kept,Legal Size,11.02,47.17,Pieces,1.09,0.05,10.11,39.91,Pieces,6.32,Yes,0,0,0.26241034,0.73758966,0,0.26241034,0.73758966,0,2.652968541,7.457031459,0
2023-2024,Central Coast,2023,6,Area 8,Angling from boat,SALMON,Coho,Not Adipose Marked,Released,Unspecified,10.84,74.13,Pieces,1.15,0.05,9.42,56.21,Pieces,7.5,Yes,0,0,0,1,0,0,1,0,0,9.42,0
2023-2024,Central Coast,2023,6,Area 9,Angling from boat,SALMON,Coho,Adipose Marked,Kept,Legal Size,3.39,8.12,Pieces,1.09,0.05,3.11,6.85,Pieces,2.62,Yes,1,0,0,1,0,0,1,0,0,3.11,0
2023-2024,Central Coast,2023,6,Area 9,Angling from boat,SALMON,Coho,Not Adipose Marked,Kept,Legal Size,35.98,244.73,Pieces,1.09,0.05,33.01,208.31,Pieces,14.43,Yes,1,0.633056587,0,0.366943413,0,0.633056587,1,20.89719795,0,12.11280205,0
2023-2024,Central Coast,2023,6,Area 9,Angling from boat,SALMON,Coho,Not Checked,Kept,Legal Size,15.98,177.3,Pieces,1.09,0.05,14.66,149.65,Pieces,12.23,Yes,1,0.141767294,0,0.858232706,0,0.141767294,1,2.078308534,0,12.58169147,0
2023-2024,Central Coast,2023,6,Area 9,Angling from boat,SALMON,Coho,Not Adipose Marked,Released,Unspecified,2.27,2.87,Pieces,1.15,0.05,1.97,2.18,Pieces,1.47,Yes,1,0,0,1,0,0,1,0,0,1.97,0
2023-2024,Central Coast,2023,7,Area 5,Angling from boat,SALMON,Coho,Adipose Marked,Kept,Legal Size,10.54,34.46,Pieces,1.09,0.05,9.67,29.2,Pieces,5.4,Yes,0,0,1,0,0,1,0,0,9.67,0,0
2023-2024,Central Coast,2023,7,Area 5,Angling from boat,SALMON,Coho,Not Adipose Marked,Kept,Legal Size,51.28,279.07,Pieces,1.09,0.05,47.03,239.67,Pieces,15.48,Yes,0.87,0.130708028,0.590793412,0.191975774,0.086522786,0.72150144,0.322683802,6.147198567,27.78501416,9.028620638,4.069166631
2023-2024,Central Coast,2023,7,Area 5,Angling from boat,SALMON,Coho,Not Checked,Kept,Legal Size,8.89,27.08,Pieces,1.09,0.05,8.15,22.93,Pieces,4.79,Yes,0.75,0.251332319,0.748667681,0,0,1,0.251332319,2.048358403,6.101641597,0,0
2023-2024,Central Coast,2023,7,Area 5,Angling from boat,SALMON,Coho,Not Adipose Marked,Released,Unspecified,7.16,17.14,Pieces,1.15,0.05,6.22,13.03,Pieces,3.61,Yes,0.69,0.312196959,0.687803041,0,0,1,0.312196959,1.941865087,4.278134913,0,0
2023-2024,Central Coast,2023,7,Area 6,Angling from boat,SALMON,Coho,Adipose Marked,Kept,Legal Size,209.17,3149.44,Pieces,1.09,0.05,191.87,2730.94,Pieces,52.26,Yes,0.54,0.551200932,0,0.179812852,0.268986216,0.551200932,0.731013784,105.7589228,0,34.50069194,51.61038526
2023-2024,Central Coast,2023,7,Area 6,Angling from boat,SALMON,Coho,Not Adipose Marked,Kept,Legal Size,2599.32,354772.86,Pieces,1.09,0.05,2384.26,311017.56,Pieces,557.69,Yes,0.79,0.192147836,0.066783277,0.038325661,0.702743226,0.258931113,0.230473497,458.1303995,159.2286963,91.37834018,1675.522564
2023-2024,Central Coast,2023,7,Area 6,Angling from boat,SALMON,Coho,Not Checked,Kept,Legal Size,366.95,7943.9,Pieces,1.09,0.05,336.59,6933.32,Pieces,83.27,Yes,0.6,0.339358741,0.103839321,0.182645653,0.374156285,0.443198062,0.522004394,114.2247585,34.95127707,61.47670043,125.937264
2023-2024,Central Coast,2023,7,Area 6,Angling from boat,SALMON,Coho,Adipose Marked,Released,Unspecified,155.23,2859.87,Pieces,1.15,0.05,134.95,2198.1,Pieces,46.88,Yes,0.05,0.522484859,0,0.477515141,0,0.522484859,1,70.5093317,0,64.4406683,0
2023-2024,Central Coast,2023,7,Area 6,Angling from boat,SALMON,Coho,Not Adipose Marked,Released,Unspecified,1623.89,155110.3,Pieces,1.15,0.05,1411.74,121242.51,Pieces,348.2,Yes,0.73,0.270973034,0.031472928,0.068786621,0.628767417,0.302445962,0.339759655,382.5434706,44.43159181,97.10882417,887.6561134
2023-2024,Central Coast,2023,7,Area 6,Angling from boat,SALMON,Coho,Not Checked,Released,Unspecified,604.12,52528.35,Pieces,1.15,0.05,525.2,40255.17,Pieces,200.64,Yes,0.64,0.671382252,0.036718585,0.225577759,0.066321405,0.708100836,0.89696001,352.6099586,19.28460071,118.4734388,34.83200184
2023-2024,Central Coast,2023,7,Area 7,Angling from boat,SALMON,Coho,Adipose Marked,Kept,Legal Size,159.92,1357.64,Pieces,1.09,0.05,146.69,1189.68,Pieces,34.49,Yes,0.43,0.677592036,0,0.223509368,0.098898596,0.677592036,0.901101404,99.39597572,0,32.78658921,14.50743506
2023-2024,Central Coast,2023,7,Area 7,Angling from boat,SALMON,Coho,Not Adipose Marked,Kept,Legal Size,1421.33,99349.96,Pieces,1.09,0.05,1303.74,87334.25,Pieces,295.52,Yes,0.66,0.452618139,0.00783675,0.227896254,0.311648858,0.460454889,0.680514393,590.0963729,10.21708394,297.1174616,406.3090816
2023-2024,Central Coast,2023,7,Area 7,Angling from boat,SALMON,Coho,Not Checked,Kept,Legal Size,340.37,9390.16,Pieces,1.09,0.05,312.21,8115.32,Pieces,90.09,Yes,0.39,0.729999869,0.052221508,0.032817799,0.184960824,0.782221377,0.762817668,227.913259,16.30407714,10.246045,57.74661884
2023-2024,Central Coast,2023,7,Area 7,Angling from boat,SALMON,Coho,Adipose Marked,Released,Unspecified,84.74,653.75,Pieces,1.15,0.05,73.67,505.02,Pieces,22.47,Yes,0.13,0.553035618,0,0.421799561,0.025164821,0.553035618,0.974835179,40.74213396,0,31.07397365,1.853892389
2023-2024,Central Coast,2023,7,Area 7,Angling from boat,SALMON,Coho,Not Adipose Marked,Released,Unspecified,1330.52,411685.11,Pieces,1.15,0.05,1156.69,313836.17,Pieces,560.21,Yes,0.77,0.151985079,0.015099837,0.013432627,0.819482457,0.167084916,0.165417706,175.7996211,17.465831,15.5373852,947.8871627
2023-2024,Central Coast,2023,7,Area 7,Angling from boat,SALMON,Coho,Not Checked,Released,Unspecified,339.28,34404.16,Pieces,1.15,0.05,294.95,26177.03,Pieces,161.79,Yes,0.82,0.862440132,0.130975124,0.006584743,0,0.993415257,0.869024876,254.376717,38.63111296,1.942170015,0
2023-2024,Central Coast,2023,7,Area 8,Angling from boat,SALMON,Coho,Adipose Marked,Kept,Legal Size,70.36,518.64,Pieces,1.09,0.05,64.54,445.55,Pieces,21.11,Yes,0.24,0.103853442,0,0.834090099,0.062056459,0.103853442,0.937943541,6.702701155,0,53.832175,4.005123845
2023-2024,Central Coast,2023,7,Area 8,Angling from boat,SALMON,Coho,Not Adipose Marked,Kept,Legal Size,792.43,23805.8,Pieces,1.09,0.05,726.87,21193.31,Pieces,145.58,Yes,0.71,0.055454557,0,0.594423541,0.350121902,0.055454557,0.649878098,40.30825359,0,432.0686392,254.4931072
2023-2024,Central Coast,2023,7,Area 8,Angling from boat,SALMON,Coho,Not Checked,Kept,Legal Size,138.77,763.03,Pieces,1.09,0.05,127.29,677.68,Pieces,26.03,Yes,0.2,0.128789047,0,0.822915061,0.048295892,0.128789047,0.951704108,16.39355774,0,104.7488581,6.147584152
2023-2024,Central Coast,2023,7,Area 8,Angling from boat,SALMON,Coho,Adipose Marked,Released,Unspecified,106.01,8352.92,Pieces,1.15,0.05,92.16,6330.04,Pieces,79.56,Yes,0.87,0,0,1,0,0,1,0,0,92.16,0
2023-2024,Central Coast,2023,7,Area 8,Angling from boat,SALMON,Coho,Not Adipose Marked,Released,Unspecified,802.04,100465.2,Pieces,1.15,0.05,697.25,76908.28,Pieces,277.32,Yes,0.82,0.139272967,0,0.604197809,0.256529224,0.139272967,0.743470776,97.10807615,0,421.2769227,178.8650012
2023-2024,Central Coast,2023,7,Area 8,Angling from boat,SALMON,Coho,Not Checked,Released,Unspecified,32.41,202.91,Pieces,1.15,0.05,28.18,154.95,Pieces,12.45,Yes,0.38,0.413571618,0,0.586428382,0,0.413571618,1,11.6544482,0,16.5255518,0
2023-2024,Central Coast,2023,7,Area 9,Angling from boat,SALMON,Coho,Adipose Marked,Kept,Legal Size,142.93,810.45,Pieces,1.09,0.05,131.1,719.75,Pieces,26.83,Yes,0.25,0.46579263,0,0.53420737,0,0.46579263,1,61.06541382,0,70.03458618,0
2023-2024,Central Coast,2023,7,Area 9,Angling from boat,SALMON,Coho,Not Adipose Marked,Kept,Legal Size,1947.33,123687.77,Pieces,1.09,0.05,1786.21,111095.26,Pieces,333.31,Yes,0.56,0.61155836,0,0.290356995,0.098084645,0.61155836,0.901915355,1092.371658,0,518.6385682,175.1997734
2023-2024,Central Coast,2023,7,Area 9,Angling from boat,SALMON,Coho,Not Checked,Kept,Legal Size,223.7,2195.09,Pieces,1.09,0.05,205.19,1939.62,Pieces,44.04,Yes,0.4,0.4991639,0,0.5008361,0,0.4991639,1,102.4234406,0,102.7665594,0
2023-2024,Central Coast,2023,7,Area 9,Angling from boat,SALMON,Coho,Adipose Marked,Released,Unspecified,76.07,839.01,Pieces,1.15,0.05,66.14,642.91,Pieces,25.36,Yes,0.74,0.263658281,0,0.736341719,0,0.263658281,1,17.43835871,0,48.70164129,0
2023-2024,Central Coast,2023,7,Area 9,Angling from boat,SALMON,Coho,Not Adipose Marked,Released,Unspecified,716.17,48220.04,Pieces,1.15,0.05,622.61,37224.24,Pieces,192.94,Yes,0.79,0.498195742,0,0.430880139,0.070924119,0.498195742,0.929075881,310.1816508,0,268.2702834,44.15806579
2023-2024,Central Coast,2023,7,Area 9,Angling from boat,SALMON,Coho,Not Checked,Released,Unspecified,47.66,707.64,Pieces,1.15,0.05,41.43,538.27,Pieces,23.2,Yes,0.81,0.346831174,0,0.653168826,0,0.346831174,1,14.36921553,0,27.06078447,0
2023-2024,Central Coast,2023,8,Area 5,Angling from boat,SALMON,Coho,Adipose Marked,Kept,Legal Size,20.46,398.13,Pieces,1.09,0.05,18.77,335.75,Pieces,18.32,Yes,0,0,0,0,1,0,0,0,0,0,18.77
2023-2024,Central Coast,2023,8,Area 5,Angling from boat,SALMON,Coho,Not Adipose Marked,Kept,Legal Size,10.96,33.98,Pieces,1.09,0.05,10.06,28.82,Pieces,5.37,Yes,1,0,0.6,0,0.4,0.6,0,0,6.036,0,4.024
2023-2024,Central Coast,2023,8,Area 5,Angling from boat,SALMON,Coho,Not Adipose Marked,Released,Unspecified,2.11,2.34,Pieces,1.15,0.05,1.83,1.78,Pieces,1.33,Yes,1,0,0,0,1,0,0,0,0,0,1.83
2023-2024,Central Coast,2023,8,Area 6,Angling from boat,SALMON,Coho,Adipose Marked,Kept,Legal Size,159.52,953.72,Pieces,1.09,0.05,146.32,849.59,Pieces,29.15,Yes,0.35,0.342357008,0.176685818,0.229905539,0.251051635,0.519042826,0.572262547,50.09367744,25.85266892,33.6397784,36.73387524
2023-2024,Central Coast,2023,8,Area 6,Angling from boat,SALMON,Coho,Not Adipose Marked,Kept,Legal Size,3874.33,376705.53,Pieces,1.09,0.05,3553.78,344768.31,Pieces,587.17,Yes,0.9,0.14965356,0.042636436,0.071320769,0.736389236,0.192289996,0.220974329,531.8358287,151.5205125,253.4583211,2616.965338
2023-2024,Central Coast,2023,8,Area 6,Angling from boat,SALMON,Coho,Not Checked,Kept,Legal Size,292.67,7692.1,Pieces,1.09,0.05,268.46,6630.66,Pieces,81.43,Yes,0.29,0.645330155,0.033662814,0.206004976,0.115002055,0.678992969,0.851335132,173.2453335,9.037118975,55.30409598,30.87345158
2023-2024,Central Coast,2023,8,Area 6,Angling from boat,SALMON,Coho,Adipose Marked,Released,Unspecified,162.4,4164.33,Pieces,1.15,0.05,141.18,3187.45,Pieces,56.46,Yes,0.77,0.562713214,0.093991176,0.014114226,0.329181384,0.65670439,0.57682744,79.4438515,13.26967423,1.992646473,46.4738278
2023-2024,Central Coast,2023,8,Area 6,Angling from boat,SALMON,Coho,Not Adipose Marked,Released,Unspecified,2645.81,287911.29,Pieces,1.15,0.05,2300.14,228251.77,Pieces,477.76,Yes,0.78,0.300435238,0.031993104,0.157439355,0.510132303,0.332428342,0.457874593,691.0431086,73.5886191,362.132558,1173.375714
2023-2024,Central Coast,2023,8,Area 6,Angling from boat,SALMON,Coho,Not Checked,Released,Unspecified,385.71,14356.76,Pieces,1.15,0.05,335.32,11076.95,Pieces,105.25,Yes,0.35,0.177502949,0.016409392,0.736098777,0.069988883,0.19391234,0.913601726,59.52028877,5.502397184,246.8286419,23.46867219
2023-2024,Central Coast,2023,8,Area 7,Angling from boat,SALMON,Coho,Adipose Marked,Kept,Legal Size,437.98,15469.75,Pieces,1.09,0.05,401.74,13371.32,Pieces,115.63,Yes,0.44,0.345088597,0,0.02070616,0.634205243,0.345088597,0.365794757,138.6358928,0,8.318492721,254.7856144
2023-2024,Central Coast,2023,8,Area 7,Angling from boat,SALMON,Coho,Not Adipose Marked,Kept,Legal Size,2891.38,142760.9,Pieces,1.09,0.05,2652.16,135608.85,Pieces,368.25,Yes,0.76,0.382634404,0.04017297,0.153044588,0.424148038,0.422807374,0.535678992,1014.807661,106.5451438,405.8987349,1124.908461
2023-2024,Central Coast,2023,8,Area 7,Angling from boat,SALMON,Coho,Not Checked,Kept,Legal Size,424.83,7454.5,Pieces,1.09,0.05,389.68,6606.5,Pieces,81.28,Yes,0.35,0.59776033,0.015481859,0.160035392,0.226722419,0.613242189,0.757795722,232.9352455,6.032970646,62.36259146,88.34919238
2023-2024,Central Coast,2023,8,Area 7,Angling from boat,SALMON,Coho,Adipose Marked,Released,Unspecified,155.43,1614.25,Pieces,1.15,0.05,135.12,1256.78,Pieces,35.45,Yes,0.26,0.781354692,0,0.056422824,0.162222484,0.781354692,0.837777516,105.5766459,0,7.623852006,21.91950206
2023-2024,Central Coast,2023,8,Area 7,Angling from boat,SALMON,Coho,Not Adipose Marked,Released,Unspecified,1512.46,94850.69,Pieces,1.15,0.05,1314.86,75167.78,Pieces,274.17,Yes,0.75,0.47757735,0.040786834,0.044989984,0.436645832,0.518364184,0.522567334,627.9473544,53.62897655,59.15553012,574.128139
2023-2024,Central Coast,2023,8,Area 7,Angling from boat,SALMON,Coho,Not Checked,Released,Unspecified,487.95,25735.76,Pieces,1.15,0.05,424.2,19812.88,Pieces,140.76,Yes,0.27,0.392456021,0.035944683,0.061067699,0.510531598,0.428400703,0.453523719,166.4798439,15.24773448,25.90491782,216.5675038
2023-2024,Central Coast,2023,8,Area 8,Angling from boat,SALMON,Coho,Adipose Marked,Kept,Legal Size,348.28,19030.08,Pieces,1.09,0.05,319.47,16236.17,Pieces,127.42,Yes,0.74,0.136253723,0,0.716725558,0.147020719,0.136253723,0.852979281,43.52897687,0,228.9723139,46.96870923
2023-2024,Central Coast,2023,8,Area 8,Angling from boat,SALMON,Coho,Not Adipose Marked,Kept,Legal Size,2823.98,189648.19,Pieces,1.09,0.05,2590.33,174344.5,Pieces,417.55,Yes,0.76,0.024708487,0.032754541,0.540860354,0.401676618,0.057463027,0.565568841,64.00313432,84.84506963,1401.006802,1040.474994
2023-2024,Central Coast,2023,8,Area 8,Angling from boat,SALMON,Coho,Not Checked,Kept,Legal Size,317.22,4257.8,Pieces,1.09,0.05,290.98,3768.89,Pieces,61.39,Yes,0.5,0.043751511,0.027644926,0.899700827,0.028902737,0.071396437,0.943452337,12.73081462,8.044120577,261.7949465,8.410118301
2023-2024,Central Coast,2023,8,Area 8,Angling from boat,SALMON,Coho,Adipose Marked,Released,Unspecified,51.59,496.88,Pieces,1.15,0.05,44.85,379.58,Pieces,19.48,Yes,0.87,0,0.040892563,0.479871018,0.479236419,0.040892563,0.479871018,0,1.834031457,21.52221514,21.4937534
2023-2024,Central Coast,2023,8,Area 8,Angling from boat,SALMON,Coho,Not Adipose Marked,Released,Unspecified,1260.99,328720.52,Pieces,1.15,0.05,1096.24,250859.29,Pieces,500.86,Yes,0.85,0.018177439,0.038260093,0.642196298,0.30136617,0.056437532,0.660373738,19.926836,41.94224396,704.0012703,330.3696498
2023-2024,Central Coast,2023,8,Area 8,Angling from boat,SALMON,Coho,Not Checked,Released,Unspecified,303.29,16709.55,Pieces,1.15,0.05,263.66,12768.68,Pieces,113,Yes,0.82,0.015115437,0,0.641563803,0.34332076,0.015115437,0.65667924,3.985336238,0,169.1547122,90.51995153
2023-2024,Central Coast,2023,8,Area 9,Angling from boat,SALMON,Coho,Adipose Marked,Kept,Legal Size,372.68,4076.5,Pieces,1.09,0.05,341.85,3687.26,Pieces,60.72,Yes,0.38,0.326745037,0,0.499421553,0.17383341,0.326745037,0.82616659,111.697791,0,170.7272579,59.4249511
2023-2024,Central Coast,2023,8,Area 9,Angling from boat,SALMON,Coho,Not Adipose Marked,Kept,Legal Size,4278.23,174603.77,Pieces,1.09,0.05,3924.26,180828.35,Pieces,425.24,Yes,0.61,0.479424132,0.001926445,0.356287713,0.16236171,0.481350577,0.835711845,1881.384944,7.559872323,1398.165621,637.1495628
2023-2024,Central Coast,2023,8,Area 9,Angling from boat,SALMON,Coho,Not Checked,Kept,Legal Size,887.78,30010.65,Pieces,1.09,0.05,814.33,26710.79,Pieces,163.43,Yes,0.41,0.380112813,0,0.527704502,0.092182685,0.380112813,0.907817315,309.5372669,0,429.7256074,75.06712574
2023-2024,Central Coast,2023,8,Area 9,Angling from boat,SALMON,Coho,Adipose Marked,Released,Unspecified,216.81,3804.11,Pieces,1.15,0.05,188.49,2946.61,Pieces,54.28,Yes,0.53,0.256392845,0,0.507770532,0.235836623,0.256392845,0.764163377,48.32748741,0,95.70966753,44.45284506
2023-2024,Central Coast,2023,8,Area 9,Angling from boat,SALMON,Coho,Not Adipose Marked,Released,Unspecified,4560.05,1770204.57,Pieces,1.15,0.05,3964.29,1369528.82,Pieces,1170.27,Yes,0.53,0.270144614,0.001304728,0.332588957,0.395961702,0.271449342,0.602733571,1070.931592,5.172319308,1318.479074,1569.707014
2023-2024,Central Coast,2023,8,Area 9,Angling from boat,SALMON,Coho,Not Checked,Released,Unspecified,493.87,11581.39,Pieces,1.15,0.05,429.35,9124.2,Pieces,95.52,Yes,0.42,0.284415673,0,0.632730774,0.082853553,0.284415673,0.917146447,122.113869,0,271.662958,35.57317298
2023-2024,Central Coast,2023,9,Area 5,Angling from boat,SALMON,Coho,Not Adipose Marked,Kept,Legal Size,166.87,27011.12,Pieces,1.09,0.05,153.06,22777.98,Pieces,150.92,Yes,1,0,0,0,1,0,0,0,0,0,153.06
2023-2024,Central Coast,2023,9,Area 6,Angling from boat,SALMON,Coho,Adipose Marked,Kept,Legal Size,7.98,47.67,Pieces,1.09,0.05,7.32,40.23,Pieces,6.34,Yes,1,0,0,0,1,0,0,0,0,0,7.32
2023-2024,Central Coast,2023,9,Area 6,Angling from boat,SALMON,Coho,Not Adipose Marked,Kept,Legal Size,119.61,2228.13,Pieces,1.09,0.05,109.71,1901.2,Pieces,43.6,Yes,1,0,0.053482309,0,0.946517691,0.053482309,0,0,5.867544112,0,103.8424559
2023-2024,Central Coast,2023,9,Area 6,Angling from boat,SALMON,Coho,Not Checked,Kept,Legal Size,2.13,2.41,Pieces,1.09,0.05,1.96,2.04,Pieces,1.43,Yes,1,0,0,0,1,0,0,0,0,0,1.96
2023-2024,Central Coast,2023,9,Area 6,Angling from boat,SALMON,Coho,Not Adipose Marked,Released,Unspecified,27.47,358.83,Pieces,1.15,0.05,23.88,272.35,Pieces,16.5,Yes,1,0,0,0,1,0,0,0,0,0,23.88
2023-2024,Central Coast,2023,9,Area 6,Angling from boat,SALMON,Coho,Not Checked,Released,Unspecified,2.73,4.73,Pieces,1.15,0.05,2.37,3.58,Pieces,1.89,Yes,1,0,0,0,1,0,0,0,0,0,2.37
2023-2024,Central Coast,2023,9,Area 7,Angling from boat,SALMON,Coho,Adipose Marked,Kept,Legal Size,35.97,206.12,Pieces,1.09,0.05,32.99,175.82,Pieces,13.26,Yes,0.41,0.822160944,0.177839056,0,0,1,0.822160944,27.12308956,5.866910445,0,0
2023-2024,Central Coast,2023,9,Area 7,Angling from boat,SALMON,Coho,Not Adipose Marked,Kept,Legal Size,130.76,2003.11,Pieces,1.09,0.05,119.94,1717.05,Pieces,41.44,Yes,0.72,0.573564864,0.037193318,0.305695746,0.083546072,0.610758182,0.87926061,68.79336979,4.460966562,36.66514775,10.0205159
2023-2024,Central Coast,2023,9,Area 7,Angling from boat,SALMON,Coho,Not Checked,Kept,Legal Size,27.08,158.69,Pieces,1.09,0.05,24.84,134.87,Pieces,11.61,Yes,0.61,0.298266451,0,0.701733549,0,0.298266451,1,7.408938631,0,17.43106137,0
2023-2024,Central Coast,2023,9,Area 7,Angling from boat,SALMON,Coho,Adipose Marked,Released,Unspecified,10.69,35.63,Pieces,1.15,0.05,9.29,27.1,Pieces,5.21,Yes,0,1,0,0,0,1,1,9.29,0,0,0
2023-2024,Central Coast,2023,9,Area 7,Angling from boat,SALMON,Coho,Not Adipose Marked,Released,Unspecified,49.63,357.02,Pieces,1.15,0.05,43.14,273.58,Pieces,16.54,Yes,0.23,0.657543227,0.042967774,0.244453849,0.05503515,0.700511001,0.901997076,28.36641482,1.853629766,10.54573903,2.374216382
2023-2024,Central Coast,2023,9,Area 7,Angling from boat,SALMON,Coho,Not Checked,Released,Unspecified,19.12,231.67,Pieces,1.15,0.05,16.62,175.65,Pieces,13.25,Yes,1,1,0,0,0,1,1,16.62,0,0,0
2023-2024,Central Coast,2023,9,Area 8,Angling from boat,SALMON,Coho,Not Adipose Marked,Kept,Legal Size,335.51,15064.19,Pieces,1.09,0.05,307.75,12883.2,Pieces,113.5,Yes,0.84,0.153090417,0.023773786,0.533644077,0.289491719,0.176864204,0.686734494,47.11357592,7.316382744,164.2289647,89.09107662
2023-2024,Central Coast,2023,9,Area 8,Angling from boat,SALMON,Coho,Not Checked,Kept,Legal Size,74.94,4364.33,Pieces,1.09,0.05,68.74,3682.43,Pieces,60.68,Yes,1,0,0,1,0,0,1,0,0,68.74,0
2023-2024,Central Coast,2023,9,Area 8,Angling from boat,SALMON,Coho,Not Adipose Marked,Released,Unspecified,175.95,11852.24,Pieces,1.15,0.05,152.96,9004.75,Pieces,94.89,Yes,0.98,0,0.022666502,0.098310603,0.879022895,0.022666502,0.098310603,0,3.467068154,15.03758981,134.455342
2023-2024,Central Coast,2023,9,Area 8,Angling from boat,SALMON,Coho,Not Checked,Released,Unspecified,10.92,75.65,Pieces,1.15,0.05,9.5,57.35,Pieces,7.57,Yes,1,1,0,0,0,1,1,9.5,0,0,0
2023-2024,Central Coast,2023,9,Area 9,Angling from boat,SALMON,Coho,Adipose Marked,Kept,Legal Size,20.75,330.54,Pieces,1.09,0.05,19.04,278.9,Pieces,16.7,Yes,1,0,0,0,1,0,0,0,0,0,19.04
2023-2024,Central Coast,2023,9,Area 9,Angling from boat,SALMON,Coho,Not Adipose Marked,Kept,Legal Size,264.59,27729.42,Pieces,1.09,0.05,242.7,23460.48,Pieces,153.17,Yes,0.76,0.135181425,0,0.693109212,0.171709363,0.135181425,0.828290637,32.80853177,0,168.2176059,41.67386237
2023-2024,Central Coast,2023,9,Area 9,Angling from boat,SALMON,Coho,Not Checked,Kept,Legal Size,18.71,111.37,Pieces,1.09,0.05,17.16,94.35,Pieces,9.71,Yes,0,1,0,0,0,1,1,17.16,0,0,0
2023-2024,Central Coast,2023,9,Area 9,Angling from boat,SALMON,Coho,Not Adipose Marked,Released,Unspecified,315.53,87595.86,Pieces,1.15,0.05,274.31,66354.35,Pieces,257.59,Yes,0.95,0,0,1,0,0,1,0,0,274.31,0
2023-2024,Central Coast,2023,9,Area 9,Angling from boat,SALMON,Coho,Not Checked,Released,Unspecified,2.67,4.47,Pieces,1.15,0.05,2.32,3.39,Pieces,1.84,Yes,0,1,0,0,0,1,1,2.32,0,0,0
2023-2024,Central Coast,2023,10,Area 6,Angling from boat,SALMON,Coho,Not Adipose Marked,Kept,Legal Size,28.58,788.51,Pieces,1.09,0.05,26.22,664.94,Pieces,25.79,Yes,1,0,0,0,1,0,0,0,0,0,26.22
2023-2024,Central Coast,2023,10,Area 9,Angling from boat,SALMON,Coho,Not Adipose Marked,Released,Unspecified,10.31,54.73,Pieces,1.15,0.05,8.96,41.53,Pieces,6.44,Yes,1,0,1,0,0,1,0,0,8.96,0,0
2024-2025,Central Coast,2024,5,Area 6,Angling from boat,SALMON,Coho,Not Adipose Marked,Kept,Legal Size,18.51,174.13,Pieces,0.92,0.04,20.13,206.75,Pieces,14.38,Yes,1,0,0,0,1,0,0,0,0,0,20.13
2024-2025,Central Coast,2024,5,Area 6,Angling from boat,SALMON,Coho,Not Checked,Kept,Legal Size,8.63,39.94,Pieces,0.92,0.04,9.38,47.41,Pieces,6.89,Yes,1,0,1,0,0,1,0,0,9.38,0,0
2024-2025,Central Coast,2024,6,Area 5,Angling from boat,SALMON,Coho,Not Adipose Marked,Kept,Legal Size,47.11,775.47,Pieces,0.92,0.04,51.23,922.45,Pieces,30.37,Yes,0.8,0.201382607,0,0,0.798617393,0.201382607,0.201382607,10.31683098,0,0,40.91316902
2024-2025,Central Coast,2024,6,Area 5,Angling from boat,SALMON,Coho,Not Checked,Kept,Legal Size,9.17,47.35,Pieces,0.92,0.04,9.97,56.2,Pieces,7.5,Yes,1,1,0,0,0,1,1,9.97,0,0,0
2024-2025,Central Coast,2024,6,Area 5,Angling from boat,SALMON,Coho,Not Adipose Marked,Released,Unspecified,11.86,81.35,Pieces,0.87,0.04,13.63,107.79,Pieces,10.38,Yes,0,1,0,0,0,1,1,13.63,0,0,0
2024-2025,Central Coast,2024,6,Area 6,Angling from boat,SALMON,Coho,Adipose Marked,Kept,Legal Size,28.67,288.43,Pieces,0.92,0.04,31.17,343.08,Pieces,18.52,Yes,0.59,0.248225078,0,0.165483386,0.586291536,0.248225078,0.413708464,7.737175695,0,5.15811713,18.27470718
2024-2025,Central Coast,2024,6,Area 6,Angling from boat,SALMON,Coho,Not Adipose Marked,Kept,Legal Size,482.48,13650.26,Pieces,0.92,0.04,524.65,16716.85,Pieces,129.29,Yes,0.8,0.410707199,0.052309431,0.078491822,0.458491548,0.46301663,0.489199021,215.4775322,27.44414282,41.18073437,240.5475906
2024-2025,Central Coast,2024,6,Area 6,Angling from boat,SALMON,Coho,Not Checked,Kept,Legal Size,108.59,415.12,Pieces,0.92,0.04,118.08,520.03,Pieces,22.8,Yes,0.48,0.542155467,0.169895632,0.174748392,0.113200509,0.7120511,0.716903859,64.01771757,20.06127627,20.63429008,13.36671609
2024-2025,Central Coast,2024,6,Area 6,Angling from boat,SALMON,Coho,Adipose Marked,Released,Unspecified,84.04,6641.81,Pieces,0.87,0.04,96.56,8788.52,Pieces,93.75,Yes,1,0,0,0,1,0,0,0,0,0,96.56
2024-2025,Central Coast,2024,6,Area 6,Angling from boat,SALMON,Coho,Not Adipose Marked,Released,Unspecified,466.34,99119.19,Pieces,0.87,0.04,535.86,131456.38,Pieces,362.57,Yes,0.91,0.019827757,0.014542949,0.081380357,0.884248938,0.034370705,0.101208113,10.62490182,7.792984409,43.60847786,473.8336359
2024-2025,Central Coast,2024,6,Area 6,Angling from boat,SALMON,Coho,Not Checked,Released,Unspecified,11.86,55.32,Pieces,0.87,0.04,13.63,73.42,Pieces,8.57,Yes,0,0.2,0,0.8,0,0.2,1,2.726,0,10.904,0
2024-2025,Central Coast,2024,6,Area 7,Angling from boat,SALMON,Coho,Adipose Marked,Kept,Legal Size,5.85,12.08,Pieces,0.92,0.04,6.36,14.37,Pieces,3.79,Yes,1,0.391543202,0,0,0.608456798,0.391543202,0.391543202,2.490214767,0,0,3.869785233
2024-2025,Central Coast,2024,6,Area 7,Angling from boat,SALMON,Coho,Not Adipose Marked,Kept,Legal Size,193.76,4397.52,Pieces,0.92,0.04,210.7,5292.77,Pieces,72.75,Yes,0.88,0.27088573,0,0,0.72911427,0.27088573,0.27088573,57.07562341,0,0,153.6243766
2024-2025,Central Coast,2024,6,Area 7,Angling from boat,SALMON,Coho,Not Checked,Kept,Legal Size,12.73,32.76,Pieces,0.92,0.04,13.84,39.13,Pieces,6.26,Yes,1,0.7202021,0,0,0.2797979,0.7202021,0.7202021,9.967597062,0,0,3.872402938
2024-2025,Central Coast,2024,6,Area 7,Angling from boat,SALMON,Coho,Adipose Marked,Released,Unspecified,6.69,31.4,Pieces,0.87,0.04,7.69,41.58,Pieces,6.45,Yes,0,0,0,0,1,0,0,0,0,0,7.69
2024-2025,Central Coast,2024,6,Area 7,Angling from boat,SALMON,Coho,Not Adipose Marked,Released,Unspecified,17.85,47.69,Pieces,0.87,0.04,20.51,63.82,Pieces,7.99,Yes,0.73,0.522573521,0,0.277908026,0.199518453,0.522573521,0.800481547,10.71798292,0,5.699893612,4.092123466
2024-2025,Central Coast,2024,6,Area 7,Angling from boat,SALMON,Coho,Not Checked,Released,Unspecified,37.29,444.72,Pieces,0.87,0.04,42.84,590.91,Pieces,24.31,Yes,0.29,0,0.623730498,0,0.376269502,0.623730498,0,0,26.72061453,0,16.11938547
2024-2025,Central Coast,2024,6,Area 8,Angling from boat,SALMON,Coho,Adipose Marked,Kept,Legal Size,33.61,1062.69,Pieces,0.92,0.04,36.55,1259.38,Pieces,35.49,Yes,1,0,1,0,0,1,0,0,36.55,0,0
2024-2025,Central Coast,2024,6,Area 8,Angling from boat,SALMON,Coho,Not Checked,Kept,Legal Size,4.74,6.51,Pieces,0.92,0.04,5.16,7.75,Pieces,2.78,Yes,0,0,0,0.5,0.5,0,0.5,0,0,2.58,2.58
2024-2025,Central Coast,2024,6,Area 9,Angling from boat,SALMON,Coho,Adipose Marked,Kept,Legal Size,7.12,9.74,Pieces,0.92,0.04,7.74,11.64,Pieces,3.41,Yes,0,1,0,0,0,1,1,7.74,0,0,0
2024-2025,Central Coast,2024,6,Area 9,Angling from boat,SALMON,Coho,Not Adipose Marked,Kept,Legal Size,35.96,347,Pieces,0.92,0.04,39.1,413.51,Pieces,20.34,Yes,0.93,0.448286364,0,0,0.551713636,0.448286364,0.448286364,17.52799683,0,0,21.57200317
2024-2025,Central Coast,2024,6,Area 9,Angling from boat,SALMON,Coho,Not Checked,Kept,Legal Size,18.73,31.59,Pieces,0.92,0.04,20.37,38.22,Pieces,6.18,Yes,0.37,0.873390293,0,0.126609707,0,0.873390293,1,17.79096026,0,2.57903974,0
2024-2025,Central Coast,2024,6,Area 9,Angling from boat,SALMON,Coho,Adipose Marked,Released,Unspecified,9.17,23.68,Pieces,0.87,0.04,10.53,31.49,Pieces,5.61,Yes,1,0.5,0,0,0.5,0.5,0.5,5.265,0,0,5.265
2024-2025,Central Coast,2024,6,Area 9,Angling from boat,SALMON,Coho,Not Adipose Marked,Released,Unspecified,9.17,23.68,Pieces,0.87,0.04,10.53,31.49,Pieces,5.61,Yes,1,0.5,0,0,0.5,0.5,0.5,5.265,0,0,5.265
2024-2025,Central Coast,2024,7,Area 5,Angling from boat,SALMON,Coho,Not Adipose Marked,Kept,Legal Size,194.4,9025.5,Pieces,0.92,0.04,211.39,10765.73,Pieces,103.76,Yes,0.76,0,0.406215768,0.027318088,0.566466144,0.406215768,0.027318088,0,85.86995125,5.77477062,119.7452781
2024-2025,Central Coast,2024,7,Area 5,Angling from boat,SALMON,Coho,Not Checked,Kept,Legal Size,9.61,53.94,Pieces,0.92,0.04,10.45,64,Pieces,8,Yes,1,1,0,0,0,1,1,10.45,0,0,0
2024-2025,Central Coast,2024,7,Area 5,Angling from boat,SALMON,Coho,Not Adipose Marked,Released,Unspecified,17.74,279.29,Pieces,0.87,0.04,20.39,369.61,Pieces,19.23,Yes,0,0,0,0,1,0,0,0,0,0,20.39
2024-2025,Central Coast,2024,7,Area 6,Angling from boat,SALMON,Coho,Adipose Marked,Kept,Legal Size,122.33,1458.28,Pieces,0.92,0.04,133.02,1761.38,Pieces,41.97,Yes,0.69,0.41688885,0.077660284,0.077660284,0.427790582,0.494549134,0.494549134,55.45455486,10.33037095,10.33037095,56.90470324
2024-2025,Central Coast,2024,7,Area 6,Angling from boat,SALMON,Coho,Not Adipose Marked,Kept,Legal Size,1600.34,106768.56,Pieces,0.92,0.04,1740.22,132586.62,Pieces,364.12,Yes,0.76,0.307832197,0.047896029,0.065298523,0.578973251,0.355728225,0.37313072,535.6957455,83.34962685,113.6337961,1007.540832
2024-2025,Central Coast,2024,7,Area 6,Angling from boat,SALMON,Coho,Not Checked,Kept,Legal Size,570.22,27881.71,Pieces,0.92,0.04,620.06,33773.42,Pieces,183.78,Yes,0.68,0.418468819,0.031021053,0.104126107,0.446384021,0.449489873,0.522594926,259.4757762,19.23491435,64.56443363,276.7848759
2024-2025,Central Coast,2024,7,Area 6,Angling from boat,SALMON,Coho,Adipose Marked,Released,Unspecified,118.48,3671.1,Pieces,0.87,0.04,136.14,4884.83,Pieces,69.89,Yes,0.7,0.42206613,0,0.100227361,0.477706508,0.42206613,0.522293492,57.46008297,0,13.64495297,65.03496406
2024-2025,Central Coast,2024,7,Area 6,Angling from boat,SALMON,Coho,Not Adipose Marked,Released,Unspecified,981.86,110940.69,Pieces,0.87,0.04,1128.22,149067.99,Pieces,386.09,Yes,0.75,0.39573439,0.012973733,0.062891075,0.528400802,0.408708123,0.458625465,446.4754536,14.63722517,70.95496857,596.1523526
2024-2025,Central Coast,2024,7,Area 6,Angling from boat,SALMON,Coho,Not Checked,Released,Unspecified,595.88,35269.54,Pieces,0.87,0.04,684.7,47521.08,Pieces,217.99,Yes,0.72,0.357379533,0,0.099642985,0.542977482,0.357379533,0.457022518,244.6977664,0,68.22555153,371.776682
2024-2025,Central Coast,2024,7,Area 7,Angling from boat,SALMON,Coho,Adipose Marked,Kept,Legal Size,280.61,8779.38,Pieces,0.92,0.04,305.14,10576.06,Pieces,102.84,Yes,0.3,0.748814739,0,0.101564701,0.14962056,0.748814739,0.85037944,228.4933295,0,30.99145293,45.65521758
2024-2025,Central Coast,2024,7,Area 7,Angling from boat,SALMON,Coho,Not Adipose Marked,Kept,Legal Size,1737.75,127707.31,Pieces,0.92,0.04,1889.64,158480.77,Pieces,398.1,Yes,0.69,0.388279013,0.004100128,0.102803654,0.504817205,0.392379141,0.491082666,733.7075533,7.74776599,194.2618966,953.9227841
2024-2025,Central Coast,2024,7,Area 7,Angling from boat,SALMON,Coho,Not Checked,Kept,Legal Size,403.19,13355.1,Pieces,0.92,0.04,438.43,16194.05,Pieces,127.26,Yes,0.31,0.731861468,0,0.120590646,0.147547886,0.731861468,0.852452114,320.8700234,0,52.87055676,64.68941982
2024-2025,Central Coast,2024,7,Area 7,Angling from boat,SALMON,Coho,Adipose Marked,Released,Unspecified,237.55,22489.6,Pieces,0.87,0.04,272.97,29845.75,Pieces,172.76,Yes,0.62,0.760055087,0,0.019995409,0.219949504,0.760055087,0.780050496,207.472237,0,5.458146915,60.03961606
2024-2025,Central Coast,2024,7,Area 7,Angling from boat,SALMON,Coho,Not Adipose Marked,Released,Unspecified,1353.46,106373.37,Pieces,0.87,0.04,1555.21,145365.76,Pieces,381.27,Yes,0.68,0.354709676,0.008901343,0.148836601,0.48755238,0.363611019,0.503546277,551.648035,13.84345755,231.4721705,758.2463369
2024-2025,Central Coast,2024,7,Area 7,Angling from boat,SALMON,Coho,Not Checked,Released,Unspecified,740.49,84846.07,Pieces,0.87,0.04,850.87,113498.38,Pieces,336.9,Yes,0.86,0.390603516,0.012202351,0.142621862,0.454572271,0.402805867,0.533225378,332.3528134,10.3826147,121.3526636,386.7819083
2024-2025,Central Coast,2024,7,Area 8,Angling from boat,SALMON,Coho,Adipose Marked,Kept,Legal Size,115.5,1929.89,Pieces,0.92,0.04,125.59,2315.01,Pieces,48.11,Yes,0.41,0.041126817,0,0.611549142,0.347324041,0.041126817,0.652675959,5.165116925,0,76.80445676,43.62042632
2024-2025,Central Coast,2024,7,Area 8,Angling from boat,SALMON,Coho,Not Adipose Marked,Kept,Legal Size,1561.43,68256.94,Pieces,0.92,0.04,1697.91,86744.06,Pieces,294.52,Yes,0.61,0.024403914,0,0.573436976,0.40215911,0.024403914,0.59784089,41.43564996,0,973.6443763,682.8299737
2024-2025,Central Coast,2024,7,Area 8,Angling from boat,SALMON,Coho,Not Checked,Kept,Legal Size,505.38,19447.03,Pieces,0.92,0.04,549.55,23627.23,Pieces,153.71,Yes,0.64,0.031788599,0,0.920528502,0.047682899,0.031788599,0.952317101,17.46942474,0,505.8764382,26.20413711
2024-2025,Central Coast,2024,7,Area 8,Angling from boat,SALMON,Coho,Adipose Marked,Released,Unspecified,84.23,937.29,Pieces,0.87,0.04,96.78,1256.59,Pieces,35.45,Yes,0.09,0.169188077,0,0.495526482,0.335285442,0.169188077,0.664714558,16.37402205,0,47.95705288,32.44892507
2024-2025,Central Coast,2024,7,Area 8,Angling from boat,SALMON,Coho,Not Adipose Marked,Released,Unspecified,1684.43,147023.21,Pieces,0.87,0.04,1935.53,201735.75,Pieces,449.15,Yes,0.49,0.026211536,0,0.600579548,0.373208916,0.026211536,0.626791084,50.73321377,0,1162.439732,722.3570538
2024-2025,Central Coast,2024,7,Area 8,Angling from boat,SALMON,Coho,Not Checked,Released,Unspecified,524.08,63252.28,Pieces,0.87,0.04,602.2,84252.6,Pieces,290.26,Yes,0.6,0,0,1,0,0,1,0,0,602.2,0
2024-2025,Central Coast,2024,7,Area 9,Angling from boat,SALMON,Coho,Adipose Marked,Kept,Legal Size,221.73,3340.94,Pieces,0.92,0.04,241.11,4072.16,Pieces,63.81,Yes,0.31,0.549095707,0,0.450904293,0,0.549095707,1,132.392466,0,108.717534,0
2024-2025,Central Coast,2024,7,Area 9,Angling from boat,SALMON,Coho,Not Adipose Marked,Kept,Legal Size,1895.78,51741.36,Pieces,0.92,0.04,2061.49,70075.79,Pieces,264.72,Yes,0.52,0.468111459,0,0.399870223,0.132018318,0.468111459,0.867981682,965.0070908,0,824.3284665,272.1544427
2024-2025,Central Coast,2024,7,Area 9,Angling from boat,SALMON,Coho,Not Checked,Kept,Legal Size,553.33,6205.8,Pieces,0.92,0.04,601.7,8095.77,Pieces,89.98,Yes,0.31,0.34451667,0.00429216,0.614893883,0.036297287,0.34880883,0.959410553,207.2956802,2.582592637,369.9816494,21.84007777
2024-2025,Central Coast,2024,7,Area 9,Angling from boat,SALMON,Coho,Adipose Marked,Released,Unspecified,201.13,12524,Pieces,0.87,0.04,231.11,16644.71,Pieces,129.01,Yes,0.17,0.212549092,0,0.787450908,0,0.212549092,1,49.1222207,0,181.9877793,0
2024-2025,Central Coast,2024,7,Area 9,Angling from boat,SALMON,Coho,Not Adipose Marked,Released,Unspecified,2822.75,870419.69,Pieces,0.87,0.04,3243.53,1170643.83,Pieces,1081.96,Yes,0.73,0.177843425,0,0.31088207,0.511274504,0.177843425,0.488725496,576.8404851,0,1008.355322,1658.334193
2024-2025,Central Coast,2024,7,Area 9,Angling from boat,SALMON,Coho,Not Checked,Released,Unspecified,439.53,13022.94,Pieces,0.87,0.04,505.05,17713.27,Pieces,133.09,Yes,0.46,0.614938028,0,0.385061972,0,0.614938028,1,310.5744511,0,194.4755489,0
2024-2025,Central Coast,2024,8,Area 5,Angling from boat,SALMON,Coho,Adipose Marked,Kept,Legal Size,6.31,33.46,Pieces,0.92,0.04,6.86,39.67,Pieces,6.3,Yes,0,0,0,0,1,0,0,0,0,0,6.86
2024-2025,Central Coast,2024,8,Area 5,Angling from boat,SALMON,Coho,Not Adipose Marked,Kept,Legal Size,189.45,16372.86,Pieces,0.92,0.04,206.01,19448.93,Pieces,139.46,Yes,0.17,0.038655206,0,0.025770137,0.935574656,0.038655206,0.064425344,7.963359022,0,5.308906015,192.737735
2024-2025,Central Coast,2024,8,Area 5,Angling from boat,SALMON,Coho,Not Checked,Kept,Legal Size,2.44,3.52,Pieces,0.92,0.04,2.65,4.17,Pieces,2.04,Yes,1,0,0,0,1,0,0,0,0,0,2.65
2024-2025,Central Coast,2024,8,Area 5,Angling from boat,SALMON,Coho,Adipose Marked,Released,Unspecified,8.89,37.57,Pieces,0.87,0.04,10.22,49.82,Pieces,7.06,Yes,0.29,0.290873662,0,0,0.709126338,0.290873662,0.290873662,2.972728827,0,0,7.247271173
2024-2025,Central Coast,2024,8,Area 5,Angling from boat,SALMON,Coho,Not Adipose Marked,Released,Unspecified,23.05,265.92,Pieces,0.87,0.04,26.49,352.53,Pieces,18.78,Yes,1,0.897626132,0.102373868,0,0,1,0.897626132,23.77811623,2.711883773,0,0
2024-2025,Central Coast,2024,8,Area 6,Angling from boat,SALMON,Coho,Adipose Marked,Kept,Legal Size,229.21,4715.42,Pieces,0.92,0.04,249.24,5705.76,Pieces,75.54,Yes,0.78,0.204713645,0,0.101170814,0.694115541,0.204713645,0.305884459,51.02282888,0,25.21581359,173.0013575
2024-2025,Central Coast,2024,8,Area 6,Angling from boat,SALMON,Coho,Not Adipose Marked,Kept,Legal Size,6028.48,966369.23,Pieces,0.92,0.04,6555.4,1232622.2,Pieces,1110.24,Yes,0.9,0.087796967,0.023064573,0.05222818,0.83691028,0.110861539,0.140025147,575.5442354,151.1974999,342.3766138,5486.281651
2024-2025,Central Coast,2024,8,Area 6,Angling from boat,SALMON,Coho,Not Checked,Kept,Legal Size,2428.17,1355602.22,Pieces,0.92,0.04,2640.4,1617524.31,Pieces,1271.82,Yes,0.91,0.110455899,0.00545613,0.02649746,0.857590511,0.115912028,0.136953359,291.6477547,14.40636438,69.96389469,2264.381986
2024-2025,Central Coast,2024,8,Area 6,Angling from boat,SALMON,Coho,Adipose Marked,Released,Unspecified,235.4,4689.98,Pieces,0.87,0.04,270.49,6341.14,Pieces,79.63,Yes,0.66,0.219160391,0,0.460522945,0.320316663,0.219160391,0.679683337,59.28069425,0,124.5668515,86.64245428
2024-2025,Central Coast,2024,8,Area 6,Angling from boat,SALMON,Coho,Not Adipose Marked,Released,Unspecified,4128.56,1195213.51,Pieces,0.87,0.04,4744,1623841.71,Pieces,1274.3,Yes,0.83,0.217623438,0.005912592,0.194476031,0.581987939,0.22353603,0.412099469,1032.405591,28.04933523,922.5942909,2760.950783
2024-2025,Central Coast,2024,8,Area 6,Angling from boat,SALMON,Coho,Not Checked,Released,Unspecified,1173.88,113917.13,Pieces,0.87,0.04,1348.86,154108.56,Pieces,392.57,Yes,0.6,0.424691439,0.009275421,0.223974041,0.342059098,0.433966861,0.648665481,572.849295,12.51124457,302.1096252,461.3898352
2024-2025,Central Coast,2024,8,Area 7,Angling from boat,SALMON,Coho,Adipose Marked,Kept,Legal Size,240.56,2495.86,Pieces,0.92,0.04,261.58,3094.44,Pieces,55.63,Yes,0.12,0.48541337,0,0.139081658,0.375504972,0.48541337,0.624495028,126.9744293,0,36.38098023,98.22459051
2024-2025,Central Coast,2024,8,Area 7,Angling from boat,SALMON,Coho,Not Adipose Marked,Kept,Legal Size,3489.63,258686.24,Pieces,0.92,0.04,3794.65,336019.91,Pieces,579.67,Yes,0.66,0.397978953,0.009587526,0.138403162,0.454030359,0.407566479,0.536382115,1510.190832,36.38130644,525.1915591,1722.886302
2024-2025,Central Coast,2024,8,Area 7,Angling from boat,SALMON,Coho,Not Checked,Kept,Legal Size,852.59,24265.74,Pieces,0.92,0.04,927.12,30491.97,Pieces,174.62,Yes,0.43,0.654430554,0,0.266821463,0.078747984,0.654430554,0.921252016,606.7356549,0,247.3755145,73.00883064
2024-2025,Central Coast,2024,8,Area 7,Angling from boat,SALMON,Coho,Adipose Marked,Released,Unspecified,218.63,11841.55,Pieces,0.87,0.04,251.22,15763.33,Pieces,125.55,Yes,0.12,0.497492394,0,0,0.502507606,0.497492394,0.497492394,124.9800393,0,0,126.2399607
2024-2025,Central Coast,2024,8,Area 7,Angling from boat,SALMON,Coho,Not Adipose Marked,Released,Unspecified,6174.32,20084537.51,Pieces,0.87,0.04,7094.72,26621076.71,Pieces,5159.56,Yes,0.9,0.168076546,0.000416825,0.047893589,0.783613039,0.168493371,0.215970136,1192.456036,2.957256046,339.7916073,5559.515101
2024-2025,Central Coast,2024,8,Area 7,Angling from boat,SALMON,Coho,Not Checked,Released,Unspecified,787.77,98180.37,Pieces,0.87,0.04,905.2,131298.32,Pieces,362.35,Yes,0.08,0.478433931,0,0.087858023,0.433708046,0.478433931,0.566291954,433.0783944,0,79.52908276,392.5925228
2024-2025,Central Coast,2024,8,Area 8,Angling from boat,SALMON,Coho,Adipose Marked,Kept,Legal Size,119.78,1015.15,Pieces,0.92,0.04,130.25,1235.87,Pieces,35.15,Yes,0.46,0.197158307,0.020380023,0.661440564,0.121021107,0.217538329,0.858598871,25.67986942,2.654497937,86.15263347,15.76299917
2024-2025,Central Coast,2024,8,Area 8,Angling from boat,SALMON,Coho,Not Adipose Marked,Kept,Legal Size,2305.4,131410.22,Pieces,0.92,0.04,2506.9,168538.98,Pieces,410.54,Yes,0.67,0.032239175,0.025136522,0.703514527,0.239109775,0.057375698,0.735753703,80.82038872,63.01474817,1763.640569,599.4242946
2024-2025,Central Coast,2024,8,Area 8,Angling from boat,SALMON,Coho,Not Checked,Kept,Legal Size,592.8,77432.76,Pieces,0.92,0.04,644.62,92430.11,Pieces,304.02,Yes,0.57,0.026182208,0,0.925485503,0.048332289,0.026182208,0.951667711,16.87757479,0,596.5864648,31.15596044
2024-2025,Central Coast,2024,8,Area 8,Angling from boat,SALMON,Coho,Adipose Marked,Released,Unspecified,43.98,466.51,Pieces,0.87,0.04,50.53,621.15,Pieces,24.92,Yes,0,0.122185962,0,0.877814038,0,0.122185962,1,6.174056665,0,44.35594333,0
2024-2025,Central Coast,2024,8,Area 8,Angling from boat,SALMON,Coho,Not Adipose Marked,Released,Unspecified,1205.38,61874.23,Pieces,0.87,0.04,1385.07,85594.37,Pieces,292.57,Yes,0.7,0.085715542,0.016805646,0.685312438,0.212166373,0.102521188,0.771027981,118.7220261,23.27699617,949.2056992,293.8652785
2024-2025,Central Coast,2024,8,Area 8,Angling from boat,SALMON,Coho,Not Checked,Released,Unspecified,160.2,2256.15,Pieces,0.87,0.04,184.08,3047.78,Pieces,55.21,Yes,0.12,0,0,0.851706267,0.148293733,0,0.851706267,0,0,156.7820897,27.29791033
2024-2025,Central Coast,2024,8,Area 9,Angling from boat,SALMON,Coho,Adipose Marked,Kept,Legal Size,343.56,13573.3,Pieces,0.92,0.04,373.59,16341.86,Pieces,127.84,Yes,0.55,0.183735368,0,0.512060652,0.30420398,0.183735368,0.69579602,68.6416961,0,191.3007389,113.647565
2024-2025,Central Coast,2024,8,Area 9,Angling from boat,SALMON,Coho,Not Adipose Marked,Kept,Legal Size,5352.8,423155,Pieces,0.92,0.04,5820.67,571267.23,Pieces,755.82,Yes,0.6,0.355961005,0.002899585,0.496017015,0.145122395,0.35886059,0.85197802,2071.931545,16.87752567,2887.151356,844.7095731
2024-2025,Central Coast,2024,8,Area 9,Angling from boat,SALMON,Coho,Not Checked,Kept,Legal Size,1073.18,16488.09,Pieces,0.92,0.04,1166.98,22346.55,Pieces,149.49,Yes,0.3,0.481222031,0.035715002,0.447347965,0.035715002,0.516937033,0.928569996,561.5764858,41.67869274,522.0461288,41.67869274
2024-2025,Central Coast,2024,8,Area 9,Angling from boat,SALMON,Coho,Adipose Marked,Released,Unspecified,144.62,3486.74,Pieces,0.87,0.04,166.18,4659.87,Pieces,68.26,Yes,0.54,0.266927895,0,0.195747123,0.537324983,0.266927895,0.462675017,44.35807751,0,32.52925684,89.29266565
2024-2025,Central Coast,2024,8,Area 9,Angling from boat,SALMON,Coho,Not Adipose Marked,Released,Unspecified,2039.1,218247.81,Pieces,0.87,0.04,2343.06,299320.94,Pieces,547.1,Yes,0.62,0.167195852,0,0.501228818,0.331575331,0.167195852,0.668424669,391.749912,0,1174.409194,776.900894
2024-2025,Central Coast,2024,8,Area 9,Angling from boat,SALMON,Coho,Not Checked,Released,Unspecified,443.82,15184.98,Pieces,0.87,0.04,509.98,20578.11,Pieces,143.45,Yes,0.6,0.176870336,0.129540271,0.58974375,0.103845643,0.306410607,0.766614085,90.20033374,66.06294759,300.7575174,52.95920127
2024-2025,Central Coast,2024,9,Area 6,Angling from boat,SALMON,Coho,Not Adipose Marked,Kept,Legal Size,712.4,44794.21,Pieces,0.92,0.04,774.67,54222.94,Pieces,232.86,Yes,1,0,0.048028415,0,0.951971585,0.048028415,0,0,37.20617245,0,737.4638276
2024-2025,Central Coast,2024,9,Area 6,Angling from boat,SALMON,Coho,Not Checked,Kept,Legal Size,33.96,379.92,Pieces,0.92,0.04,36.93,452.09,Pieces,21.26,Yes,0.76,0,0.074057816,0,0.925942184,0.074057816,0,0,2.734955129,0,34.19504487
2024-2025,Central Coast,2024,9,Area 6,Angling from boat,SALMON,Coho,Not Adipose Marked,Released,Unspecified,242.42,39443.06,Pieces,0.87,0.04,278.56,52236.67,Pieces,228.55,Yes,1,0,0,0,1,0,0,0,0,0,278.56
2024-2025,Central Coast,2024,9,Area 6,Angling from boat,SALMON,Coho,Not Checked,Released,Unspecified,30.29,273.85,Pieces,0.87,0.04,34.81,364.04,Pieces,19.08,Yes,0.1,0,0,0,1,0,0,0,0,0,34.81
2024-2025,Central Coast,2024,9,Area 7,Angling from boat,SALMON,Coho,Adipose Marked,Kept,Legal Size,2.67,4.47,Pieces,0.92,0.04,2.91,5.3,Pieces,2.3,Yes,0,1,0,0,0,1,1,2.91,0,0,0
2024-2025,Central Coast,2024,9,Area 7,Angling from boat,SALMON,Coho,Not Adipose Marked,Kept,Legal Size,117.48,1583.18,Pieces,0.92,0.04,127.75,1906.19,Pieces,43.66,Yes,0.27,0.614168551,0.113734917,0,0.272096532,0.727903468,0.614168551,78.46003238,14.52963563,0,34.76033199
2024-2025,Central Coast,2024,9,Area 7,Angling from boat,SALMON,Coho,Not Adipose Marked,Released,Unspecified,34.69,350.83,Pieces,0.87,0.04,39.86,466.45,Pieces,21.6,Yes,0.46,0.539252305,0,0,0.460747695,0.539252305,0.539252305,21.49459688,0,0,18.36540312
2024-2025,Central Coast,2024,9,Area 8,Angling from boat,SALMON,Coho,Adipose Marked,Kept,Legal Size,2.67,4.47,Pieces,0.92,0.04,2.91,5.3,Pieces,2.3,Yes,0,0,0,1,0,0,1,0,0,2.91,0
2024-2025,Central Coast,2024,9,Area 8,Angling from boat,SALMON,Coho,Not Adipose Marked,Kept,Legal Size,316.68,11039.01,Pieces,0.92,0.04,344.36,13301.26,Pieces,115.33,Yes,0.56,0,0.073269868,0.441545684,0.485184449,0.073269868,0.441545684,0,25.23121164,152.0506716,167.0781168
2024-2025,Central Coast,2024,9,Area 8,Angling from boat,SALMON,Coho,Not Checked,Kept,Legal Size,85.43,4587.42,Pieces,0.92,0.04,92.9,5442.46,Pieces,73.77,Yes,0.91,0,0,1,0,0,1,0,0,92.9,0
2024-2025,Central Coast,2024,9,Area 8,Angling from boat,SALMON,Coho,Adipose Marked,Released,Unspecified,114.52,12543.13,Pieces,0.87,0.04,131.6,16596.62,Pieces,128.83,Yes,1,0,0,0,1,0,0,0,0,0,131.6
2024-2025,Central Coast,2024,9,Area 8,Angling from boat,SALMON,Coho,Not Adipose Marked,Released,Unspecified,163.59,18397.06,Pieces,0.87,0.04,187.98,24362.52,Pieces,156.08,Yes,1,0,0,0.035458023,0.964541977,0,0.035458023,0,0,6.665399227,181.3146008
2024-2025,Central Coast,2024,9,Area 8,Angling from boat,SALMON,Coho,Not Checked,Released,Unspecified,91.62,8027.6,Pieces,0.87,0.04,105.28,10621.84,Pieces,103.06,Yes,1,0,0,1,0,0,1,0,0,105.28,0
2024-2025,Central Coast,2024,9,Area 9,Angling from boat,SALMON,Coho,Adipose Marked,Kept,Legal Size,8.24,23.39,Pieces,0.92,0.04,8.97,27.82,Pieces,5.27,Yes,0.35,0,0,1,0,0,1,0,0,8.97,0
2024-2025,Central Coast,2024,9,Area 9,Angling from boat,SALMON,Coho,Not Adipose Marked,Kept,Legal Size,200.32,2013.67,Pieces,0.92,0.04,217.83,2480.36,Pieces,49.8,Yes,0.49,0.383665602,0.129390332,0.486944066,0,0.513055934,0.870609668,83.57387798,28.18509603,106.071026,0
2024-2025,Central Coast,2024,9,Area 9,Angling from boat,SALMON,Coho,Not Checked,Kept,Legal Size,73.74,763.41,Pieces,0.92,0.04,80.19,916.15,Pieces,30.27,Yes,0.24,0.272222983,0,0.727777017,0,0.272222983,1,21.82956098,0,58.36043902,0
2024-2025,Central Coast,2024,9,Area 9,Angling from boat,SALMON,Coho,Adipose Marked,Released,Unspecified,2.51,3.81,Pieces,0.87,0.04,2.89,5.05,Pieces,2.25,Yes,1,1,0,0,0,1,1,2.89,0,0,0
2024-2025,Central Coast,2024,9,Area 9,Angling from boat,SALMON,Coho,Not Adipose Marked,Released,Unspecified,32.75,196.59,Pieces,0.87,0.04,37.63,262.45,Pieces,16.2,Yes,0.27,0.347260618,0,0.652739382,0,0.347260618,1,13.06741707,0,24.56258293,0
2024-2025,Central Coast,2024,10,Area 8,Angling from boat,SALMON,Coho,Not Adipose Marked,Kept,Legal Size,6.83,26.16,Pieces,0.92,0.04,7.43,31.04,Pieces,5.57,Yes,0,0,0,0,1,0,0,0,0,0,7.43
2024-2025,Central Coast,2024,10,Area 8,Angling from boat,SALMON,Coho,Not Adipose Marked,Released,Unspecified,6.83,26.16,Pieces,0.87,0.04,7.85,34.66,Pieces,5.89,Yes,0,0,0,0,1,0,0,0,0,0,7.85
2024-2025,Central Coast,2024,10,Area 9,Angling from boat,SALMON,Coho,Not Adipose Marked,Released,Unspecified,8.59,47.99,Pieces,0.87,0.04,9.87,63.57,Pieces,7.97,Yes,0,0,0,0,1,0,0,0,0,0,9.87
2025-2026,Central Coast,2025,5,Area 9,Angling from boat,SALMON,Coho,Not Checked,Kept,Legal Size,6.51,35.84,Pieces,0.91,0.05,7.19,43.86,Pieces,6.62,Yes,1,0,0,1,0,0,1,0,0,7.19,0
2025-2026,Central Coast,2025,5,Area 9,Angling from boat,SALMON,Coho,Not Adipose Marked,Released,Unspecified,6.51,35.84,Pieces,0.8,0.05,8.11,55.9,Pieces,7.48,Yes,1,1,0,0,0,1,1,8.11,0,0,0
2025-2026,Central Coast,2025,6,Area 5,Angling from boat,SALMON,Coho,Not Adipose Marked,Kept,Legal Size,34.48,982.23,Pieces,0.91,0.05,38.09,1202.25,Pieces,34.67,Yes,1,0,0,0,1,0,0,0,0,0,38.09
2025-2026,Central Coast,2025,6,Area 5,Angling from boat,SALMON,Coho,Not Checked,Kept,Legal Size,2.85,5.29,Pieces,0.91,0.05,3.15,6.48,Pieces,2.55,Yes,0,1,0,0,0,1,1,3.15,0,0,0
2025-2026,Central Coast,2025,6,Area 6,Angling from boat,SALMON,Coho,Adipose Marked,Kept,Legal Size,25.31,150.17,Pieces,0.91,0.05,27.96,185.26,Pieces,13.61,Yes,0.77,0.225522426,0.093194758,0,0.681282816,0.318717184,0.225522426,6.305607026,2.605725445,0,19.04866753
2025-2026,Central Coast,2025,6,Area 6,Angling from boat,SALMON,Coho,Not Adipose Marked,Kept,Legal Size,83.24,766.9,Pieces,0.91,0.05,91.95,957.77,Pieces,30.95,Yes,0.9,0.102851913,0.144593854,0.031047883,0.72150635,0.247445767,0.133899796,9.457233386,13.29540487,2.854852852,66.34250889
2025-2026,Central Coast,2025,6,Area 6,Angling from boat,SALMON,Coho,Not Checked,Kept,Legal Size,42.56,629.26,Pieces,0.91,0.05,47.01,773.55,Pieces,27.81,Yes,0.87,0.295810454,0,0,0.704189546,0.295810454,0.295810454,13.90604942,0,0,33.10395058
2025-2026,Central Coast,2025,6,Area 6,Angling from boat,SALMON,Coho,Adipose Marked,Released,Unspecified,11.49,109.14,Pieces,0.8,0.05,14.32,170.24,Pieces,13.05,Yes,1,0,0,0,1,0,0,0,0,0,14.32
2025-2026,Central Coast,2025,6,Area 6,Angling from boat,SALMON,Coho,Not Adipose Marked,Released,Unspecified,70.8,1625.04,Pieces,0.8,0.05,88.2,2554.8,Pieces,50.55,Yes,0.86,0,0.20661659,0,0.79338341,0.20661659,0,0,18.2235832,0,69.9764168
2025-2026,Central Coast,2025,6,Area 7,Angling from boat,SALMON,Coho,Adipose Marked,Kept,Legal Size,58.68,655.66,Pieces,0.91,0.05,64.82,810.96,Pieces,28.48,Yes,0.34,0.706174039,0.293825961,0,0,1,0.706174039,45.7742012,19.0457988,0,0
2025-2026,Central Coast,2025,6,Area 7,Angling from boat,SALMON,Coho,Not Adipose Marked,Kept,Legal Size,85.99,3147.62,Pieces,0.91,0.05,94.99,3864.09,Pieces,62.16,Yes,0.09,0.848301169,0,0,0.151698831,0.848301169,0.848301169,80.580128,0,0,14.409872
2025-2026,Central Coast,2025,6,Area 7,Angling from boat,SALMON,Coho,Not Checked,Kept,Legal Size,11.45,37.85,Pieces,0.91,0.05,12.65,46.6,Pieces,6.83,Yes,0.5,0.498263601,0,0,0.501736399,0.498263601,0.498263601,6.303034556,0,0,6.346965444
2025-2026,Central Coast,2025,6,Area 7,Angling from boat,SALMON,Coho,Not Adipose Marked,Released,Unspecified,5.44,9.38,Pieces,0.8,0.05,6.77,14.76,Pieces,3.84,Yes,0.48,1,0,0,0,1,1,6.77,0,0,0
2025-2026,Central Coast,2025,6,Area 8,Angling from boat,SALMON,Coho,Not Adipose Marked,Kept,Legal Size,13.65,73.96,Pieces,0.91,0.05,15.08,90.84,Pieces,9.53,Yes,0.42,0,0,0,1,0,0,0,0,0,15.08
2025-2026,Central Coast,2025,6,Area 8,Angling from boat,SALMON,Coho,Not Checked,Kept,Legal Size,22.05,363.55,Pieces,0.91,0.05,24.36,445.13,Pieces,21.1,Yes,1,0,0,0.117204609,0.882795391,0,0.117204609,0,0,2.855104286,21.50489571
2025-2026,Central Coast,2025,6,Area 9,Angling from boat,SALMON,Coho,Adipose Marked,Kept,Legal Size,24.34,49.65,Pieces,0.91,0.05,26.88,62.46,Pieces,7.9,Yes,0.53,0.882739852,0,0,0.117260148,0.882739852,0.882739852,23.72804721,0,0,3.151952785
2025-2026,Central Coast,2025,6,Area 9,Angling from boat,SALMON,Coho,Not Adipose Marked,Kept,Legal Size,47.5,437.52,Pieces,0.91,0.05,52.47,541.02,Pieces,23.26,Yes,0.41,0.446147973,0,0.144898013,0.408954014,0.446147973,0.591045986,23.40938414,0,7.602798732,21.45781713
2025-2026,Central Coast,2025,6,Area 9,Angling from boat,SALMON,Coho,Not Checked,Kept,Legal Size,47.68,349,Pieces,0.91,0.05,52.66,433.06,Pieces,20.81,Yes,0.94,0.584137616,0,0.054208383,0.361654001,0.584137616,0.638345999,30.76068685,0,2.854613459,19.04469969
2025-2026,Central Coast,2025,6,Area 9,Angling from boat,SALMON,Coho,Not Adipose Marked,Released,Unspecified,2.85,5.29,Pieces,0.8,0.05,3.56,8.26,Pieces,2.87,Yes,0,1,0,0,0,1,1,3.56,0,0,0
2025-2026,Central Coast,2025,7,Area 5,Angling from boat,SALMON,Coho,Adipose Marked,Kept,Legal Size,12.54,35.69,Pieces,0.91,0.05,13.85,44.05,Pieces,6.64,Yes,0.37,0.180926327,0.819073673,0,0,1,0.180926327,2.505829628,11.34417037,0,0
2025-2026,Central Coast,2025,7,Area 5,Angling from boat,SALMON,Coho,Not Adipose Marked,Kept,Legal Size,11.14,43.2,Pieces,0.91,0.05,12.31,53.11,Pieces,7.29,Yes,1,0,0.403006621,0,0.596993379,0.403006621,0,0,4.961011501,0,7.348988499
2025-2026,Central Coast,2025,7,Area 5,Angling from boat,SALMON,Coho,Not Checked,Kept,Legal Size,2.29,2.96,Pieces,0.91,0.05,2.53,3.63,Pieces,1.9,Yes,1,0,1,0,0,1,0,0,2.53,0,0
2025-2026,Central Coast,2025,7,Area 6,Angling from boat,SALMON,Coho,Adipose Marked,Kept,Legal Size,484.14,19787.57,Pieces,0.91,0.05,534.78,24889.03,Pieces,157.76,Yes,0.67,0.394773276,0.018934895,0.051548169,0.53474366,0.413708171,0.446321445,211.1168526,10.12600316,27.56692988,285.9702144
2025-2026,Central Coast,2025,7,Area 6,Angling from boat,SALMON,Coho,Not Adipose Marked,Kept,Legal Size,2208.49,145169.13,Pieces,0.91,0.05,2439.52,192634.24,Pieces,438.9,Yes,0.77,0.221702804,0.013364308,0.033180217,0.73175267,0.235067113,0.254883021,540.8484254,32.60249768,80.94380266,1785.125274
2025-2026,Central Coast,2025,7,Area 6,Angling from boat,SALMON,Coho,Not Checked,Kept,Legal Size,618.72,28475.58,Pieces,0.91,0.05,683.44,35961.59,Pieces,189.64,Yes,0.75,0.58354195,0.011548485,0.040335487,0.364574078,0.595090435,0.623877437,398.8159102,7.892696669,27.56688555,249.1645076
2025-2026,Central Coast,2025,7,Area 6,Angling from boat,SALMON,Coho,Adipose Marked,Released,Unspecified,70.71,397.81,Pieces,0.8,0.05,88.09,650.08,Pieces,25.5,Yes,0.33,0.965516594,0,0,0.034483406,0.965516594,0.965516594,85.05235681,0,0,3.037643191
2025-2026,Central Coast,2025,7,Area 6,Angling from boat,SALMON,Coho,Not Adipose Marked,Released,Unspecified,352.28,13693.25,Pieces,0.8,0.05,438.86,22063.06,Pieces,148.54,Yes,0.47,0.246173734,0.114482714,0.026242231,0.613101321,0.360656448,0.272415966,108.035805,50.2418838,11.51666566,269.0656455
2025-2026,Central Coast,2025,7,Area 6,Angling from boat,SALMON,Coho,Not Checked,Released,Unspecified,128.82,637.48,Pieces,0.8,0.05,160.48,1097.87,Pieces,33.13,Yes,0.28,0.567876475,0.051753387,0.228951121,0.151419018,0.619629862,0.796827595,91.13281663,8.305383584,36.74207583,24.29972396
2025-2026,Central Coast,2025,7,Area 7,Angling from boat,SALMON,Coho,Adipose Marked,Kept,Legal Size,350.16,3267.35,Pieces,0.91,0.05,386.79,4376.46,Pieces,66.15,Yes,0.48,0.483201266,0.108319717,0.105119585,0.303359431,0.591520984,0.588320851,186.8974179,41.89698336,40.65920427,117.3363945
2025-2026,Central Coast,2025,7,Area 7,Angling from boat,SALMON,Coho,Not Adipose Marked,Kept,Legal Size,1118.84,37154.61,Pieces,0.91,0.05,1235.88,49313.9,Pieces,222.07,Yes,0.64,0.485326864,0.017279823,0.19748725,0.299906063,0.502606687,0.682814114,599.8057646,21.35578778,244.0705427,370.6479049
2025-2026,Central Coast,2025,7,Area 7,Angling from boat,SALMON,Coho,Not Checked,Kept,Legal Size,323.8,2249.58,Pieces,0.91,0.05,357.68,3078.15,Pieces,55.48,Yes,0.38,0.497788254,0.007530026,0.26500109,0.22968063,0.50531828,0.762789344,178.0489027,2.693339565,94.78558999,82.15216778
2025-2026,Central Coast,2025,7,Area 7,Angling from boat,SALMON,Coho,Adipose Marked,Released,Unspecified,159.93,3949.4,Pieces,0.8,0.05,199.23,6296.6,Pieces,79.35,Yes,0.55,0.639119001,0,0,0.360880999,0.639119001,0.639119001,127.3316787,0,0,71.89832135
2025-2026,Central Coast,2025,7,Area 7,Angling from boat,SALMON,Coho,Not Adipose Marked,Released,Unspecified,792.96,62551.49,Pieces,0.8,0.05,987.86,101190.02,Pieces,318.1,Yes,0.77,0.344879117,0.032197398,0.23238669,0.390536795,0.377076515,0.577265807,340.6922844,31.80652182,229.5655154,385.7956783
2025-2026,Central Coast,2025,7,Area 7,Angling from boat,SALMON,Coho,Not Checked,Released,Unspecified,1083.01,837603.63,Pieces,0.8,0.05,1349.2,1307604.35,Pieces,1143.51,Yes,0.91,0.066425423,0,0.042523181,0.891051395,0.066425423,0.108948605,89.62118104,0,57.37227639,1202.206543
2025-2026,Central Coast,2025,7,Area 8,Angling from boat,SALMON,Coho,Adipose Marked,Kept,Legal Size,152.47,1635.96,Pieces,0.91,0.05,168.42,2070.03,Pieces,45.5,Yes,0.59,0.014880338,0,0.523605176,0.461514486,0.014880338,0.538485514,2.506146519,0,88.18558368,77.7282698
2025-2026,Central Coast,2025,7,Area 8,Angling from boat,SALMON,Coho,Not Adipose Marked,Kept,Legal Size,1046.24,63414.55,Pieces,0.91,0.05,1155.68,80855.34,Pieces,284.35,Yes,0.86,0,0.04728302,0.583591457,0.369125523,0.04728302,0.583591457,0,54.64404022,674.4449752,426.5909846
2025-2026,Central Coast,2025,7,Area 8,Angling from boat,SALMON,Coho,Not Checked,Kept,Legal Size,114.39,1773.42,Pieces,0.91,0.05,126.35,2205.44,Pieces,46.96,Yes,0.68,0.059502159,0,0.835839746,0.104658095,0.059502159,0.895341905,7.518097777,0,105.6083519,13.22355029
2025-2026,Central Coast,2025,7,Area 8,Angling from boat,SALMON,Coho,Adipose Marked,Released,Unspecified,33.78,699.42,Pieces,0.8,0.05,42.08,1092.94,Pieces,33.06,Yes,0.93,0,0,0.932827299,0.067172701,0,0.932827299,0,0,39.25337276,2.826627241
2025-2026,Central Coast,2025,7,Area 8,Angling from boat,SALMON,Coho,Not Adipose Marked,Released,Unspecified,169.33,7558.94,Pieces,0.8,0.05,210.95,11918.75,Pieces,109.17,Yes,0.85,0,0.146072206,0.765042026,0.088885768,0.146072206,0.765042026,0,30.81393191,161.3856154,18.75045272
2025-2026,Central Coast,2025,7,Area 8,Angling from boat,SALMON,Coho,Not Checked,Released,Unspecified,24.68,148.68,Pieces,0.8,0.05,30.74,234.73,Pieces,15.32,Yes,0.36,0,0,0.643548865,0.356451135,0,0.643548865,0,0,19.78269212,10.95730788
2025-2026,Central Coast,2025,7,Area 9,Angling from boat,SALMON,Coho,Adipose Marked,Kept,Legal Size,322.54,3502.57,Pieces,0.91,0.05,356.28,4604.39,Pieces,67.86,Yes,0.4,0.652440092,0.082563103,0.250928642,0.014068163,0.735003195,0.903368735,232.4513561,29.41558222,89.40085665,5.012205001
2025-2026,Central Coast,2025,7,Area 9,Angling from boat,SALMON,Coho,Not Adipose Marked,Kept,Legal Size,824.52,24311.91,Pieces,0.91,0.05,910.77,31825.51,Pieces,178.4,Yes,0.51,0.603097379,0,0.35539745,0.041505171,0.603097379,0.958494829,549.2829995,0,323.6853358,37.80166465
2025-2026,Central Coast,2025,7,Area 9,Angling from boat,SALMON,Coho,Not Checked,Kept,Legal Size,747.19,34632.11,Pieces,0.91,0.05,825.35,44031.37,Pieces,209.84,Yes,0.6,0.502110493,0,0.476634856,0.021254651,0.502110493,0.978745349,414.416895,0,393.3905785,17.54252651
2025-2026,Central Coast,2025,7,Area 9,Angling from boat,SALMON,Coho,Adipose Marked,Released,Unspecified,58.84,294.55,Pieces,0.8,0.05,73.3,479.78,Pieces,21.9,Yes,0.41,0.43712879,0,0.56287121,0,0.43712879,1,32.04154032,0,41.25845968,0
2025-2026,Central Coast,2025,7,Area 9,Angling from boat,SALMON,Coho,Not Adipose Marked,Released,Unspecified,272.65,20418.96,Pieces,0.8,0.05,339.66,32175.73,Pieces,179.38,Yes,0.73,0.195115586,0,0.804884414,0,0.195115586,1,66.27296007,0,273.3870399,0
2025-2026,Central Coast,2025,7,Area 9,Angling from boat,SALMON,Coho,Not Checked,Released,Unspecified,167.14,2493.42,Pieces,0.8,0.05,208.23,4052.42,Pieces,63.66,Yes,0.13,0.428894423,0,0.55753197,0.013573607,0.428894423,0.986426393,89.30868569,0,116.0948821,2.826432226
2025-2026,Central Coast,2025,8,Area 5,Angling from boat,SALMON,Coho,Adipose Marked,Kept,Legal Size,23.08,87.62,Pieces,0.91,0.05,25.49,108.61,Pieces,10.42,Yes,0.43,0.422891277,0,0,0.577108723,0.422891277,0.422891277,10.77949866,0,0,14.71050134
2025-2026,Central Coast,2025,8,Area 5,Angling from boat,SALMON,Coho,Not Adipose Marked,Kept,Legal Size,65.6,732.77,Pieces,0.91,0.05,72.46,907.77,Pieces,30.13,Yes,0.41,0.146497971,0,0.109873478,0.743628551,0.146497971,0.256371449,10.61524298,0,7.961432237,53.88332478
2025-2026,Central Coast,2025,8,Area 5,Angling from boat,SALMON,Coho,Not Checked,Kept,Legal Size,24.18,183.14,Pieces,0.91,0.05,26.7,225.31,Pieces,15.01,Yes,0.2,0.695683335,0.204933331,0,0.099383334,0.900616666,0.695683335,18.57474505,5.471719941,0,2.653535007
2025-2026,Central Coast,2025,8,Area 5,Angling from boat,SALMON,Coho,Not Adipose Marked,Released,Unspecified,14.42,121.32,Pieces,0.8,0.05,17.96,189.64,Pieces,13.77,Yes,0,1,0,0,0,1,1,17.96,0,0,0
2025-2026,Central Coast,2025,8,Area 5,Angling from boat,SALMON,Coho,Not Checked,Released,Unspecified,9.61,53.92,Pieces,0.8,0.05,11.97,84.29,Pieces,9.18,Yes,0,1,0,0,0,1,1,11.97,0,0,0
2025-2026,Central Coast,2025,8,Area 6,Angling from boat,SALMON,Coho,Adipose Marked,Kept,Legal Size,521.15,46293.1,Pieces,0.91,0.05,575.66,57348.16,Pieces,239.47,Yes,0.85,0.366887741,0.029683425,0.102570078,0.500858755,0.396571167,0.469457819,211.2025971,17.0875607,59.04549102,288.3243511
2025-2026,Central Coast,2025,8,Area 6,Angling from boat,SALMON,Coho,Not Adipose Marked,Kept,Legal Size,3732.59,764177.41,Pieces,0.91,0.05,4123.04,976705.39,Pieces,988.28,Yes,0.94,0.175773979,0.021169089,0.081704866,0.721352066,0.196943068,0.257478845,724.7231456,87.28100121,336.8724307,2974.163422
2025-2026,Central Coast,2025,8,Area 6,Angling from boat,SALMON,Coho,Not Checked,Kept,Legal Size,953.65,74885.17,Pieces,0.91,0.05,1053.41,94262.65,Pieces,307.02,Yes,0.82,0.216496304,0.074375415,0.086128622,0.62299966,0.290871719,0.302624925,228.0593713,78.34780578,90.72875137,656.2740716
2025-2026,Central Coast,2025,8,Area 6,Angling from boat,SALMON,Coho,Adipose Marked,Released,Unspecified,107.36,861.49,Pieces,0.8,0.05,133.74,1412.37,Pieces,37.58,Yes,0.37,0.226579391,0,0.655274957,0.118145652,0.226579391,0.881854348,30.30272781,0,87.63647275,15.80079944
2025-2026,Central Coast,2025,8,Area 6,Angling from boat,SALMON,Coho,Not Adipose Marked,Released,Unspecified,1151.23,109687.11,Pieces,0.8,0.05,1434.17,178898.18,Pieces,422.96,Yes,0.77,0.287037545,0.021296728,0.124105102,0.567560625,0.308334273,0.411142647,411.6606357,30.54312838,177.9878146,813.9784213
2025-2026,Central Coast,2025,8,Area 6,Angling from boat,SALMON,Coho,Not Checked,Released,Unspecified,665.73,15299.53,Pieces,0.8,0.05,829.35,26642.77,Pieces,163.23,Yes,0.43,0.424581366,0,0.495754169,0.079664465,0.424581366,0.920335535,352.1265561,0,411.1537201,66.06972385
2025-2026,Central Coast,2025,8,Area 7,Angling from boat,SALMON,Coho,Adipose Marked,Kept,Legal Size,904.37,58388.57,Pieces,0.91,0.05,998.97,73843.13,Pieces,271.74,Yes,0.7,0.366130245,0.013695602,0.23689383,0.383280323,0.379825847,0.603024075,365.7531312,13.68149514,236.6498291,382.8855445
2025-2026,Central Coast,2025,8,Area 7,Angling from boat,SALMON,Coho,Not Adipose Marked,Kept,Legal Size,2932.52,162281.94,Pieces,0.91,0.05,3239.28,225347.51,Pieces,474.71,Yes,0.67,0.413743672,0.00253417,0.21336626,0.370355898,0.416277842,0.627109932,1340.231602,8.208885738,691.1530588,1199.686453
2025-2026,Central Coast,2025,8,Area 7,Angling from boat,SALMON,Coho,Not Checked,Kept,Legal Size,1135.27,11436.59,Pieces,0.91,0.05,1254.03,18051.65,Pieces,134.36,Yes,0.4,0.650524314,0,0.239091604,0.110384082,0.650524314,0.889615918,815.7770057,0,299.8280437,138.4249506
2025-2026,Central Coast,2025,8,Area 7,Angling from boat,SALMON,Coho,Adipose Marked,Released,Unspecified,2038,648636.9,Pieces,0.8,0.05,2538.89,1033826.02,Pieces,1016.77,Yes,0.81,0.18144286,0.003646475,0.519293679,0.295616986,0.185089335,0.700736538,460.6634621,9.258000129,1318.429528,750.5390103
2025-2026,Central Coast,2025,8,Area 7,Angling from boat,SALMON,Coho,Not Adipose Marked,Released,Unspecified,4174.19,985201.67,Pieces,0.8,0.05,5200.12,1642949.49,Pieces,1281.78,Yes,0.75,0.50701442,0,0.30597698,0.1870086,0.50701442,0.8129914,2636.535824,0,1591.117014,972.4671629
2025-2026,Central Coast,2025,8,Area 7,Angling from boat,SALMON,Coho,Not Checked,Released,Unspecified,2345.09,188628.78,Pieces,0.8,0.05,2921.47,328711.09,Pieces,573.33,Yes,0.24,0.733696439,0.009506876,0.12051261,0.136284074,0.743203316,0.854209049,2143.472137,27.77405446,352.0739746,398.1498341
2025-2026,Central Coast,2025,8,Area 8,Angling from boat,SALMON,Coho,Adipose Marked,Kept,Legal Size,262.55,3188.54,Pieces,0.91,0.05,290.01,4109.64,Pieces,64.11,Yes,0.41,0.018302331,0,0.887321863,0.094375805,0.018302331,0.905624195,5.307859104,0,257.3322136,27.36992731
2025-2026,Central Coast,2025,8,Area 8,Angling from boat,SALMON,Coho,Not Adipose Marked,Kept,Legal Size,3512.22,712533.37,Pieces,0.91,0.05,3879.62,908616.37,Pieces,953.21,Yes,0.59,0.006400043,0.009321192,0.353421209,0.630857556,0.015721235,0.359821252,24.82973365,36.16268354,1371.139991,2447.487592
2025-2026,Central Coast,2025,8,Area 8,Angling from boat,SALMON,Coho,Not Checked,Kept,Legal Size,638.35,16730.94,Pieces,0.91,0.05,705.12,21709.74,Pieces,147.34,Yes,0.31,0,0,0.701453167,0.298546833,0,0.701453167,0,0,494.6086571,210.5113429
2025-2026,Central Coast,2025,8,Area 8,Angling from boat,SALMON,Coho,Adipose Marked,Released,Unspecified,360.12,58488.25,Pieces,0.8,0.05,448.63,91619.97,Pieces,302.69,Yes,0.99,0,0,1,0,0,1,0,0,448.63,0
2025-2026,Central Coast,2025,8,Area 8,Angling from boat,SALMON,Coho,Not Adipose Marked,Released,Unspecified,2046.54,1156360.75,Pieces,0.8,0.05,2549.54,1822025.15,Pieces,1349.82,Yes,0.74,0.01445218,0,0.297318616,0.688229204,0.01445218,0.311770796,36.84641068,0,758.0257045,1754.667885
2025-2026,Central Coast,2025,8,Area 8,Angling from boat,SALMON,Coho,Not Checked,Released,Unspecified,713.73,88835.38,Pieces,0.8,0.05,889.15,141201.08,Pieces,375.77,Yes,0.64,0,0,0.655738847,0.344261153,0,0.655738847,0,0,583.0501955,306.0998045
2025-2026,Central Coast,2025,8,Area 9,Angling from boat,SALMON,Coho,Adipose Marked,Kept,Legal Size,842.16,21884.3,Pieces,0.91,0.05,930.26,28956.9,Pieces,170.17,Yes,0.4,0.468938723,0.00528979,0.32378232,0.201989167,0.474228513,0.792721043,436.2349367,4.920880115,301.2017406,187.9024426
2025-2026,Central Coast,2025,8,Area 9,Angling from boat,SALMON,Coho,Not Adipose Marked,Kept,Legal Size,3354.93,196310.65,Pieces,0.91,0.05,3705.88,275310.91,Pieces,524.7,Yes,0.65,0.34679401,0,0.486692211,0.166513779,0.34679401,0.833486221,1285.176985,0,1803.62293,617.080085
2025-2026,Central Coast,2025,8,Area 9,Angling from boat,SALMON,Coho,Not Checked,Kept,Legal Size,1674.32,47612.43,Pieces,0.91,0.05,1849.47,67006.44,Pieces,258.86,Yes,0.4,0.424117532,0,0.552042504,0.023839964,0.424117532,0.976160036,784.3926519,0,1020.98605,44.0912985
2025-2026,Central Coast,2025,8,Area 9,Angling from boat,SALMON,Coho,Adipose Marked,Released,Unspecified,1585.59,215312.48,Pieces,0.8,0.05,1975.3,350599.69,Pieces,592.11,Yes,0.57,0.367259476,0.004214383,0.200386531,0.42813961,0.371473859,0.567646007,725.4476437,8.324670582,395.8235143,845.7041714
2025-2026,Central Coast,2025,8,Area 9,Angling from boat,SALMON,Coho,Not Adipose Marked,Released,Unspecified,4182.18,816487.7,Pieces,0.8,0.05,5210.08,1381547.61,Pieces,1175.39,Yes,0.62,0.255026777,0,0.484660766,0.260312457,0.255026777,0.739687543,1328.70991,0,2525.121364,1356.248726
2025-2026,Central Coast,2025,8,Area 9,Angling from boat,SALMON,Coho,Not Checked,Released,Unspecified,3017.86,270131.48,Pieces,0.8,0.05,3759.59,478796.29,Pieces,691.95,Yes,0.41,0.362071656,0,0.623606131,0.014322213,0.362071656,0.985677787,1361.240978,0,2344.503374,53.84564759
2025-2026,Central Coast,2025,9,Area 5,Angling from boat,SALMON,Coho,Not Adipose Marked,Kept,Legal Size,22.02,283.26,Pieces,0.91,0.05,24.33,347.16,Pieces,18.63,Yes,0.76,0,0,0,1,0,0,0,0,0,24.33
2025-2026,Central Coast,2025,9,Area 5,Angling from boat,SALMON,Coho,Not Checked,Kept,Legal Size,69.9,4676.72,Pieces,0.91,0.05,77.22,5721.86,Pieces,75.64,Yes,1,0,0,0,1,0,0,0,0,0,77.22
2025-2026,Central Coast,2025,9,Area 6,Angling from boat,SALMON,Coho,Adipose Marked,Kept,Legal Size,10.28,85.04,Pieces,0.91,0.05,11.35,104.09,Pieces,10.2,Yes,1,0,0,0,1,0,0,0,0,0,11.35
2025-2026,Central Coast,2025,9,Area 6,Angling from boat,SALMON,Coho,Not Adipose Marked,Kept,Legal Size,124.25,5908.39,Pieces,0.91,0.05,137.24,7258.23,Pieces,85.2,Yes,0.98,0,0.073497548,0,0.926502452,0.073497548,0,0,10.08680343,0,127.1531966
2025-2026,Central Coast,2025,9,Area 7,Angling from boat,SALMON,Coho,Adipose Marked,Kept,Legal Size,15.54,106.98,Pieces,0.91,0.05,17.17,131.3,Pieces,11.46,Yes,0,0,0,0,1,0,0,0,0,0,17.17
2025-2026,Central Coast,2025,9,Area 7,Angling from boat,SALMON,Coho,Not Adipose Marked,Kept,Legal Size,185.35,11009.59,Pieces,0.91,0.05,204.74,13542.63,Pieces,116.37,Yes,0.97,0.972048613,0,0,0.027951387,0.972048613,0.972048613,199.017233,0,0,5.722766995
2025-2026,Central Coast,2025,9,Area 7,Angling from boat,SALMON,Coho,Not Checked,Kept,Legal Size,82.62,2311.05,Pieces,0.91,0.05,91.26,2841.54,Pieces,53.31,Yes,0.94,0.373251481,0,0.564042232,0.062706287,0.373251481,0.937293713,34.06293014,0,51.4744941,5.722575756
2025-2026,Central Coast,2025,9,Area 7,Angling from boat,SALMON,Coho,Not Checked,Released,Unspecified,192.81,35248.54,Pieces,0.8,0.05,240.2,54947.71,Pieces,234.41,Yes,0,0,0,0,1,0,0,0,0,0,240.2
2025-2026,Central Coast,2025,9,Area 8,Angling from boat,SALMON,Coho,Adipose Marked,Kept,Legal Size,2.76,4.88,Pieces,0.91,0.05,3.05,5.98,Pieces,2.44,Yes,0,0,0,0,1,0,0,0,0,0,3.05
2025-2026,Central Coast,2025,9,Area 8,Angling from boat,SALMON,Coho,Not Adipose Marked,Kept,Legal Size,5.63,10.19,Pieces,0.91,0.05,6.22,12.53,Pieces,3.54,Yes,0,0,0,1,0,0,1,0,0,6.22,0
2025-2026,Central Coast,2025,9,Area 8,Angling from boat,SALMON,Coho,Not Checked,Kept,Legal Size,128.87,12760.51,Pieces,0.91,0.05,142.35,15622.59,Pieces,124.99,Yes,0,0,0,0.021852977,0.978147023,0,0.021852977,0,0,3.110771342,139.2392287
2025-2026,Central Coast,2025,9,Area 8,Angling from boat,SALMON,Coho,Not Adipose Marked,Released,Unspecified,8.45,25.49,Pieces,0.8,0.05,10.52,40.03,Pieces,6.33,Yes,0,0,0,1,0,0,1,0,0,10.52,0
2025-2026,Central Coast,2025,9,Area 8,Angling from boat,SALMON,Coho,Not Checked,Released,Unspecified,490.48,220349.37,Pieces,0.8,0.05,611.03,343548.37,Pieces,586.13,Yes,0,0,0,0.017224523,0.982775477,0,0.017224523,0,0,10.52470027,600.5052997
2025-2026,Central Coast,2025,9,Area 9,Angling from boat,SALMON,Coho,Adipose Marked,Kept,Legal Size,23.99,103.54,Pieces,0.91,0.05,26.5,128.16,Pieces,11.32,Yes,0,0,0,0.107975924,0.892024076,0,0.107975924,0,0,2.861361975,23.63863802
2025-2026,Central Coast,2025,9,Area 9,Angling from boat,SALMON,Coho,Not Adipose Marked,Kept,Legal Size,119.08,1248.83,Pieces,0.91,0.05,131.54,1568.84,Pieces,39.61,Yes,0.04,0.695443978,0,0.304556022,0,0.695443978,1,91.4787008,0,40.0612992,0
2025-2026,Central Coast,2025,9,Area 9,Angling from boat,SALMON,Coho,Not Checked,Kept,Legal Size,44.41,385.27,Pieces,0.91,0.05,49.05,476.36,Pieces,21.83,Yes,0.11,0.114832907,0,0.758337187,0.126829907,0.114832907,0.873170093,5.632554075,0,37.19643901,6.221006919
2025-2026,Central Coast,2025,9,Area 9,Angling from boat,SALMON,Coho,Adipose Marked,Released,Unspecified,21.17,168.78,Pieces,0.8,0.05,26.38,264.87,Pieces,16.27,Yes,0,0,0,0,1,0,0,0,0,0,26.38
2025-2026,Central Coast,2025,9,Area 9,Angling from boat,SALMON,Coho,Not Adipose Marked,Released,Unspecified,12.95,37.08,Pieces,0.8,0.05,16.14,58.64,Pieces,7.66,Yes,0,0.4,0,0.2,0.4,0.4,0.6,6.456,0,3.228,6.456
2025-2026,Central Coast,2025,9,Area 9,Angling from boat,SALMON,Coho,Not Checked,Released,Unspecified,13.55,61.83,Pieces,0.8,0.05,16.88,97.16,Pieces,9.86,Yes,0.38,0.376405361,0,0,0.623594639,0.376405361,0.376405361,6.353722485,0,0,10.52627751
2025-2026,Central Coast,2025,10,Area 8,Angling from boat,SALMON,Coho,Not Adipose Marked,Kept,Legal Size,6,24,Pieces,0.91,0.05,6.63,29.4,Pieces,5.42,Yes,0,0,0,0,1,0,0,0,0,0,6.63
2025-2026,Central Coast,2025,10,Area 8,Angling from boat,SALMON,Coho,Adipose Marked,Released,Unspecified,6,24,Pieces,0.8,0.05,7.47,37.48,Pieces,6.12,Yes,0,0,0,0,1,0,0,0,0,0,7.47
2025-2026,Central Coast,2025,10,Area 8,Angling from boat,SALMON,Coho,Not Adipose Marked,Released,Unspecified,2.52,3.84,Pieces,0.8,0.05,3.14,6,Pieces,2.45,Yes,0,0,1,0,0,1,0,0,3.14,0,0
2012-2013,Central Coast,2012,8,Area 5,Angling from boat,EFFORT,Adult effort,Not Applicable,N/A,N/A,1068.06,206985.29,Fisher days,2.64,0.22,404.06,30752.24,Boat trips,175.36,Yes,0.66,NA,NA,NA,NA,NA,NA,NA,NA,NA,NA
2012-2013,Central Coast,2012,8,Area 6,Angling from boat,EFFORT,Adult effort,Not Applicable,N/A,N/A,2484.19,1933916.2,Fisher days,2.64,0.22,939.8,282886.27,Boat trips,531.87,Yes,0.68,NA,NA,NA,NA,NA,NA,NA,NA,NA,NA
2012-2013,Central Coast,2012,8,Area 7,Angling from boat,EFFORT,Adult effort,Not Applicable,N/A,N/A,2261.98,1199902.83,Fisher days,2.64,0.22,855.73,176791.49,Boat trips,420.47,Yes,0.66,NA,NA,NA,NA,NA,NA,NA,NA,NA,NA
2012-2013,Central Coast,2012,8,Area 8,Angling from boat,EFFORT,Adult effort,Not Applicable,N/A,N/A,1464.37,566067.63,Fisher days,2.64,0.22,553.99,83136.78,Boat trips,288.33,Yes,0,NA,NA,NA,NA,NA,NA,NA,NA,NA,NA
2012-2013,Central Coast,2012,8,Area 9,Angling from boat,EFFORT,Adult effort,Not Applicable,N/A,N/A,2821.97,2349895.14,Fisher days,2.64,0.22,1067.58,344194.16,Boat trips,586.68,Yes,0.75,NA,NA,NA,NA,NA,NA,NA,NA,NA,NA
2012-2013,Central Coast,2012,7,Area 5,Angling from boat,EFFORT,Adult effort,Not Applicable,N/A,N/A,1306,1697800,Fisher days,2.64,0.22,494.07,244675.05,Boat trips,494.65,Yes,0,NA,NA,NA,NA,NA,NA,NA,NA,NA,NA
2012-2013,Central Coast,2012,7,Area 6,Angling from boat,EFFORT,Adult effort,Not Applicable,N/A,N/A,1717,806031.43,Fisher days,2.64,0.22,649.56,118275.39,Boat trips,343.91,Yes,0.76,NA,NA,NA,NA,NA,NA,NA,NA,NA,NA
2012-2013,Central Coast,2012,7,Area 7,Angling from boat,EFFORT,Adult effort,Not Applicable,N/A,N/A,3421.76,3412592.63,Fisher days,2.64,0.22,1294.49,499991.78,Boat trips,707.1,Yes,0.65,NA,NA,NA,NA,NA,NA,NA,NA,NA,NA
2012-2013,Central Coast,2012,7,Area 8,Angling from boat,EFFORT,Adult effort,Not Applicable,N/A,N/A,5627.58,13037160.01,Fisher days,2.64,0.22,2128.97,1897200.77,Boat trips,1377.39,Yes,0.95,NA,NA,NA,NA,NA,NA,NA,NA,NA,NA
2012-2013,Central Coast,2012,7,Area 9,Angling from boat,EFFORT,Adult effort,Not Applicable,N/A,N/A,291.75,84826.31,Fisher days,2.64,0.22,110.37,12224.48,Boat trips,110.56,Yes,0,NA,NA,NA,NA,NA,NA,NA,NA,NA,NA
2012-2013,Central Coast,2012,10,Area 6,Angling from boat,EFFORT,Adult effort,Not Applicable,N/A,N/A,187.13,34831.75,Fisher days,2.64,0.22,70.79,5019.73,Boat trips,70.85,Yes,1,NA,NA,NA,NA,NA,NA,NA,NA,NA,NA
2012-2013,Central Coast,2012,10,Area 8,Angling from boat,EFFORT,Adult effort,Not Applicable,N/A,N/A,485.89,235121.26,Fisher days,2.64,0.22,183.82,33883.92,Boat trips,184.08,Yes,1,NA,NA,NA,NA,NA,NA,NA,NA,NA,NA
2012-2013,Central Coast,2012,9,Area 7,Angling from boat,EFFORT,Adult effort,Not Applicable,N/A,N/A,544.98,295914.36,Fisher days,2.64,0.22,206.17,42644.83,Boat trips,206.51,Yes,1,NA,NA,NA,NA,NA,NA,NA,NA,NA,NA
2013-2014,Central Coast,2013,4,Area 6,Angling from boat,EFFORT,Adult effort,Not Applicable,N/A,N/A,80.03,3800.07,Fisher days,2.49,0.22,32.09,619.13,Boat trips,24.88,Yes,1,NA,NA,NA,NA,NA,NA,NA,NA,NA,NA
2013-2014,Central Coast,2013,4,Area 7,Angling from boat,EFFORT,Adult effort,Not Applicable,N/A,N/A,100.04,9507.5,Fisher days,2.49,0.22,40.11,1541.33,Boat trips,39.26,Yes,1,NA,NA,NA,NA,NA,NA,NA,NA,NA,NA
2013-2014,Central Coast,2013,8,Area 5,Angling from boat,EFFORT,Adult effort,Not Applicable,N/A,N/A,1612.52,465077.08,Fisher days,2.49,0.22,646.56,78094.06,Boat trips,279.45,Yes,0.46,NA,NA,NA,NA,NA,NA,NA,NA,NA,NA
2013-2014,Central Coast,2013,8,Area 6,Angling from boat,EFFORT,Adult effort,Not Applicable,N/A,N/A,2953.78,1466285.36,Fisher days,2.49,0.22,1184.36,246886.6,Boat trips,496.88,Yes,0.95,NA,NA,NA,NA,NA,NA,NA,NA,NA,NA
2013-2014,Central Coast,2013,8,Area 7,Angling from boat,EFFORT,Adult effort,Not Applicable,N/A,N/A,4960.59,2163283.42,Fisher days,2.49,0.22,1989.02,379239.83,Boat trips,615.82,Yes,0.79,NA,NA,NA,NA,NA,NA,NA,NA,NA,NA
2013-2014,Central Coast,2013,8,Area 8,Angling from boat,EFFORT,Adult effort,Not Applicable,N/A,N/A,7738.07,4799257.92,Fisher days,2.49,0.22,3102.69,848100.64,Boat trips,920.92,Yes,0.92,NA,NA,NA,NA,NA,NA,NA,NA,NA,NA
2013-2014,Central Coast,2013,8,Area 9,Angling from boat,EFFORT,Adult effort,Not Applicable,N/A,N/A,1014.8,240217.37,Fisher days,2.49,0.22,406.9,39936.2,Boat trips,199.84,Yes,0.67,NA,NA,NA,NA,NA,NA,NA,NA,NA,NA
2013-2014,Central Coast,2013,12,Area 7,Angling from boat,EFFORT,Adult effort,Not Applicable,N/A,N/A,171.16,29123.75,Fisher days,2.49,0.22,68.63,4719.72,Boat trips,68.7,Yes,1,NA,NA,NA,NA,NA,NA,NA,NA,NA,NA
2013-2014,Central Coast,2013,7,Area 5,Angling from boat,EFFORT,Adult effort,Not Applicable,N/A,N/A,545.03,49969.36,Fisher days,2.49,0.22,218.54,8413.26,Boat trips,91.72,Yes,1,NA,NA,NA,NA,NA,NA,NA,NA,NA,NA
2013-2014,Central Coast,2013,7,Area 6,Angling from boat,EFFORT,Adult effort,Not Applicable,N/A,N/A,3399.18,859363.62,Fisher days,2.49,0.22,1362.95,152926.32,Boat trips,391.06,Yes,0.97,NA,NA,NA,NA,NA,NA,NA,NA,NA,NA
2013-2014,Central Coast,2013,7,Area 7,Angling from boat,EFFORT,Adult effort,Not Applicable,N/A,N/A,5533.73,2483150.78,Fisher days,2.49,0.22,2218.82,438351.36,Boat trips,662.08,Yes,0.79,NA,NA,NA,NA,NA,NA,NA,NA,NA,NA
2013-2014,Central Coast,2013,7,Area 8,Angling from boat,EFFORT,Adult effort,Not Applicable,N/A,N/A,2296.99,627809.22,Fisher days,2.49,0.22,921.01,107676.26,Boat trips,328.14,Yes,0.74,NA,NA,NA,NA,NA,NA,NA,NA,NA,NA
2013-2014,Central Coast,2013,7,Area 9,Angling from boat,EFFORT,Adult effort,Not Applicable,N/A,N/A,1578.07,328600.43,Fisher days,2.49,0.22,632.75,56011.97,Boat trips,236.67,Yes,0.72,NA,NA,NA,NA,NA,NA,NA,NA,NA,NA
2013-2014,Central Coast,2013,6,Area 5,Angling from boat,EFFORT,Adult effort,Not Applicable,N/A,N/A,208.03,23377.84,Fisher days,2.49,0.22,83.41,3813.8,Boat trips,61.76,Yes,1,NA,NA,NA,NA,NA,NA,NA,NA,NA,NA
2013-2014,Central Coast,2013,6,Area 6,Angling from boat,EFFORT,Adult effort,Not Applicable,N/A,N/A,2457.48,641379.17,Fisher days,2.49,0.22,985.36,110833.01,Boat trips,332.92,Yes,1,NA,NA,NA,NA,NA,NA,NA,NA,NA,NA
2013-2014,Central Coast,2013,6,Area 7,Angling from boat,EFFORT,Adult effort,Not Applicable,N/A,N/A,1132.59,247793.12,Fisher days,2.49,0.22,454.13,41477.36,Boat trips,203.66,Yes,0.93,NA,NA,NA,NA,NA,NA,NA,NA,NA,NA
2013-2014,Central Coast,2013,6,Area 8,Angling from boat,EFFORT,Adult effort,Not Applicable,N/A,N/A,487.84,72154.61,Fisher days,2.49,0.22,195.61,11904.56,Boat trips,109.11,Yes,1,NA,NA,NA,NA,NA,NA,NA,NA,NA,NA
2013-2014,Central Coast,2013,6,Area 9,Angling from boat,EFFORT,Adult effort,Not Applicable,N/A,N/A,338.68,59725.69,Fisher days,2.49,0.22,135.8,9748.8,Boat trips,98.74,Yes,1,NA,NA,NA,NA,NA,NA,NA,NA,NA,NA
2012-2013,Central Coast,2013,3,Area 5,Angling from boat,EFFORT,Adult effort,Not Applicable,N/A,N/A,267.89,71496.19,Fisher days,2.64,0.22,101.34,10303.47,Boat trips,101.51,Yes,1,NA,NA,NA,NA,NA,NA,NA,NA,NA,NA
2012-2013,Central Coast,2013,3,Area 6,Angling from boat,EFFORT,Adult effort,Not Applicable,N/A,N/A,39.96,1556.64,Fisher days,2.64,0.22,15.12,224.36,Boat trips,14.98,Yes,1,NA,NA,NA,NA,NA,NA,NA,NA,NA,NA
2013-2014,Central Coast,2013,5,Area 5,Angling from boat,EFFORT,Adult effort,Not Applicable,N/A,N/A,335.34,25784.1,Fisher days,2.49,0.22,134.46,4289.06,Boat trips,65.49,Yes,1,NA,NA,NA,NA,NA,NA,NA,NA,NA,NA
2013-2014,Central Coast,2013,5,Area 6,Angling from boat,EFFORT,Adult effort,Not Applicable,N/A,N/A,608.06,52014.92,Fisher days,2.49,0.22,243.81,8835.01,Boat trips,93.99,Yes,0.89,NA,NA,NA,NA,NA,NA,NA,NA,NA,NA
2013-2014,Central Coast,2013,5,Area 7,Angling from boat,EFFORT,Adult effort,Not Applicable,N/A,N/A,432.3,52411.41,Fisher days,2.49,0.22,173.34,8665.1,Boat trips,93.09,Yes,1,NA,NA,NA,NA,NA,NA,NA,NA,NA,NA
2013-2014,Central Coast,2013,5,Area 8,Angling from boat,EFFORT,Adult effort,Not Applicable,N/A,N/A,287.35,20663.27,Fisher days,2.49,0.22,115.22,3427.59,Boat trips,58.55,Yes,1,NA,NA,NA,NA,NA,NA,NA,NA,NA,NA
2013-2014,Central Coast,2013,5,Area 9,Angling from boat,EFFORT,Adult effort,Not Applicable,N/A,N/A,148.81,14471.17,Fisher days,2.49,0.22,59.67,2354.86,Boat trips,48.53,Yes,0.79,NA,NA,NA,NA,NA,NA,NA,NA,NA,NA
2013-2014,Central Coast,2013,10,Area 6,Angling from boat,EFFORT,Adult effort,Not Applicable,N/A,N/A,254.16,32210.73,Fisher days,2.49,0.22,101.91,5261.13,Boat trips,72.53,Yes,1,NA,NA,NA,NA,NA,NA,NA,NA,NA,NA
2013-2014,Central Coast,2013,10,Area 7,Angling from boat,EFFORT,Adult effort,Not Applicable,N/A,N/A,662.76,308424.33,Fisher days,2.49,0.22,265.74,50147.31,Boat trips,223.94,Yes,1,NA,NA,NA,NA,NA,NA,NA,NA,NA,NA
2013-2014,Central Coast,2013,9,Area 6,Angling from boat,EFFORT,Adult effort,Not Applicable,N/A,N/A,1947.35,588864.01,Fisher days,2.49,0.22,780.82,99518.67,Boat trips,315.47,Yes,0.94,NA,NA,NA,NA,NA,NA,NA,NA,NA,NA
2013-2014,Central Coast,2013,9,Area 7,Angling from boat,EFFORT,Adult effort,Not Applicable,N/A,N/A,2330.96,2179598.07,Fisher days,2.49,0.22,934.63,357361.45,Boat trips,597.8,Yes,0.93,NA,NA,NA,NA,NA,NA,NA,NA,NA,NA
2013-2014,Central Coast,2013,9,Area 8,Angling from boat,EFFORT,Adult effort,Not Applicable,N/A,N/A,1098.86,509196.12,Fisher days,2.49,0.22,440.6,83407.49,Boat trips,288.8,Yes,0.55,NA,NA,NA,NA,NA,NA,NA,NA,NA,NA
2014-2015,Central Coast,2014,4,Area 5,Angling from boat,EFFORT,Adult effort,Not Applicable,N/A,N/A,19.94,377.47,Fisher days,3.08,0.14,6.46,39.77,Boat trips,6.31,Yes,1,0,0,0,1,0,0,0,0,0,6.46
2014-2015,Central Coast,2014,4,Area 6,Angling from boat,EFFORT,Adult effort,Not Applicable,N/A,N/A,367.53,34044.9,Fisher days,3.08,0.14,119.16,3610.11,Boat trips,60.08,Yes,1,0,0,0,1,0,0,0,0,0,119.16
2014-2015,Central Coast,2014,4,Area 7,Angling from boat,EFFORT,Adult effort,Not Applicable,N/A,N/A,73.51,5256.24,Fisher days,3.08,0.14,23.83,553.79,Boat trips,23.53,Yes,1,0,0,0,1,0,0,0,0,0,23.83
2014-2015,Central Coast,2014,8,Area 5,Angling from boat,EFFORT,Adult effort,Not Applicable,N/A,N/A,997.58,109420.87,Fisher days,3.08,0.14,323.44,11732.75,Boat trips,108.32,Yes,0.57,0.111570513,0.1948552,0.159577398,0.533996889,0.306425713,0.271147911,36.08636676,63.02396599,51.61371363,172.7159536
2014-2015,Central Coast,2014,8,Area 6,Angling from boat,EFFORT,Adult effort,Not Applicable,N/A,N/A,6045.63,1541071.46,Fisher days,3.08,0.14,1960.14,170456.12,Boat trips,412.86,Yes,0.79,0.146726634,0.035464725,0.160253616,0.657555025,0.182191359,0.306980249,287.604744,69.5158265,314.1195222,1288.899907
2014-2015,Central Coast,2014,8,Area 7,Angling from boat,EFFORT,Adult effort,Not Applicable,N/A,N/A,10856.09,2336404.55,Fisher days,3.08,0.14,3519.81,272873.47,Boat trips,522.37,Yes,0.55,0.282663212,0.025420714,0.308890385,0.383025689,0.308083926,0.591553597,994.9207994,89.47608468,1087.235466,1348.17765
2014-2015,Central Coast,2014,8,Area 8,Angling from boat,EFFORT,Adult effort,Not Applicable,N/A,N/A,3476.47,668241.83,Fisher days,3.08,0.14,1127.16,73042.89,Boat trips,270.26,Yes,0.44,0.088393222,0,0.417451398,0.49415538,0.088393222,0.50584462,99.63330402,0,470.5345178,556.9921781
2014-2015,Central Coast,2014,8,Area 9,Angling from boat,EFFORT,Adult effort,Not Applicable,N/A,N/A,7122.15,2107108.22,Fisher days,3.08,0.14,2309.18,233238.46,Boat trips,482.95,Yes,0.73,0.201606937,0.004133844,0.503212155,0.291047064,0.205740782,0.704819092,465.5467078,9.545790523,1162.007444,672.0800581
2014-2015,Central Coast,2014,7,Area 5,Angling from boat,EFFORT,Adult effort,Not Applicable,N/A,N/A,908.03,100187.5,Fisher days,3.08,0.14,294.4,10722.64,Boat trips,103.55,Yes,0.51,0.112976347,0.065400691,0.370515494,0.451107467,0.178377038,0.483491842,33.26023657,19.2539635,109.0797616,132.8060384
2014-2015,Central Coast,2014,7,Area 6,Angling from boat,EFFORT,Adult effort,Not Applicable,N/A,N/A,3890.04,491318.96,Fisher days,3.08,0.14,1261.25,55149.3,Boat trips,234.84,Yes,0.77,0.312732011,0.154287813,0.133722418,0.399257758,0.467019824,0.446454429,394.4332491,194.5955039,168.6574001,503.5638469
2014-2015,Central Coast,2014,7,Area 7,Angling from boat,EFFORT,Adult effort,Not Applicable,N/A,N/A,9440.42,2222423.79,Fisher days,3.08,0.14,3060.82,254243.99,Boat trips,504.23,Yes,0.81,0.335354343,0.076481997,0.192473815,0.395689846,0.41183634,0.527828157,1026.459279,234.0976258,589.127701,1211.135394
2014-2015,Central Coast,2014,7,Area 8,Angling from boat,EFFORT,Adult effort,Not Applicable,N/A,N/A,2994.87,634848.03,Fisher days,3.08,0.14,971.01,68811.42,Boat trips,262.32,Yes,0.53,0.064376992,0.004808221,0.393228426,0.537586362,0.069185212,0.457605418,62.51070266,4.668830277,381.8287341,522.001733
2014-2015,Central Coast,2014,7,Area 9,Angling from boat,EFFORT,Adult effort,Not Applicable,N/A,N/A,3818.34,499359.48,Fisher days,3.08,0.14,1238,55866.65,Boat trips,236.36,Yes,0.7,0.287733451,0.053499341,0.419852055,0.238915153,0.341232792,0.707585507,356.2140125,66.23218408,519.7768446,295.7769588
2014-2015,Central Coast,2014,6,Area 5,Angling from boat,EFFORT,Adult effort,Not Applicable,N/A,N/A,417.34,40083.66,Fisher days,3.08,0.14,135.31,4253.96,Boat trips,65.22,Yes,0.63,0.109120364,0.079375248,0.072746909,0.73875748,0.188495611,0.181867273,14.76507639,10.74026476,9.843384262,99.96127458
2014-2015,Central Coast,2014,6,Area 6,Angling from boat,EFFORT,Adult effort,Not Applicable,N/A,N/A,6290.11,1351924.2,Fisher days,3.08,0.14,2039.41,151270.37,Boat trips,388.93,Yes,0.82,0.304560983,0.032528051,0.118344474,0.544566492,0.337089034,0.422905457,621.1247143,66.33803265,241.3529032,1110.59435
2014-2015,Central Coast,2014,6,Area 7,Angling from boat,EFFORT,Adult effort,Not Applicable,N/A,N/A,1147.28,128802.98,Fisher days,3.08,0.14,371.98,13844.51,Boat trips,117.66,Yes,0.82,0.0815528,0.05292616,0,0.86552104,0.13447896,0.0815528,30.33601047,19.68747295,0,321.9565166
2014-2015,Central Coast,2014,6,Area 8,Angling from boat,EFFORT,Adult effort,Not Applicable,N/A,N/A,691.7,136573.92,Fisher days,3.08,0.14,224.27,14467.58,Boat trips,120.28,Yes,0.83,0.0448169,0,0,0.9551831,0.0448169,0.0448169,10.05108606,0,0,214.2189139
2014-2015,Central Coast,2014,6,Area 9,Angling from boat,EFFORT,Adult effort,Not Applicable,N/A,N/A,1541.21,120262.32,Fisher days,3.08,0.14,499.7,13191.73,Boat trips,114.86,Yes,0.75,0.298617144,0.068946829,0.486121824,0.146314203,0.367563973,0.784738968,149.2189869,34.45273024,242.9150754,73.11320746
2013-2014,Central Coast,2014,3,Area 6,Angling from boat,EFFORT,Adult effort,Not Applicable,N/A,N/A,724.44,521918.55,Fisher days,2.49,0.22,290.48,84580.55,Boat trips,290.83,Yes,1,NA,NA,NA,NA,NA,NA,NA,NA,NA,NA
2014-2015,Central Coast,2014,5,Area 5,Angling from boat,EFFORT,Adult effort,Not Applicable,N/A,N/A,335.62,59640.95,Fisher days,3.08,0.14,108.82,6295.62,Boat trips,79.34,Yes,1,0,0,0,1,0,0,0,0,0,108.82
2014-2015,Central Coast,2014,5,Area 6,Angling from boat,EFFORT,Adult effort,Not Applicable,N/A,N/A,1324.74,616586.64,Fisher days,3.08,0.14,429.51,65222.66,Boat trips,255.39,Yes,1,0,0,0.080196752,0.919803248,0,0.080196752,0,0,34.44530712,395.0646929
2014-2015,Central Coast,2014,5,Area 7,Angling from boat,EFFORT,Adult effort,Not Applicable,N/A,N/A,531.2,279514.77,Fisher days,3.08,0.14,172.23,29448.35,Boat trips,171.61,Yes,1,0,0,0,1,0,0,0,0,0,172.23
2014-2015,Central Coast,2014,5,Area 8,Angling from boat,EFFORT,Adult effort,Not Applicable,N/A,N/A,483.16,127338.41,Fisher days,3.08,0.14,156.65,13440.04,Boat trips,115.93,Yes,0.66,0,0,0,1,0,0,0,0,0,156.65
2014-2015,Central Coast,2014,5,Area 9,Angling from boat,EFFORT,Adult effort,Not Applicable,N/A,N/A,69.25,4380.06,Fisher days,3.08,0.14,22.45,461.55,Boat trips,21.48,Yes,0,0,0,0,1,0,0,0,0,0,22.45
2014-2015,Central Coast,2014,11,Area 9,Angling from boat,EFFORT,Adult effort,Not Applicable,N/A,N/A,738.15,541175.89,Fisher days,3.08,0.14,239.33,57015.39,Boat trips,238.78,Yes,1,0,0,0,1,0,0,0,0,0,239.33
2014-2015,Central Coast,2014,10,Area 6,Angling from boat,EFFORT,Adult effort,Not Applicable,N/A,N/A,805.62,644196.93,Fisher days,3.08,0.14,261.2,67869.24,Boat trips,260.52,Yes,1,0,0,0,1,0,0,0,0,0,261.2
2014-2015,Central Coast,2014,9,Area 6,Angling from boat,EFFORT,Adult effort,Not Applicable,N/A,N/A,2099.68,1193425.29,Fisher days,3.08,0.14,680.77,126474.88,Boat trips,355.63,Yes,0.97,0,0,0,1,0,0,0,0,0,680.77
2014-2015,Central Coast,2014,9,Area 7,Angling from boat,EFFORT,Adult effort,Not Applicable,N/A,N/A,406.63,59287.1,Fisher days,3.08,0.14,131.84,6270.61,Boat trips,79.19,Yes,0.47,0,0.058328718,0.233507198,0.708164084,0.058328718,0.233507198,0,7.690058149,30.785589,93.36435285
2014-2015,Central Coast,2014,9,Area 8,Angling from boat,EFFORT,Adult effort,Not Applicable,N/A,N/A,264.24,41745.38,Fisher days,3.08,0.14,85.67,4404.5,Boat trips,66.37,Yes,0.73,0,0,0,1,0,0,0,0,0,85.67
2014-2015,Central Coast,2014,9,Area 9,Angling from boat,EFFORT,Adult effort,Not Applicable,N/A,N/A,483.84,120151.03,Fisher days,3.08,0.14,156.87,12684.64,Boat trips,112.63,Yes,1,0,0,0.598605294,0.401394706,0,0.598605294,0,0,93.90321244,62.96678756
2015-2016,Central Coast,2015,4,Area 5,Angling from boat,EFFORT,Adult effort,Not Applicable,N/A,N/A,80.51,6159.06,Fisher days,1.98,0.11,40.75,1583.28,Boat trips,39.79,Yes,1,0,0,0,1,0,0,0,0,0,40.75
2015-2016,Central Coast,2015,4,Area 6,Angling from boat,EFFORT,Adult effort,Not Applicable,N/A,N/A,246.67,22894.57,Fisher days,1.98,0.11,124.85,5916.44,Boat trips,76.92,Yes,1,0,0.107214982,0,0.892785018,0.107214982,0,0,13.38579051,0,111.4642095
2015-2016,Central Coast,2015,8,Area 5,Angling from boat,EFFORT,Adult effort,Not Applicable,N/A,N/A,604.94,53435.89,Fisher days,1.98,0.11,306.19,13998.03,Boat trips,118.31,Yes,0.54,0,0.136828227,0.375445312,0.487726461,0.136828227,0.375445312,0,41.89543491,114.9576,149.3369651
2015-2016,Central Coast,2015,8,Area 6,Angling from boat,EFFORT,Adult effort,Not Applicable,N/A,N/A,5623.69,1263186.51,Fisher days,1.98,0.11,2846.37,350301.3,Boat trips,591.86,Yes,0.81,0.159649853,0.074240351,0.138388354,0.627721442,0.233890204,0.298038207,454.4225521,211.3155072,393.9044588,1786.727482
2015-2016,Central Coast,2015,8,Area 7,Angling from boat,EFFORT,Adult effort,Not Applicable,N/A,N/A,8101.83,1109684.59,Fisher days,1.98,0.11,4100.66,339695.47,Boat trips,582.83,Yes,0.45,0.406184998,0.037058815,0.304048956,0.252707232,0.443243813,0.710233953,1665.626573,151.9656009,1246.80139,1036.266436
2015-2016,Central Coast,2015,8,Area 8,Angling from boat,EFFORT,Adult effort,Not Applicable,N/A,N/A,4484.77,1011254.03,Fisher days,1.98,0.11,2269.92,276041.72,Boat trips,525.4,Yes,0.49,0.046115427,0.039728212,0.558557146,0.355599215,0.085843639,0.604672573,104.6783295,90.17986248,1267.880037,807.181771
2015-2016,Central Coast,2015,8,Area 9,Angling from boat,EFFORT,Adult effort,Not Applicable,N/A,N/A,7971.35,2724301.78,Fisher days,1.98,0.11,4034.61,751552.82,Boat trips,866.92,Yes,0.6,0.109875987,0.019692364,0.4780838,0.392347849,0.129568351,0.587959786,443.3067544,79.45101073,1928.88168,1582.970555
2015-2016,Central Coast,2015,12,Area 6,Angling from boat,EFFORT,Adult effort,Not Applicable,N/A,N/A,360.99,128148.96,Fisher days,1.98,0.11,182.71,32938.86,Boat trips,181.49,Yes,1,0,0,0,1,0,0,0,0,0,182.71
2014-2015,Central Coast,2015,2,Area 5,Angling from boat,EFFORT,Adult effort,Not Applicable,N/A,N/A,31.85,500.99,Fisher days,3.08,0.14,10.33,52.9,Boat trips,7.27,Yes,0.61,0.387811634,0,0,0.612188366,0.387811634,0.387811634,4.006094183,0,0,6.323905817
2014-2015,Central Coast,2015,2,Area 9,Angling from boat,EFFORT,Adult effort,Not Applicable,N/A,N/A,141.1,19627.08,Fisher days,3.08,0.14,45.75,2067.84,Boat trips,45.47,Yes,1,0,0,0,1,0,0,0,0,0,45.75
2014-2015,Central Coast,2015,1,Area 7,Angling from boat,EFFORT,Adult effort,Not Applicable,N/A,N/A,70.3,4871.71,Fisher days,3.08,0.14,22.79,513.27,Boat trips,22.66,Yes,1,0,0,0,1,0,0,0,0,0,22.79
2015-2016,Central Coast,2015,7,Area 5,Angling from boat,EFFORT,Adult effort,Not Applicable,N/A,N/A,316.02,26839.32,Fisher days,1.98,0.11,159.95,6959.94,Boat trips,83.43,Yes,0.33,0,0.089545463,0,0.910454537,0.089545463,0,0,14.32279679,0,145.6272032
2015-2016,Central Coast,2015,7,Area 6,Angling from boat,EFFORT,Adult effort,Not Applicable,N/A,N/A,3777.97,1296861.76,Fisher days,1.98,0.11,1912.18,344277.15,Boat trips,586.75,Yes,0.82,0.149599951,0.089544821,0.097614587,0.663240641,0.239144772,0.247214538,286.0620342,171.2258165,186.6566608,1268.235489
2015-2016,Central Coast,2015,7,Area 7,Angling from boat,EFFORT,Adult effort,Not Applicable,N/A,N/A,4862.12,1054709.24,Fisher days,1.98,0.11,2460.91,290151.84,Boat trips,538.66,Yes,0.54,0.398430469,0.050218312,0.210902859,0.34044836,0.448648781,0.609333329,980.5015262,123.5827454,519.0129555,837.8127728
2015-2016,Central Coast,2015,7,Area 8,Angling from boat,EFFORT,Adult effort,Not Applicable,N/A,N/A,2248.96,283904.48,Fisher days,1.98,0.11,1138.29,77000.16,Boat trips,277.49,Yes,0.36,0.075210333,0,0.795726894,0.129062772,0.075210333,0.870937228,85.61117046,0,905.7679663,146.9108632
2015-2016,Central Coast,2015,7,Area 9,Angling from boat,EFFORT,Adult effort,Not Applicable,N/A,N/A,3186.46,431521.27,Fisher days,1.98,0.11,1612.79,119118.53,Boat trips,345.14,Yes,0.65,0.306887801,0.041261532,0.492802104,0.159048563,0.348149333,0.799689905,494.9455759,66.54618686,794.7863054,256.5119318
2015-2016,Central Coast,2015,6,Area 5,Angling from boat,EFFORT,Adult effort,Not Applicable,N/A,N/A,817.88,164806.55,Fisher days,1.98,0.11,413.96,42784.45,Boat trips,206.84,Yes,0.81,0.02942004,0,0,0.97057996,0.02942004,0.02942004,12.17871955,0,0,401.7812804
2015-2016,Central Coast,2015,6,Area 6,Angling from boat,EFFORT,Adult effort,Not Applicable,N/A,N/A,3669.37,776974.01,Fisher days,1.98,0.11,1857.21,210410.92,Boat trips,458.71,Yes,0.85,0.143253105,0.034398965,0.087403741,0.734944189,0.177652069,0.230656846,266.0510983,63.88610088,162.3271027,1364.945698
2015-2016,Central Coast,2015,6,Area 7,Angling from boat,EFFORT,Adult effort,Not Applicable,N/A,N/A,5490.65,1818924.15,Fisher days,1.98,0.11,2779.04,491420.19,Boat trips,701.01,Yes,0.87,0.50203969,0,0.296147047,0.201813263,0.50203969,0.798186737,1395.188379,0,823.0044901,560.847131
2015-2016,Central Coast,2015,6,Area 8,Angling from boat,EFFORT,Adult effort,Not Applicable,N/A,N/A,2108.6,1037161.78,Fisher days,1.98,0.11,1067.24,269451.08,Boat trips,519.09,Yes,1,0,0,0,1,0,0,0,0,0,1067.24
2015-2016,Central Coast,2015,6,Area 9,Angling from boat,EFFORT,Adult effort,Not Applicable,N/A,N/A,1256.07,259684.49,Fisher days,1.98,0.11,635.74,67857.29,Boat trips,260.49,Yes,0.93,0.300855789,0,0.452326158,0.246818053,0.300855789,0.753181947,191.2660593,0,287.5618315,156.9121092
2014-2015,Central Coast,2015,3,Area 6,Angling from boat,EFFORT,Adult effort,Not Applicable,N/A,N/A,125.03,7445.82,Fisher days,3.08,0.14,40.54,786.33,Boat trips,28.04,Yes,1,0,0,0,1,0,0,0,0,0,40.54
2014-2015,Central Coast,2015,3,Area 7,Angling from boat,EFFORT,Adult effort,Not Applicable,N/A,N/A,16.82,266.03,Fisher days,3.08,0.14,5.45,28.03,Boat trips,5.29,Yes,1,0,0,0,1,0,0,0,0,0,5.45
2015-2016,Central Coast,2015,5,Area 5,Angling from boat,EFFORT,Adult effort,Not Applicable,N/A,N/A,78.35,1978.29,Fisher days,1.98,0.11,39.66,511.98,Boat trips,22.63,Yes,0.7,0,0,0,1,0,0,0,0,0,39.66
2015-2016,Central Coast,2015,5,Area 6,Angling from boat,EFFORT,Adult effort,Not Applicable,N/A,N/A,802.03,127068.2,Fisher days,1.98,0.11,405.94,33095.07,Boat trips,181.92,Yes,1,0,0,0,1,0,0,0,0,0,405.94
2015-2016,Central Coast,2015,5,Area 7,Angling from boat,EFFORT,Adult effort,Not Applicable,N/A,N/A,486.11,111219.91,Fisher days,1.98,0.11,246.04,28691.51,Boat trips,169.39,Yes,0.96,0.384406737,0,0,0.615593263,0.384406737,0.384406737,94.57943353,0,0,151.4605665
2015-2016,Central Coast,2015,5,Area 8,Angling from boat,EFFORT,Adult effort,Not Applicable,N/A,N/A,350.36,45269.18,Fisher days,1.98,0.11,177.33,11700.57,Boat trips,108.17,Yes,0.93,0.533340833,0,0,0.466659167,0.533340833,0.533340833,94.57732994,0,0,82.75267006
2015-2016,Central Coast,2015,11,Area 6,Angling from boat,EFFORT,Adult effort,Not Applicable,N/A,N/A,111.62,7244.47,Fisher days,1.98,0.11,56.49,1866.39,Boat trips,43.2,Yes,1,0,0,0,1,0,0,0,0,0,56.49
2015-2016,Central Coast,2015,10,Area 5,Angling from boat,EFFORT,Adult effort,Not Applicable,N/A,N/A,18.67,329.99,Fisher days,1.98,0.11,9.45,84.83,Boat trips,9.21,Yes,1,0,0,0,1,0,0,0,0,0,9.45
2015-2016,Central Coast,2015,10,Area 6,Angling from boat,EFFORT,Adult effort,Not Applicable,N/A,N/A,31.8,979.44,Fisher days,1.98,0.11,16.1,251.76,Boat trips,15.87,Yes,0,0,0,0,1,0,0,0,0,0,16.1
2015-2016,Central Coast,2015,10,Area 8,Angling from boat,EFFORT,Adult effort,Not Applicable,N/A,N/A,69,4623,Fisher days,1.98,0.11,34.92,1188.33,Boat trips,34.47,Yes,1,0,0,0,1,0,0,0,0,0,34.92
2015-2016,Central Coast,2015,10,Area 9,Angling from boat,EFFORT,Adult effort,Not Applicable,N/A,N/A,18.67,329.99,Fisher days,1.98,0.11,9.45,84.83,Boat trips,9.21,Yes,1,0,0,0,1,0,0,0,0,0,9.45
2015-2016,Central Coast,2015,9,Area 5,Angling from boat,EFFORT,Adult effort,Not Applicable,N/A,N/A,166.71,13886.18,Fisher days,1.98,0.11,84.38,3580.79,Boat trips,59.84,Yes,1,0,0.446884499,0,0.553115501,0.446884499,0,0,37.70811406,0,46.67188594
2015-2016,Central Coast,2015,9,Area 6,Angling from boat,EFFORT,Adult effort,Not Applicable,N/A,N/A,1112.67,488508.58,Fisher days,1.98,0.11,563.17,126190.02,Boat trips,355.23,Yes,1,0,0,0,1,0,0,0,0,0,563.17
2015-2016,Central Coast,2015,9,Area 7,Angling from boat,EFFORT,Adult effort,Not Applicable,N/A,N/A,737.68,538267.32,Fisher days,1.98,0.11,373.37,138351.24,Boat trips,371.96,Yes,1,0,0,0,1,0,0,0,0,0,373.37
2015-2016,Central Coast,2015,9,Area 8,Angling from boat,EFFORT,Adult effort,Not Applicable,N/A,N/A,583.3,208590.59,Fisher days,1.98,0.11,295.23,53723.4,Boat trips,231.78,Yes,1,0,0.25295149,0,0.74704851,0.25295149,0,0,74.6788685,0,220.5511315
2015-2016,Central Coast,2015,9,Area 9,Angling from boat,EFFORT,Adult effort,Not Applicable,N/A,N/A,546.56,85103.76,Fisher days,1.98,0.11,276.63,22053.86,Boat trips,148.51,Yes,0.25,0.514815503,0,0.368557858,0.116626639,0.514815503,0.883373361,142.4134125,0,101.9541604,32.26242709
2016-2017,Central Coast,2016,4,Area 6,Angling from boat,EFFORT,Adult effort,Not Applicable,N/A,N/A,316.44,17481.99,Fisher days,2.09,0.1,151.15,4043.71,Boat trips,63.59,Yes,1,0,0,0,1,0,0,0,0,0,151.15
2016-2017,Central Coast,2016,4,Area 7,Angling from boat,EFFORT,Adult effort,Not Applicable,N/A,N/A,225.66,40242.85,Fisher days,2.09,0.1,107.79,9209.55,Boat trips,95.97,Yes,1,0,0,0,1,0,0,0,0,0,107.79
2016-2017,Central Coast,2016,4,Area 8,Angling from boat,EFFORT,Adult effort,Not Applicable,N/A,N/A,33.72,1103.37,Fisher days,2.09,0.1,16.11,252.36,Boat trips,15.89,Yes,1,0,0,1,0,0,1,0,0,16.11,0
2016-2017,Central Coast,2016,8,Area 5,Angling from boat,EFFORT,Adult effort,Not Applicable,N/A,N/A,124.17,3253.05,Fisher days,2.09,0.1,59.31,750.68,Boat trips,27.4,Yes,0.39,0.28212659,0,0,0.71787341,0.28212659,0.28212659,16.73292803,0,0,42.57707197
2016-2017,Central Coast,2016,8,Area 6,Angling from boat,EFFORT,Adult effort,Not Applicable,N/A,N/A,4039.36,600507.28,Fisher days,2.09,0.1,1929.41,145993.41,Boat trips,382.09,Yes,0.73,0.258944491,0.119391163,0.148437586,0.473226761,0.378335653,0.407382076,499.6100898,230.3545032,286.3969619,913.0484451
2016-2017,Central Coast,2016,8,Area 7,Angling from boat,EFFORT,Adult effort,Not Applicable,N/A,N/A,9370.92,1583278.49,Fisher days,2.09,0.1,4476.05,409592.26,Boat trips,639.99,Yes,0.56,0.421699996,0.054902865,0.21909139,0.304305749,0.476602861,0.640791387,1887.550268,245.7479682,980.6640178,1362.087746
2016-2017,Central Coast,2016,8,Area 8,Angling from boat,EFFORT,Adult effort,Not Applicable,N/A,N/A,4744.2,919153.74,Fisher days,2.09,0.1,2266.08,222103.05,Boat trips,471.28,Yes,0.71,0.050158703,0.022281221,0.605276888,0.322283188,0.072439924,0.655435591,113.6636337,50.49103027,1371.605849,730.3194867
2016-2017,Central Coast,2016,8,Area 9,Angling from boat,EFFORT,Adult effort,Not Applicable,N/A,N/A,6293.9,1293776.74,Fisher days,2.09,0.1,3006.3,316995.12,Boat trips,563.02,Yes,0.58,0.203748002,0.004101146,0.622477924,0.169672927,0.207849148,0.826225926,612.5276189,12.32927536,1871.355384,510.0877218
2015-2016,Central Coast,2016,2,Area 7,Angling from boat,EFFORT,Adult effort,Not Applicable,N/A,N/A,87.92,7641.94,Fisher days,1.98,0.11,44.5,1964.22,Boat trips,44.32,Yes,1,0,0,0,1,0,0,0,0,0,44.5
2015-2016,Central Coast,2016,2,Area 8,Angling from boat,EFFORT,Adult effort,Not Applicable,N/A,N/A,175.84,15274.7,Fisher days,1.98,0.11,89,3939.14,Boat trips,62.76,Yes,1,0,0,0,1,0,0,0,0,0,89
2015-2016,Central Coast,2016,1,Area 7,Angling from boat,EFFORT,Adult effort,Not Applicable,N/A,N/A,81.07,6491.43,Fisher days,1.98,0.11,41.03,1668.51,Boat trips,40.85,Yes,1,0,0,0,1,0,0,0,0,0,41.03
2015-2016,Central Coast,2016,1,Area 9,Angling from boat,EFFORT,Adult effort,Not Applicable,N/A,N/A,81.07,6491.43,Fisher days,1.98,0.11,41.03,1668.51,Boat trips,40.85,Yes,1,0,0,0,1,0,0,0,0,0,41.03
2016-2017,Central Coast,2016,7,Area 5,Angling from boat,EFFORT,Adult effort,Not Applicable,N/A,N/A,671.95,57071.31,Fisher days,2.09,0.1,320.96,13269.63,Boat trips,115.19,Yes,0.52,0.16864148,0.1462431,0.184722005,0.500393415,0.31488458,0.353363485,54.12716944,46.93818537,59.28837463,160.6062706
2016-2017,Central Coast,2016,7,Area 6,Angling from boat,EFFORT,Adult effort,Not Applicable,N/A,N/A,4864.22,567354.17,Fisher days,2.09,0.1,2323.41,142474.27,Boat trips,377.46,Yes,0.71,0.268505124,0.065579289,0.136621435,0.529294152,0.334084413,0.405126559,623.8474906,152.367575,317.4276089,1229.767325
2016-2017,Central Coast,2016,7,Area 7,Angling from boat,EFFORT,Adult effort,Not Applicable,N/A,N/A,7665.12,1285493.54,Fisher days,2.09,0.1,3661.27,325647.14,Boat trips,570.66,Yes,0.63,0.579279472,0.003927055,0.134226956,0.282566516,0.583206528,0.713506428,2120.898554,14.37800991,491.441127,1034.552309
2016-2017,Central Coast,2016,7,Area 8,Angling from boat,EFFORT,Adult effort,Not Applicable,N/A,N/A,4760.26,784606.2,Fisher days,2.09,0.1,2273.75,191489.76,Boat trips,437.6,Yes,0.61,0.083335933,0,0.314524708,0.602139359,0.083335933,0.397860641,189.4850785,0,715.1505548,1369.114367
2016-2017,Central Coast,2016,7,Area 9,Angling from boat,EFFORT,Adult effort,Not Applicable,N/A,N/A,3852.97,428116.56,Fisher days,2.09,0.1,1840.38,105851.88,Boat trips,325.35,Yes,0.59,0.430989581,0,0.39470556,0.174304858,0.430989581,0.825695142,793.1846056,0,726.4082191,320.7871753
2016-2017,Central Coast,2016,6,Area 5,Angling from boat,EFFORT,Adult effort,Not Applicable,N/A,N/A,52.65,1412.38,Fisher days,2.09,0.1,25.15,323.77,Boat trips,17.99,Yes,0.36,0,0.642573244,0,0.357426756,0.642573244,0,0,16.16071709,0,8.989282909
2016-2017,Central Coast,2016,6,Area 6,Angling from boat,EFFORT,Adult effort,Not Applicable,N/A,N/A,3034.02,326299.28,Fisher days,2.09,0.1,1449.21,79515.77,Boat trips,281.99,Yes,0.72,0.257003854,0.033313691,0.080517381,0.629165074,0.290317545,0.337521235,372.4525554,48.27853409,116.6865941,911.7923164
2016-2017,Central Coast,2016,6,Area 7,Angling from boat,EFFORT,Adult effort,Not Applicable,N/A,N/A,1835.26,468493.88,Fisher days,2.09,0.1,876.62,108743.03,Boat trips,329.76,Yes,0.83,0.178983046,0.020508828,0.104164335,0.696343791,0.199491874,0.283147381,156.9001181,17.97844864,91.31253949,610.4288938
2016-2017,Central Coast,2016,6,Area 8,Angling from boat,EFFORT,Adult effort,Not Applicable,N/A,N/A,210.01,11079.57,Fisher days,2.09,0.1,100.31,2552.12,Boat trips,50.52,Yes,0.52,0.287172538,0,0,0.712827462,0.287172538,0.287172538,28.80627728,0,0,71.50372272
2016-2017,Central Coast,2016,6,Area 9,Angling from boat,EFFORT,Adult effort,Not Applicable,N/A,N/A,641.36,37273.78,Fisher days,2.09,0.1,306.35,8730.65,Boat trips,93.44,Yes,0.84,0.681007647,0,0.193968482,0.125023871,0.681007647,0.874976129,208.6266925,0,59.42224449,38.30106297
2015-2016,Central Coast,2016,3,Area 5,Angling from boat,EFFORT,Adult effort,Not Applicable,N/A,N/A,32.8,1010.24,Fisher days,1.98,0.11,16.6,259.71,Boat trips,16.12,Yes,1,0,1,0,0,1,0,0,16.6,0,0
2015-2016,Central Coast,2016,3,Area 6,Angling from boat,EFFORT,Adult effort,Not Applicable,N/A,N/A,88.93,7820,Fisher days,1.98,0.11,45.01,2009.98,Boat trips,44.83,Yes,1,0,0,0,1,0,0,0,0,0,45.01
2015-2016,Central Coast,2016,3,Area 7,Angling from boat,EFFORT,Adult effort,Not Applicable,N/A,N/A,88.93,7820,Fisher days,1.98,0.11,45.01,2009.98,Boat trips,44.83,Yes,1,0,0,1,0,0,1,0,0,45.01,0
2016-2017,Central Coast,2016,5,Area 5,Angling from boat,EFFORT,Adult effort,Not Applicable,N/A,N/A,76.8,3114.41,Fisher days,2.09,0.1,36.68,713.81,Boat trips,26.72,Yes,0,0.684158505,0,0,0.315841495,0.684158505,0.684158505,25.09493396,0,0,11.58506604
2016-2017,Central Coast,2016,5,Area 6,Angling from boat,EFFORT,Adult effort,Not Applicable,N/A,N/A,677.39,44664.61,Fisher days,2.09,0.1,323.56,10443.05,Boat trips,102.19,Yes,1,0.026823429,0,0,0.973176571,0.026823429,0.026823429,8.67898872,0,0,314.8810113
2016-2017,Central Coast,2016,5,Area 7,Angling from boat,EFFORT,Adult effort,Not Applicable,N/A,N/A,568.29,45101.32,Fisher days,2.09,0.1,271.44,10467.84,Boat trips,102.31,Yes,0.61,0.678604974,0,0,0.321395026,0.678604974,0.678604974,184.2005341,0,0,87.23946586
2016-2017,Central Coast,2016,5,Area 8,Angling from boat,EFFORT,Adult effort,Not Applicable,N/A,N/A,200.39,15573.39,Fisher days,2.09,0.1,95.72,3575.22,Boat trips,59.79,Yes,1,0,0,0,1,0,0,0,0,0,95.72
2016-2017,Central Coast,2016,5,Area 9,Angling from boat,EFFORT,Adult effort,Not Applicable,N/A,N/A,44.41,984.07,Fisher days,2.09,0.1,21.21,225.6,Boat trips,15.02,Yes,0.6,0,0.396474047,0,0.603525953,0.396474047,0,0,8.409214536,0,12.80078546
2016-2017,Central Coast,2016,11,Area 5,Angling from boat,EFFORT,Adult effort,Not Applicable,N/A,N/A,87.81,7622.34,Fisher days,2.09,0.1,41.94,1743.3,Boat trips,41.75,Yes,1,0,0,0,1,0,0,0,0,0,41.94
2016-2017,Central Coast,2016,10,Area 6,Angling from boat,EFFORT,Adult effort,Not Applicable,N/A,N/A,385.45,82497.88,Fisher days,2.09,0.1,184.11,18903.92,Boat trips,137.49,Yes,1,0,0,0,1,0,0,0,0,0,184.11
2016-2017,Central Coast,2016,10,Area 7,Angling from boat,EFFORT,Adult effort,Not Applicable,N/A,N/A,138.21,18964.97,Fisher days,2.09,0.1,66.02,4337.43,Boat trips,65.86,Yes,1,0,0,0,1,0,0,0,0,0,66.02
2016-2017,Central Coast,2016,10,Area 8,Angling from boat,EFFORT,Adult effort,Not Applicable,N/A,N/A,273.35,73899.87,Fisher days,2.09,0.1,130.57,16901.58,Boat trips,130.01,Yes,1,0,0,0,1,0,0,0,0,0,130.57
2016-2017,Central Coast,2016,10,Area 9,Angling from boat,EFFORT,Adult effort,Not Applicable,N/A,N/A,55,2915,Fisher days,2.09,0.1,26.27,666.73,Boat trips,25.82,Yes,0,0,1,0,0,1,0,0,26.27,0,0
2016-2017,Central Coast,2016,9,Area 5,Angling from boat,EFFORT,Adult effort,Not Applicable,N/A,N/A,103.35,5320.67,Fisher days,2.09,0.1,49.37,1219.81,Boat trips,34.93,Yes,1,0.422869818,0,0,0.577130182,0.422869818,0.422869818,20.87708291,0,0,28.49291709
2016-2017,Central Coast,2016,9,Area 6,Angling from boat,EFFORT,Adult effort,Not Applicable,N/A,N/A,1077.77,135559.14,Fisher days,2.09,0.1,514.8,31567.88,Boat trips,177.67,Yes,0.97,0.018846775,0.01835253,0,0.962800695,0.037199305,0.018846775,9.702319903,9.447882212,0,495.6497979
2016-2017,Central Coast,2016,9,Area 7,Angling from boat,EFFORT,Adult effort,Not Applicable,N/A,N/A,1878.78,1169539.12,Fisher days,2.09,0.1,897.41,268777.19,Boat trips,518.44,Yes,0.88,0.103533328,0,0.145318962,0.75114771,0.103533328,0.24885229,92.9118437,0,130.4106899,674.0874664
2016-2017,Central Coast,2016,9,Area 8,Angling from boat,EFFORT,Adult effort,Not Applicable,N/A,N/A,448.7,52953.5,Fisher days,2.09,0.1,214.33,12192.35,Boat trips,110.42,Yes,0.74,0,0,0.243499141,0.756500859,0,0.243499141,0,0,52.18917099,162.140829
2016-2017,Central Coast,2016,9,Area 9,Angling from boat,EFFORT,Adult effort,Not Applicable,N/A,N/A,212.29,10515.85,Fisher days,2.09,0.1,101.4,2424.04,Boat trips,49.23,Yes,0.3,0.180395744,0,0.819604256,0,0.180395744,1,18.29212847,0,83.10787153,0
2017-2018,Central Coast,2017,4,Area 6,Angling from boat,EFFORT,Adult effort,Not Applicable,N/A,N/A,374.04,29987.7,Fisher days,2.09,0.11,179.04,6955.38,Boat trips,83.4,Yes,1,0,0,0,1,0,0,0,0,0,179.04
2017-2018,Central Coast,2017,4,Area 7,Angling from boat,EFFORT,Adult effort,Not Applicable,N/A,N/A,31.17,940.39,Fisher days,2.09,0.11,14.92,216.05,Boat trips,14.7,Yes,1,0,0,0,1,0,0,0,0,0,14.92
2017-2018,Central Coast,2017,4,Area 9,Angling from boat,EFFORT,Adult effort,Not Applicable,N/A,N/A,51.87,1348,Fisher days,2.09,0.11,24.83,310.49,Boat trips,17.62,Yes,0.6,0,0,0,1,0,0,0,0,0,24.83
2017-2018,Central Coast,2017,8,Area 5,Angling from boat,EFFORT,Adult effort,Not Applicable,N/A,N/A,263.5,17179.16,Fisher days,2.09,0.11,126.13,3978.09,Boat trips,63.07,Yes,0.92,0,0,0.332449442,0.667550558,0,0.332449442,0,0,41.93184813,84.19815187
2017-2018,Central Coast,2017,8,Area 6,Angling from boat,EFFORT,Adult effort,Not Applicable,N/A,N/A,7752.64,2279037.82,Fisher days,2.09,0.11,3710.96,558461.48,Boat trips,747.3,Yes,0.84,0.123423329,0.023913092,0.20003261,0.652630969,0.147336421,0.323455939,458.0190366,88.74052889,742.3130139,2421.887421
2017-2018,Central Coast,2017,8,Area 7,Angling from boat,EFFORT,Adult effort,Not Applicable,N/A,N/A,7624.13,2333978.29,Fisher days,2.09,0.11,3649.45,569857.1,Boat trips,754.89,Yes,0.66,0.285515305,0.018914782,0.227149514,0.468420399,0.304430087,0.512664819,1041.973832,69.0285503,828.970793,1709.476825
2017-2018,Central Coast,2017,8,Area 8,Angling from boat,EFFORT,Adult effort,Not Applicable,N/A,N/A,4534.5,613954.76,Fisher days,2.09,0.11,2170.53,153082.85,Boat trips,391.26,Yes,0.33,0.032488314,0,0.767393404,0.200118282,0.032488314,0.799881718,70.51686068,0,1665.650405,434.3627347
2017-2018,Central Coast,2017,8,Area 9,Angling from boat,EFFORT,Adult effort,Not Applicable,N/A,N/A,8075.18,2335635.25,Fisher days,2.09,0.11,3865.35,574510.66,Boat trips,757.96,Yes,0.59,0.269433531,0.053287474,0.57387683,0.103402165,0.322721005,0.843310361,1041.454899,205.9747379,2218.234805,399.6855573
2017-2018,Central Coast,2017,12,Area 6,Angling from boat,EFFORT,Adult effort,Not Applicable,N/A,N/A,17.25,280.31,Fisher days,2.09,0.11,8.26,64.41,Boat trips,8.03,Yes,1,0,0,0,1,0,0,0,0,0,8.26
2017-2018,Central Coast,2017,12,Area 8,Angling from boat,EFFORT,Adult effort,Not Applicable,N/A,N/A,72.99,5254.14,Fisher days,2.09,0.11,34.94,1207.07,Boat trips,34.74,Yes,0,0,0,0,1,0,0,0,0,0,34.94
2016-2017,Central Coast,2017,1,Area 6,Angling from boat,EFFORT,Adult effort,Not Applicable,N/A,N/A,86.97,7476.87,Fisher days,2.09,0.1,41.54,1710.03,Boat trips,41.35,Yes,1,0,0,0,1,0,0,0,0,0,41.54
2017-2018,Central Coast,2017,7,Area 5,Angling from boat,EFFORT,Adult effort,Not Applicable,N/A,N/A,238.4,9792.88,Fisher days,2.09,0.11,114.11,2278.1,Boat trips,47.73,Yes,0.24,0.181701893,0.318396222,0.238600937,0.261300948,0.500098115,0.42030283,20.73400298,36.33219287,27.22675296,29.81705119
2017-2018,Central Coast,2017,7,Area 6,Angling from boat,EFFORT,Adult effort,Not Applicable,N/A,N/A,5700.57,929857.08,Fisher days,2.09,0.11,2728.7,232667.49,Boat trips,482.36,Yes,0.71,0.385184195,0.024882513,0.110122505,0.479810787,0.410066708,0.4953067,1051.052112,67.8969139,300.491279,1309.259695
2017-2018,Central Coast,2017,7,Area 7,Angling from boat,EFFORT,Adult effort,Not Applicable,N/A,N/A,4272.3,601200.48,Fisher days,2.09,0.11,2045.03,148766.83,Boat trips,385.7,Yes,0.62,0.313257968,0.018200974,0.340601924,0.327939135,0.331458941,0.653859891,640.6219413,37.2215371,696.5411524,670.6453691
2017-2018,Central Coast,2017,7,Area 8,Angling from boat,EFFORT,Adult effort,Not Applicable,N/A,N/A,3149.81,373586.99,Fisher days,2.09,0.11,1507.72,91586.36,Boat trips,302.63,Yes,0.45,0.063996107,0,0.686118713,0.24988518,0.063996107,0.75011482,96.4882112,0,1034.474905,376.7568835
2017-2018,Central Coast,2017,7,Area 9,Angling from boat,EFFORT,Adult effort,Not Applicable,N/A,N/A,2947.84,223724.03,Fisher days,2.09,0.11,1411.04,56505.65,Boat trips,237.71,Yes,0.5,0.216858649,0.019573513,0.598585423,0.164982415,0.236432162,0.815444072,305.9962278,27.61901029,844.6279753,232.7967866
2017-2018,Central Coast,2017,6,Area 5,Angling from boat,EFFORT,Adult effort,Not Applicable,N/A,N/A,81.07,2399.18,Fisher days,2.09,0.11,38.81,553.68,Boat trips,23.53,Yes,1,0,0.79149811,0.20850189,0,0.79149811,0.20850189,0,30.71804165,8.091958353,0
2017-2018,Central Coast,2017,6,Area 6,Angling from boat,EFFORT,Adult effort,Not Applicable,N/A,N/A,3458.81,571400.06,Fisher days,2.09,0.11,1655.63,138142.89,Boat trips,371.68,Yes,0.78,0.353323284,0.007227911,0.150777551,0.488671254,0.360551195,0.504100836,584.972629,11.96674606,249.6318374,809.0587875
2017-2018,Central Coast,2017,6,Area 7,Angling from boat,EFFORT,Adult effort,Not Applicable,N/A,N/A,2306.32,437069.72,Fisher days,2.09,0.11,1103.97,103354.17,Boat trips,321.49,Yes,0.82,0.33997341,0,0.040378374,0.619648216,0.33997341,0.380351784,375.3204454,0,44.57651319,684.0730414
2017-2018,Central Coast,2017,6,Area 8,Angling from boat,EFFORT,Adult effort,Not Applicable,N/A,N/A,1171.69,163718.01,Fisher days,2.09,0.11,560.86,38340.56,Boat trips,195.81,Yes,0.74,0.213366317,0.11924129,0.140125625,0.527266768,0.332607607,0.353491942,119.6686326,66.87767009,78.5908579,295.7228394
2017-2018,Central Coast,2017,6,Area 9,Angling from boat,EFFORT,Adult effort,Not Applicable,N/A,N/A,588.11,64686.75,Fisher days,2.09,0.11,281.51,15030.13,Boat trips,122.6,Yes,0.78,0.823507834,0,0.101465027,0.075027139,0.823507834,0.924972861,231.8256904,0,28.56341981,21.12088978
2016-2017,Central Coast,2017,3,Area 5,Angling from boat,EFFORT,Adult effort,Not Applicable,N/A,N/A,20.97,418.61,Fisher days,2.09,0.1,10.01,95.75,Boat trips,9.79,Yes,1,0,1,0,0,1,0,0,10.01,0,0
2016-2017,Central Coast,2017,3,Area 6,Angling from boat,EFFORT,Adult effort,Not Applicable,N/A,N/A,95.3,8987.19,Fisher days,2.09,0.1,45.52,2055.45,Boat trips,45.34,Yes,1,0,0,0,1,0,0,0,0,0,45.52
2017-2018,Central Coast,2017,5,Area 5,Angling from boat,EFFORT,Adult effort,Not Applicable,N/A,N/A,46.02,1012.37,Fisher days,2.09,0.11,22.03,233.24,Boat trips,15.27,Yes,1,0,0,0,1,0,0,0,0,0,22.03
2017-2018,Central Coast,2017,5,Area 6,Angling from boat,EFFORT,Adult effort,Not Applicable,N/A,N/A,725.04,82836.14,Fisher days,2.09,0.11,347.06,19297.15,Boat trips,138.91,Yes,0.97,0,0,0,1,0,0,0,0,0,347.06
2017-2018,Central Coast,2017,5,Area 7,Angling from boat,EFFORT,Adult effort,Not Applicable,N/A,N/A,393.28,37430.97,Fisher days,2.09,0.11,188.25,8669.74,Boat trips,93.11,Yes,0.53,0,0,0,1,0,0,0,0,0,188.25
2017-2018,Central Coast,2017,5,Area 8,Angling from boat,EFFORT,Adult effort,Not Applicable,N/A,N/A,306.73,91632.33,Fisher days,2.09,0.11,146.82,21052.08,Boat trips,145.09,Yes,1,0,0,0,1,0,0,0,0,0,146.82
2017-2018,Central Coast,2017,5,Area 9,Angling from boat,EFFORT,Adult effort,Not Applicable,N/A,N/A,119.14,7637.2,Fisher days,2.09,0.11,57.03,1758.44,Boat trips,41.93,Yes,0.32,0,0,0,1,0,0,0,0,0,57.03
2017-2018,Central Coast,2017,10,Area 5,Angling from boat,EFFORT,Adult effort,Not Applicable,N/A,N/A,18.83,335.71,Fisher days,2.09,0.11,9.01,77.13,Boat trips,8.78,Yes,0,1,0,0,0,1,1,9.01,0,0,0
2017-2018,Central Coast,2017,9,Area 5,Angling from boat,EFFORT,Adult effort,Not Applicable,N/A,N/A,75.38,3085.01,Fisher days,2.09,0.11,36.08,710.28,Boat trips,26.65,Yes,1,0,0,0,1,0,0,0,0,0,36.08
2017-2018,Central Coast,2017,9,Area 6,Angling from boat,EFFORT,Adult effort,Not Applicable,N/A,N/A,1388.89,563946.91,Fisher days,2.09,0.11,664.82,130378.84,Boat trips,361.08,Yes,0.98,0,0,0,1,0,0,0,0,0,664.82
2017-2018,Central Coast,2017,9,Area 7,Angling from boat,EFFORT,Adult effort,Not Applicable,N/A,N/A,476.81,47615.09,Fisher days,2.09,0.11,228.23,11047.04,Boat trips,105.1,Yes,0.7,0,0,0,1,0,0,0,0,0,228.23
2017-2018,Central Coast,2017,9,Area 8,Angling from boat,EFFORT,Adult effort,Not Applicable,N/A,N/A,449.31,179799.14,Fisher days,2.09,0.11,215.07,41318.4,Boat trips,203.27,Yes,0.95,0,0,0,1,0,0,0,0,0,215.07
2017-2018,Central Coast,2017,9,Area 9,Angling from boat,EFFORT,Adult effort,Not Applicable,N/A,N/A,347.62,29534.1,Fisher days,2.09,0.11,166.4,6839.95,Boat trips,82.7,Yes,0.6,0.072097003,0,0.404583015,0.523319983,0.072097003,0.476680017,11.99694125,0,67.32261361,87.08044514
2018-2019,Central Coast,2018,4,Area 5,Angling from boat,EFFORT,Adult effort,Not Applicable,N/A,N/A,24.31,566.84,Fisher days,1.9,0.09,12.81,157.68,Boat trips,12.56,Yes,1,0,0,0,1,0,0,0,0,0,12.81
2018-2019,Central Coast,2018,4,Area 6,Angling from boat,EFFORT,Adult effort,Not Applicable,N/A,N/A,292.12,20384.19,Fisher days,1.9,0.09,153.89,5710.42,Boat trips,75.57,Yes,1,0,0,0,1,0,0,0,0,0,153.89
2018-2019,Central Coast,2018,4,Area 7,Angling from boat,EFFORT,Adult effort,Not Applicable,N/A,N/A,24.31,566.84,Fisher days,1.9,0.09,12.81,157.68,Boat trips,12.56,Yes,1,0,0,0,1,0,0,0,0,0,12.81
2018-2019,Central Coast,2018,8,Area 5,Angling from boat,EFFORT,Adult effort,Not Applicable,N/A,N/A,478.14,30964.45,Fisher days,1.9,0.09,251.88,8736.32,Boat trips,93.47,Yes,0.83,0.043312798,0,0.129938395,0.826748806,0.043312798,0.173251194,10.90962766,0,32.72888299,208.2414893
2018-2019,Central Coast,2018,8,Area 6,Angling from boat,EFFORT,Adult effort,Not Applicable,N/A,N/A,4712.14,613733.32,Fisher days,1.9,0.09,2482.36,184220,Boat trips,429.21,Yes,0.83,0.217161742,0.014939346,0.123468145,0.644430767,0.232101088,0.340629887,539.0736229,37.08483481,306.4923847,1599.709158
2018-2019,Central Coast,2018,8,Area 7,Angling from boat,EFFORT,Adult effort,Not Applicable,N/A,N/A,7111.9,1007689.21,Fisher days,1.9,0.09,3746.56,311309.52,Boat trips,557.95,Yes,0.67,0.29200622,0.036423554,0.177574603,0.493995623,0.328429774,0.469580823,1094.018824,136.4630321,665.2939034,1850.784241
2018-2019,Central Coast,2018,8,Area 8,Angling from boat,EFFORT,Adult effort,Not Applicable,N/A,N/A,6557.06,1312952.68,Fisher days,1.9,0.09,3454.26,391279.29,Boat trips,625.52,Yes,0.6,0.011091098,0,0.581747697,0.407161205,0.011091098,0.592838795,38.31153457,0,2009.5078,1406.440665
2018-2019,Central Coast,2018,8,Area 9,Angling from boat,EFFORT,Adult effort,Not Applicable,N/A,N/A,5167.8,542076.21,Fisher days,1.9,0.09,2722.4,167151.37,Boat trips,408.84,Yes,0.53,0.226361236,0,0.509876429,0.263762335,0.226361236,0.736237665,616.2458286,0,1388.087591,718.0665807
2018-2019,Central Coast,2018,7,Area 5,Angling from boat,EFFORT,Adult effort,Not Applicable,N/A,N/A,288.94,18537.07,Fisher days,1.9,0.09,152.22,5196.65,Boat trips,72.09,Yes,1,0.0659166,0.80529285,0,0.12879055,0.87120945,0.0659166,10.03382482,122.5816777,0,19.60449749
2018-2019,Central Coast,2018,7,Area 6,Angling from boat,EFFORT,Adult effort,Not Applicable,N/A,N/A,4913.69,902175.26,Fisher days,1.9,0.09,2588.54,265482.46,Boat trips,515.25,Yes,0.76,0.182655612,0.060566278,0.299142899,0.457635211,0.24322189,0.481798511,472.811357,156.7782337,774.3433611,1184.607048
2018-2019,Central Coast,2018,7,Area 7,Angling from boat,EFFORT,Adult effort,Not Applicable,N/A,N/A,4551.85,562286.46,Fisher days,1.9,0.09,2397.92,169013.11,Boat trips,411.11,Yes,0.69,0.539920953,0.057491719,0.234167332,0.168419996,0.597412672,0.774088284,1294.687251,137.8605431,561.5145284,403.8576779
2018-2019,Central Coast,2018,7,Area 8,Angling from boat,EFFORT,Adult effort,Not Applicable,N/A,N/A,4051.74,545900.33,Fisher days,1.9,0.09,2134.46,161772.67,Boat trips,402.21,Yes,0.51,0.051447932,0.045922401,0.660159483,0.242470183,0.097370333,0.711607415,109.8135524,98.01952875,1409.084011,517.5429079
2018-2019,Central Coast,2018,7,Area 9,Angling from boat,EFFORT,Adult effort,Not Applicable,N/A,N/A,2885.76,304641.67,Fisher days,1.9,0.09,1520.22,89755.99,Boat trips,299.59,Yes,0.63,0.33808971,0.013200112,0.568576549,0.080133629,0.351289821,0.906666259,513.9707387,20.06707377,864.3614418,121.8207458
2018-2019,Central Coast,2018,6,Area 5,Angling from boat,EFFORT,Adult effort,Not Applicable,N/A,N/A,164.21,15288.25,Fisher days,1.9,0.09,86.51,4259.66,Boat trips,65.27,Yes,0.29,0,0,0,1,0,0,0,0,0,86.51
2018-2019,Central Coast,2018,6,Area 6,Angling from boat,EFFORT,Adult effort,Not Applicable,N/A,N/A,4051.75,536587.4,Fisher days,1.9,0.09,2134.47,159188.19,Boat trips,398.98,Yes,0.91,0.356547913,0.06276268,0.041286121,0.539403287,0.419310593,0.397834033,761.0408231,133.9650575,88.12398566,1151.340134
2018-2019,Central Coast,2018,6,Area 7,Angling from boat,EFFORT,Adult effort,Not Applicable,N/A,N/A,1837.71,249979.54,Fisher days,1.9,0.09,968.11,71487.84,Boat trips,267.37,Yes,0.69,0.366182947,0,0.124970525,0.508846528,0.366182947,0.491153472,354.5053729,0,120.9852153,492.6194119
2018-2019,Central Coast,2018,6,Area 8,Angling from boat,EFFORT,Adult effort,Not Applicable,N/A,N/A,613.28,58846.12,Fisher days,1.9,0.09,323.08,16566.33,Boat trips,128.71,Yes,0.71,0.241288986,0,0.313470966,0.445240049,0.241288986,0.554759951,77.95564544,0,101.2761997,143.8481549
2018-2019,Central Coast,2018,6,Area 9,Angling from boat,EFFORT,Adult effort,Not Applicable,N/A,N/A,1558.62,209735.89,Fisher days,1.9,0.09,821.08,59726.19,Boat trips,244.39,Yes,0.9,0.198668116,0,0.552769305,0.248562579,0.198668116,0.751437421,163.1224169,0,453.8678209,204.0897622
2017-2018,Central Coast,2018,3,Area 5,Angling from boat,EFFORT,Adult effort,Not Applicable,N/A,N/A,165,13968.39,Fisher days,2.09,0.11,78.98,3216.95,Boat trips,56.72,Yes,1,0,0,0,1,0,0,0,0,0,78.98
2017-2018,Central Coast,2018,3,Area 6,Angling from boat,EFFORT,Adult effort,Not Applicable,N/A,N/A,323.22,87387.46,Fisher days,2.09,0.11,154.72,20085.74,Boat trips,141.72,Yes,1,0,0,0,1,0,0,0,0,0,154.72
2017-2018,Central Coast,2018,3,Area 9,Angling from boat,EFFORT,Adult effort,Not Applicable,N/A,N/A,27.32,719.06,Fisher days,2.09,0.11,13.08,165.21,Boat trips,12.85,Yes,1,0,0,0,1,0,0,0,0,0,13.08
2018-2019,Central Coast,2018,5,Area 5,Angling from boat,EFFORT,Adult effort,Not Applicable,N/A,N/A,220.82,8936.8,Fisher days,1.9,0.09,116.33,2510.65,Boat trips,50.11,Yes,0.88,0,0,0,1,0,0,0,0,0,116.33
2018-2019,Central Coast,2018,5,Area 6,Angling from boat,EFFORT,Adult effort,Not Applicable,N/A,N/A,461.46,30933.03,Fisher days,1.9,0.09,243.1,8717.79,Boat trips,93.37,Yes,1,0,0.1352114,0,0.8647886,0.1352114,0,0,32.86989124,0,210.2301088
2018-2019,Central Coast,2018,5,Area 7,Angling from boat,EFFORT,Adult effort,Not Applicable,N/A,N/A,336.67,24170.76,Fisher days,1.9,0.09,177.36,6778.79,Boat trips,82.33,Yes,1,0.258686267,0,0,0.741313733,0.258686267,0.258686267,45.88059627,0,0,131.4794037
2018-2019,Central Coast,2018,5,Area 8,Angling from boat,EFFORT,Adult effort,Not Applicable,N/A,N/A,180.68,9227.85,Fisher days,1.9,0.09,95.18,2581.34,Boat trips,50.81,Yes,1,0,0,0,1,0,0,0,0,0,95.18
2018-2019,Central Coast,2018,5,Area 9,Angling from boat,EFFORT,Adult effort,Not Applicable,N/A,N/A,31.2,942.07,Fisher days,1.9,0.09,16.43,262.05,Boat trips,16.19,Yes,1,0,0,0,1,0,0,0,0,0,16.43
2018-2019,Central Coast,2018,11,Area 7,Angling from boat,EFFORT,Adult effort,Not Applicable,N/A,N/A,80.94,6470.58,Fisher days,1.9,0.09,42.64,1799.81,Boat trips,42.42,Yes,1,0,0,0,1,0,0,0,0,0,42.64
2018-2019,Central Coast,2018,10,Area 6,Angling from boat,EFFORT,Adult effort,Not Applicable,N/A,N/A,171.91,24697.41,Fisher days,1.9,0.09,90.56,6872.51,Boat trips,82.9,Yes,0.92,0,0.083553701,0,0.916446299,0.083553701,0,0,7.56662315,0,82.99337685
2018-2019,Central Coast,2018,10,Area 7,Angling from boat,EFFORT,Adult effort,Not Applicable,N/A,N/A,58.44,3357.23,Fisher days,1.9,0.09,30.79,933.83,Boat trips,30.56,Yes,1,0,0,0,1,0,0,0,0,0,30.79
2018-2019,Central Coast,2018,10,Area 9,Angling from boat,EFFORT,Adult effort,Not Applicable,N/A,N/A,20.54,401.21,Fisher days,1.9,0.09,10.82,111.61,Boat trips,10.56,Yes,1,0,0,0,1,0,0,0,0,0,10.82
2018-2019,Central Coast,2018,9,Area 5,Angling from boat,EFFORT,Adult effort,Not Applicable,N/A,N/A,84.51,2378.17,Fisher days,1.9,0.09,44.52,664.46,Boat trips,25.78,Yes,0.23,0,0.769271523,0,0.230728477,0.769271523,0,0,34.24796821,0,10.27203179
2018-2019,Central Coast,2018,9,Area 6,Angling from boat,EFFORT,Adult effort,Not Applicable,N/A,N/A,1173.13,319766.91,Fisher days,1.9,0.09,618.01,89602.85,Boat trips,299.34,Yes,0.92,0,0.01916071,0,0.98083929,0.01916071,0,0,11.84151053,0,606.1684895
2018-2019,Central Coast,2018,9,Area 7,Angling from boat,EFFORT,Adult effort,Not Applicable,N/A,N/A,518,40442.91,Fisher days,1.9,0.09,272.88,11391.63,Boat trips,106.73,Yes,0.88,0.059909738,0,0.059909738,0.880180524,0.059909738,0.119819476,16.34816927,0,16.34816927,240.1836615
2018-2019,Central Coast,2018,9,Area 8,Angling from boat,EFFORT,Adult effort,Not Applicable,N/A,N/A,526.37,74717.69,Fisher days,1.9,0.09,277.29,20909.01,Boat trips,144.6,Yes,0.6,0,0,0.368879075,0.631120925,0,0.368879075,0,0,102.2864787,175.0035213
2018-2019,Central Coast,2018,9,Area 9,Angling from boat,EFFORT,Adult effort,Not Applicable,N/A,N/A,117.59,4961.69,Fisher days,1.9,0.09,61.94,1385.62,Boat trips,37.22,Yes,0.52,0,0.19116264,0.80883736,0,0.19116264,0.80883736,0,11.84061394,50.09938606,0
2019-2020,Central Coast,2019,4,Area 5,Angling from boat,EFFORT,Adult effort,Not Applicable,N/A,N/A,18.82,335.23,Fisher days,2.06,0.1,9.14,79.3,Boat trips,8.9,Yes,1,0,0,0,1,0,0,0,0,0,9.14
2019-2020,Central Coast,2019,4,Area 6,Angling from boat,EFFORT,Adult effort,Not Applicable,N/A,N/A,169.35,7697.45,Fisher days,2.06,0.1,82.25,1832.7,Boat trips,42.81,Yes,1,0,0,0,1,0,0,0,0,0,82.25
2019-2020,Central Coast,2019,4,Area 7,Angling from boat,EFFORT,Adult effort,Not Applicable,N/A,N/A,28.91,777.83,Fisher days,2.06,0.1,14.04,184,Boat trips,13.56,Yes,1,0,0,0,1,0,0,0,0,0,14.04
2019-2020,Central Coast,2019,8,Area 5,Angling from boat,EFFORT,Adult effort,Not Applicable,N/A,N/A,213.42,18190.07,Fisher days,2.06,0.1,103.66,4317.98,Boat trips,65.71,Yes,0.83,0,0,0,1,0,0,0,0,0,103.66
2019-2020,Central Coast,2019,8,Area 6,Angling from boat,EFFORT,Adult effort,Not Applicable,N/A,N/A,5470.09,1204556.77,Fisher days,2.06,0.1,2656.93,301595.98,Boat trips,549.18,Yes,0.77,0.117929357,0.017026595,0.118279393,0.746764656,0.134955952,0.23620875,313.3300467,45.23847007,314.2600668,1984.101416
2019-2020,Central Coast,2019,8,Area 7,Angling from boat,EFFORT,Adult effort,Not Applicable,N/A,N/A,8244.46,1137119.91,Fisher days,2.06,0.1,4004.5,307828.02,Boat trips,554.82,Yes,0.6,0.27819015,0.030198311,0.198545339,0.493066199,0.308388461,0.47673549,1114.012457,120.9291366,795.0748115,1974.483595
2019-2020,Central Coast,2019,8,Area 8,Angling from boat,EFFORT,Adult effort,Not Applicable,N/A,N/A,5557.47,900512.11,Fisher days,2.06,0.1,2699.37,230425.34,Boat trips,480.03,Yes,0.64,0.01005516,0,0.474717236,0.515227604,0.01005516,0.484772396,27.14259606,0,1281.437466,1390.789938
2019-2020,Central Coast,2019,8,Area 9,Angling from boat,EFFORT,Adult effort,Not Applicable,N/A,N/A,6150.08,706565.15,Fisher days,2.06,0.1,2987.22,188706.1,Boat trips,434.4,Yes,0.54,0.196988185,0.003028752,0.582964352,0.217018711,0.200016937,0.779952537,588.4470447,9.047549924,1741.442773,648.2826325
2018-2019,Central Coast,2019,2,Area 7,Angling from boat,EFFORT,Adult effort,Not Applicable,N/A,N/A,149.43,22031.33,Fisher days,1.9,0.09,78.72,6128.09,Boat trips,78.28,Yes,1,0,0,0,1,0,0,0,0,0,78.72
2019-2020,Central Coast,2019,7,Area 5,Angling from boat,EFFORT,Adult effort,Not Applicable,N/A,N/A,355.12,22441.78,Fisher days,2.06,0.1,172.49,5367.94,Boat trips,73.27,Yes,1,0.093327391,0.090092888,0.186654782,0.629924939,0.183420279,0.279982173,16.09804167,15.54012225,32.19608334,108.6557527
2019-2020,Central Coast,2019,7,Area 6,Angling from boat,EFFORT,Adult effort,Not Applicable,N/A,N/A,2914.92,351340.26,Fisher days,2.06,0.1,1415.84,87834.04,Boat trips,296.37,Yes,0.66,0.394282047,0.049283457,0.080817615,0.475616881,0.443565504,0.475099662,558.240294,69.77748925,114.4248115,673.3974053
2019-2020,Central Coast,2019,7,Area 7,Angling from boat,EFFORT,Adult effort,Not Applicable,N/A,N/A,4821.15,541453.7,Fisher days,2.06,0.1,2341.73,141267.84,Boat trips,375.86,Yes,0.66,0.353514075,0.016317378,0.143163679,0.487004868,0.369831453,0.496677754,827.8345153,38.21089272,335.2506816,1140.43391
2019-2020,Central Coast,2019,7,Area 8,Angling from boat,EFFORT,Adult effort,Not Applicable,N/A,N/A,2567.14,267933.84,Fisher days,2.06,0.1,1246.91,67047,Boat trips,258.93,Yes,0.59,0.060569578,0.00650073,0.611894511,0.32103518,0.067070308,0.67246409,75.52481271,8.10582554,762.9773852,400.3019765
2019-2020,Central Coast,2019,7,Area 9,Angling from boat,EFFORT,Adult effort,Not Applicable,N/A,N/A,2579.18,212876.23,Fisher days,2.06,0.1,1252.76,54093.65,Boat trips,232.58,Yes,0.68,0.235305666,0,0.533297714,0.23139662,0.235305666,0.76860338,294.7815262,0,668.0940436,289.8844302
2019-2020,Central Coast,2019,6,Area 5,Angling from boat,EFFORT,Adult effort,Not Applicable,N/A,N/A,128.2,4128.8,Fisher days,2.06,0.1,62.27,983.65,Boat trips,31.36,Yes,0.83,0,0,0,1,0,0,0,0,0,62.27
2019-2020,Central Coast,2019,6,Area 6,Angling from boat,EFFORT,Adult effort,Not Applicable,N/A,N/A,2468.6,277324.36,Fisher days,2.06,0.1,1199.05,68973.67,Boat trips,262.63,Yes,0.72,0.294043094,0,0.09811162,0.607845286,0.294043094,0.392154714,352.5723717,0,117.6407378,728.8368906
2019-2020,Central Coast,2019,6,Area 7,Angling from boat,EFFORT,Adult effort,Not Applicable,N/A,N/A,1810.14,186091.51,Fisher days,2.06,0.1,879.22,45810.17,Boat trips,214.03,Yes,0.83,0.397157941,0.047028541,0.094321821,0.461491696,0.444186483,0.491479763,349.1892052,41.34843395,82.92963185,405.752729
2019-2020,Central Coast,2019,6,Area 8,Angling from boat,EFFORT,Adult effort,Not Applicable,N/A,N/A,413.25,24147,Fisher days,2.06,0.1,200.72,5796.23,Boat trips,76.13,Yes,0.73,0.228192242,0,0.193280027,0.578527731,0.228192242,0.421472269,45.80274683,0,38.79516694,116.1220862
2019-2020,Central Coast,2019,6,Area 9,Angling from boat,EFFORT,Adult effort,Not Applicable,N/A,N/A,1345.39,108515.11,Fisher days,2.06,0.1,653.48,26654.62,Boat trips,163.26,Yes,0.83,0.619412868,0,0.284927987,0.095659145,0.619412868,0.904340855,404.7739211,0,186.1947407,62.51133822
2018-2019,Central Coast,2019,3,Area 6,Angling from boat,EFFORT,Adult effort,Not Applicable,N/A,N/A,77.23,5886.61,Fisher days,1.9,0.09,40.68,1637.38,Boat trips,40.46,Yes,1,0,0,0,1,0,0,0,0,0,40.68
2018-2019,Central Coast,2019,3,Area 9,Angling from boat,EFFORT,Adult effort,Not Applicable,N/A,N/A,11.09,111.98,Fisher days,1.9,0.09,5.84,31.15,Boat trips,5.58,Yes,0,0,0,0,1,0,0,0,0,0,5.84
2019-2020,Central Coast,2019,5,Area 5,Angling from boat,EFFORT,Adult effort,Not Applicable,N/A,N/A,69.81,1580.92,Fisher days,2.06,0.1,33.91,375.81,Boat trips,19.39,Yes,1,0,0,0,1,0,0,0,0,0,33.91
2019-2020,Central Coast,2019,5,Area 6,Angling from boat,EFFORT,Adult effort,Not Applicable,N/A,N/A,291.08,12056.49,Fisher days,2.06,0.1,141.38,2893.72,Boat trips,53.79,Yes,1,0,0.053042529,0.087222193,0.859735278,0.053042529,0.087222193,0,7.499152757,12.3314736,121.5493736
2019-2020,Central Coast,2019,5,Area 7,Angling from boat,EFFORT,Adult effort,Not Applicable,N/A,N/A,522.78,77819.7,Fisher days,2.06,0.1,253.92,18518.56,Boat trips,136.08,Yes,1,0.068245075,0,0.191193297,0.740561628,0.068245075,0.259438372,17.32878942,0,48.5478021,188.0434085
2019-2020,Central Coast,2019,5,Area 8,Angling from boat,EFFORT,Adult effort,Not Applicable,N/A,N/A,126.94,5567.79,Fisher days,2.06,0.1,61.66,1322.95,Boat trips,36.37,Yes,1,0,0,0,1,0,0,0,0,0,61.66
2019-2020,Central Coast,2019,5,Area 9,Angling from boat,EFFORT,Adult effort,Not Applicable,N/A,N/A,175.29,7489.49,Fisher days,2.06,0.1,85.14,1784.83,Boat trips,42.25,Yes,1,0,0,0,1,0,0,0,0,0,85.14
2019-2020,Central Coast,2019,10,Area 6,Angling from boat,EFFORT,Adult effort,Not Applicable,N/A,N/A,96.43,9106.04,Fisher days,2.06,0.1,46.84,2153.74,Boat trips,46.41,Yes,1,0,0,0,1,0,0,0,0,0,46.84
2019-2020,Central Coast,2019,10,Area 9,Angling from boat,EFFORT,Adult effort,Not Applicable,N/A,N/A,15.45,223.25,Fisher days,2.06,0.1,7.5,52.81,Boat trips,7.27,Yes,0,0,0,0,1,0,0,0,0,0,7.5
2019-2020,Central Coast,2019,9,Area 6,Angling from boat,EFFORT,Adult effort,Not Applicable,N/A,N/A,513.74,67556.46,Fisher days,2.06,0.1,249.54,16091.76,Boat trips,126.85,Yes,0.86,0.078586193,0.14924548,0,0.772168327,0.227831673,0.078586193,19.61039848,37.24271709,0,192.6868844
2019-2020,Central Coast,2019,9,Area 7,Angling from boat,EFFORT,Adult effort,Not Applicable,N/A,N/A,976.4,255540.15,Fisher days,2.06,0.1,474.26,60842.78,Boat trips,246.66,Yes,0.88,0.156564476,0,0.017136565,0.82629896,0.156564476,0.17370104,74.25226823,0,8.127187107,391.8805447
2019-2020,Central Coast,2019,9,Area 8,Angling from boat,EFFORT,Adult effort,Not Applicable,N/A,N/A,1066.63,220995.29,Fisher days,2.06,0.1,518.08,52800.1,Boat trips,229.78,Yes,0.83,0,0.053745201,0.183316509,0.76293829,0.053745201,0.183316509,0,27.84431352,94.97261694,395.2630695
2019-2020,Central Coast,2019,9,Area 9,Angling from boat,EFFORT,Adult effort,Not Applicable,N/A,N/A,399.31,66007.44,Fisher days,2.06,0.1,193.95,15665.51,Boat trips,125.16,Yes,0.77,0.23254193,0,0.191415451,0.576042619,0.23254193,0.423957381,45.1015073,0,37.12502667,111.723466
2020-2021,Central Coast,2020,4,Area 5,Angling from boat,EFFORT,Adult effort,Not Applicable,N/A,N/A,149.52,17608.92,Fisher days,1.78,0.1,84.22,5608.04,Boat trips,74.89,Yes,1,0,0,0,1,0,0,0,0,0,84.22
2020-2021,Central Coast,2020,4,Area 6,Angling from boat,EFFORT,Adult effort,Not Applicable,N/A,N/A,152.15,2411.58,Fisher days,1.78,0.1,85.71,786.65,Boat trips,28.05,Yes,1,0,0,0,1,0,0,0,0,0,85.71
2020-2021,Central Coast,2020,4,Area 7,Angling from boat,EFFORT,Adult effort,Not Applicable,N/A,N/A,19.94,178.72,Fisher days,1.78,0.1,11.23,57.08,Boat trips,7.55,Yes,1,0,0,0,1,0,0,0,0,0,11.23
2020-2021,Central Coast,2020,4,Area 8,Angling from boat,EFFORT,Adult effort,Not Applicable,N/A,N/A,59.81,3218.04,Fisher days,1.78,0.1,33.69,1024.4,Boat trips,32.01,Yes,1,0,0,0,1,0,0,0,0,0,33.69
2020-2021,Central Coast,2020,4,Area 9,Angling from boat,EFFORT,Adult effort,Not Applicable,N/A,N/A,9.97,89.39,Fisher days,1.78,0.1,5.61,28.46,Boat trips,5.33,Yes,1,0,0,0,1,0,0,0,0,0,5.61
2020-2021,Central Coast,2020,8,Area 5,Angling from boat,EFFORT,Adult effort,Not Applicable,N/A,N/A,59.51,608.69,Fisher days,1.78,0.1,33.52,196.42,Boat trips,14.01,Yes,1,0.086268429,0.300617172,0,0.613114398,0.386885602,0.086268429,2.891717749,10.07668761,0,20.55159464
2020-2021,Central Coast,2020,8,Area 6,Angling from boat,EFFORT,Adult effort,Not Applicable,N/A,N/A,2788.16,270865.94,Fisher days,1.78,0.1,1570.56,93148.39,Boat trips,305.2,Yes,1,0.007782334,0.129752857,0,0.862464808,0.137535192,0.007782334,12.2226227,203.7846479,0,1354.552729
2020-2021,Central Coast,2020,8,Area 7,Angling from boat,EFFORT,Adult effort,Not Applicable,N/A,N/A,665.99,72064.26,Fisher days,1.78,0.1,375.15,23276.99,Boat trips,152.57,Yes,1,0,0.003854073,0,0.996145927,0.003854073,0,0,1.445855353,0,373.7041446
2020-2021,Central Coast,2020,8,Area 8,Angling from boat,EFFORT,Adult effort,Not Applicable,N/A,N/A,667.5,42521.63,Fisher days,1.78,0.1,376,13904.95,Boat trips,117.92,Yes,1,0.011576652,0.04877085,0.01153617,0.928116328,0.060347501,0.023112822,4.352820983,18.3378395,4.337600005,348.9717395
2020-2021,Central Coast,2020,8,Area 9,Angling from boat,EFFORT,Adult effort,Not Applicable,N/A,N/A,3952.9,554947.5,Fisher days,1.78,0.1,2226.65,190562.11,Boat trips,436.53,Yes,1,0.170050794,0.011511768,0.358161954,0.460275484,0.181562561,0.528212748,378.6435997,25.63267742,797.5013155,1024.872407
2020-2021,Central Coast,2020,12,Area 7,Angling from boat,EFFORT,Adult effort,Not Applicable,N/A,N/A,56.18,3100.19,Fisher days,1.78,0.1,31.65,986.62,Boat trips,31.41,Yes,1,0,0,0,1,0,0,0,0,0,31.65
2019-2020,Central Coast,2020,2,Area 6,Angling from boat,EFFORT,Adult effort,Not Applicable,N/A,N/A,78.91,6148.05,Fisher days,2.06,0.1,38.33,1454.1,Boat trips,38.13,Yes,1,0,0,0,1,0,0,0,0,0,38.33
2020-2021,Central Coast,2020,7,Area 5,Angling from boat,EFFORT,Adult effort,Not Applicable,N/A,N/A,46.29,510.93,Fisher days,1.78,0.1,26.08,164.1,Boat trips,12.81,Yes,1,0,0,0,1,0,0,0,0,0,26.08
2020-2021,Central Coast,2020,7,Area 6,Angling from boat,EFFORT,Adult effort,Not Applicable,N/A,N/A,2183.77,195557.68,Fisher days,1.78,0.1,1230.1,66468.9,Boat trips,257.82,Yes,1,0.018556367,0.121757769,0,0.859685864,0.140314136,0.018556367,22.82618692,149.7742312,0,1057.499582
2020-2021,Central Coast,2020,7,Area 7,Angling from boat,EFFORT,Adult effort,Not Applicable,N/A,N/A,1128.47,222356.51,Fisher days,1.78,0.1,635.66,71733.74,Boat trips,267.83,Yes,1,0.002349811,0,0,0.997650189,0.002349811,0.002349811,1.493681031,0,0,634.166319
2020-2021,Central Coast,2020,7,Area 8,Angling from boat,EFFORT,Adult effort,Not Applicable,N/A,N/A,313.66,13273.67,Fisher days,1.78,0.1,176.68,4302.9,Boat trips,65.6,Yes,1,0,0,0,1,0,0,0,0,0,176.68
2020-2021,Central Coast,2020,7,Area 9,Angling from boat,EFFORT,Adult effort,Not Applicable,N/A,N/A,1284.83,91839.25,Fisher days,1.78,0.1,723.74,30670.1,Boat trips,175.13,Yes,1,0.404678916,0,0.385797656,0.209523428,0.404678916,0.790476572,292.8823184,0,279.2171957,151.6404859
2020-2021,Central Coast,2020,6,Area 5,Angling from boat,EFFORT,Adult effort,Not Applicable,N/A,N/A,28.95,279.56,Fisher days,1.78,0.1,16.31,89.48,Boat trips,9.46,Yes,1,0,0.288692333,0.091962708,0.619344959,0.288692333,0.091962708,0,4.708571959,1.499911764,10.10151628
2020-2021,Central Coast,2020,6,Area 6,Angling from boat,EFFORT,Adult effort,Not Applicable,N/A,N/A,1292.96,32288.54,Fisher days,1.78,0.1,728.32,11794.04,Boat trips,108.6,Yes,1,0.022239669,0.020288577,0.003895438,0.953576317,0.042528246,0.026135107,16.19759589,14.7765762,2.837125057,694.5087029
2020-2021,Central Coast,2020,6,Area 7,Angling from boat,EFFORT,Adult effort,Not Applicable,N/A,N/A,240.91,6708.56,Fisher days,1.78,0.1,135.7,2182.4,Boat trips,46.72,Yes,1,0,0.03314978,0.20812974,0.758720481,0.03314978,0.20812974,0,4.498425082,28.24320565,102.9583693
2020-2021,Central Coast,2020,6,Area 8,Angling from boat,EFFORT,Adult effort,Not Applicable,N/A,N/A,146.54,3687.29,Fisher days,1.78,0.1,82.54,1189.87,Boat trips,34.49,Yes,1,0.018221381,0.025143621,0.028514521,0.928120477,0.043365003,0.046735902,1.503992824,2.075354494,2.353588545,76.60706414
2020-2021,Central Coast,2020,6,Area 9,Angling from boat,EFFORT,Adult effort,Not Applicable,N/A,N/A,564.43,6489.17,Fisher days,1.78,0.1,317.94,2354.19,Boat trips,48.52,Yes,1,0.403484291,0,0.465842854,0.130672855,0.403484291,0.869327145,128.2837955,0,148.1100769,41.54612756
2019-2020,Central Coast,2020,3,Area 6,Angling from boat,EFFORT,Adult effort,Not Applicable,N/A,N/A,97.28,4056.41,Fisher days,2.06,0.1,47.25,962.51,Boat trips,31.02,Yes,1,0,0,0,1,0,0,0,0,0,47.25
2020-2021,Central Coast,2020,5,Area 5,Angling from boat,EFFORT,Adult effort,Not Applicable,N/A,N/A,67.71,727.48,Fisher days,1.78,0.1,38.14,235.08,Boat trips,15.33,Yes,1,0,0,0,1,0,0,0,0,0,38.14
2020-2021,Central Coast,2020,5,Area 6,Angling from boat,EFFORT,Adult effort,Not Applicable,N/A,N/A,514.41,9642.46,Fisher days,1.78,0.1,289.77,3304.73,Boat trips,57.49,Yes,1,0,0,0,1,0,0,0,0,0,289.77
2020-2021,Central Coast,2020,5,Area 7,Angling from boat,EFFORT,Adult effort,Not Applicable,N/A,N/A,58.7,1090.67,Fisher days,1.78,0.1,33.07,349.26,Boat trips,18.69,Yes,1,0,0,0,1,0,0,0,0,0,33.07
2020-2021,Central Coast,2020,5,Area 8,Angling from boat,EFFORT,Adult effort,Not Applicable,N/A,N/A,198.08,9012.56,Fisher days,1.78,0.1,111.58,2896.04,Boat trips,53.81,Yes,1,0,0,0,1,0,0,0,0,0,111.58
2020-2021,Central Coast,2020,5,Area 9,Angling from boat,EFFORT,Adult effort,Not Applicable,N/A,N/A,37.53,314.5,Fisher days,1.78,0.1,21.14,101.1,Boat trips,10.05,Yes,1,0,0,0.464478347,0.535521653,0,0.464478347,0,0,9.81907225,11.32092775
2020-2021,Central Coast,2020,11,Area 5,Angling from boat,EFFORT,Adult effort,Not Applicable,N/A,N/A,2.66,4.41,Fisher days,1.78,0.1,1.5,1.4,Boat trips,1.19,Yes,1,0,1,0,0,1,0,0,1.5,0,0
2020-2021,Central Coast,2020,11,Area 6,Angling from boat,EFFORT,Adult effort,Not Applicable,N/A,N/A,70.09,4417.23,Fisher days,1.78,0.1,39.48,1406.14,Boat trips,37.5,Yes,1,0,0.037917534,0,0.962082466,0.037917534,0,0,1.496984262,0,37.98301574
2020-2021,Central Coast,2020,11,Area 7,Angling from boat,EFFORT,Adult effort,Not Applicable,N/A,N/A,2.66,4.41,Fisher days,1.78,0.1,1.5,1.4,Boat trips,1.19,Yes,1,0,1,0,0,1,0,0,1.5,0,0
2020-2021,Central Coast,2020,11,Area 9,Angling from boat,EFFORT,Adult effort,Not Applicable,N/A,N/A,3.83,10.85,Fisher days,1.78,0.1,2.16,3.46,Boat trips,1.86,Yes,1,0,0,0,1,0,0,0,0,0,2.16
2020-2021,Central Coast,2020,10,Area 6,Angling from boat,EFFORT,Adult effort,Not Applicable,N/A,N/A,29.75,119.39,Fisher days,1.78,0.1,16.76,38.7,Boat trips,6.22,Yes,1,0,0.174936995,0,0.825063005,0.174936995,0,0,2.931944042,0,13.82805596
2020-2021,Central Coast,2020,10,Area 7,Angling from boat,EFFORT,Adult effort,Not Applicable,N/A,N/A,72.45,2372.1,Fisher days,1.78,0.1,40.81,757.53,Boat trips,27.52,Yes,1,0,0.03592229,0,0.96407771,0.03592229,0,0,1.46598866,0,39.34401134
2020-2021,Central Coast,2020,10,Area 8,Angling from boat,EFFORT,Adult effort,Not Applicable,N/A,N/A,2.6,4.17,Fisher days,1.78,0.1,1.47,1.33,Boat trips,1.15,Yes,1,0,0,0,1,0,0,0,0,0,1.47
2020-2021,Central Coast,2020,9,Area 5,Angling from boat,EFFORT,Adult effort,Not Applicable,N/A,N/A,50.73,1752.36,Fisher days,1.78,0.1,28.58,558.41,Boat trips,23.63,Yes,1,0.115053824,0.053671672,0,0.831274504,0.168725496,0.115053824,3.288238299,1.533936375,0,23.75782533
2020-2021,Central Coast,2020,9,Area 6,Angling from boat,EFFORT,Adult effort,Not Applicable,N/A,N/A,725.11,38033.24,Fisher days,1.78,0.1,408.45,12555.11,Boat trips,112.05,Yes,1,0.118473098,0.042926848,0,0.838600055,0.161399945,0.118473098,48.39033673,17.53347093,0,342.5261923
2020-2021,Central Coast,2020,9,Area 7,Angling from boat,EFFORT,Adult effort,Not Applicable,N/A,N/A,56.74,1781.61,Fisher days,1.78,0.1,31.96,568.29,Boat trips,23.84,Yes,1,0,0.153217327,0,0.846782673,0.153217327,0,0,4.896825777,0,27.06317422
2020-2021,Central Coast,2020,9,Area 8,Angling from boat,EFFORT,Adult effort,Not Applicable,N/A,N/A,379.09,30562.5,Fisher days,1.78,0.1,213.54,9830.65,Boat trips,99.15,Yes,1,0,0.034873558,0,0.965126442,0.034873558,0,0,7.446899571,0,206.0931004
2020-2021,Central Coast,2020,9,Area 9,Angling from boat,EFFORT,Adult effort,Not Applicable,N/A,N/A,204.62,4687.53,Fisher days,1.78,0.1,115.26,1526.15,Boat trips,39.07,Yes,1,0.277214822,0,0.378064171,0.344721007,0.277214822,0.655278993,31.95178044,0,43.5756763,39.73254326
2021-2022,Central Coast,2021,4,Area 5,Angling from boat,EFFORT,Adult effort,Not Applicable,N/A,N/A,10.91,108.1,Fisher days,1.75,0.07,6.25,35.54,Boat trips,5.96,Yes,1,0,1,0,0,1,0,0,6.25,0,0
2021-2022,Central Coast,2021,4,Area 6,Angling from boat,EFFORT,Adult effort,Not Applicable,N/A,N/A,310.25,7151.2,Fisher days,1.75,0.07,177.73,2395.34,Boat trips,48.94,Yes,1,0,0.018190391,0,0.981809609,0.018190391,0,0,3.232978195,0,174.4970218
2021-2022,Central Coast,2021,4,Area 7,Angling from boat,EFFORT,Adult effort,Not Applicable,N/A,N/A,54.55,2702.62,Fisher days,1.75,0.07,31.25,888.48,Boat trips,29.81,Yes,1,0,0,0,1,0,0,0,0,0,31.25
2021-2022,Central Coast,2021,4,Area 8,Angling from boat,EFFORT,Adult effort,Not Applicable,N/A,N/A,10.91,108.1,Fisher days,1.75,0.07,6.25,35.54,Boat trips,5.96,Yes,1,0,0,0,1,0,0,0,0,0,6.25
2021-2022,Central Coast,2021,8,Area 5,Angling from boat,EFFORT,Adult effort,Not Applicable,N/A,N/A,201.29,10178.17,Fisher days,1.75,0.07,115.32,3360.77,Boat trips,57.97,Yes,0.94,0.013863746,0.09187286,0,0.894263394,0.105736606,0.013863746,1.598767137,10.59477823,0,103.1264546
2021-2022,Central Coast,2021,8,Area 6,Angling from boat,EFFORT,Adult effort,Not Applicable,N/A,N/A,3319.57,306324.06,Fisher days,1.75,0.07,1901.72,106069.89,Boat trips,325.68,Yes,0.97,0.174025403,0.050385154,0.048797377,0.726792067,0.224410557,0.22282278,330.9475896,95.81845448,92.79894695,1382.155009
2021-2022,Central Coast,2021,8,Area 7,Angling from boat,EFFORT,Adult effort,Not Applicable,N/A,N/A,1369.3,104072.71,Fisher days,1.75,0.07,784.45,35098.02,Boat trips,187.34,Yes,0.92,0.015351326,0.022232008,0.03335872,0.929057946,0.037583334,0.048710046,12.04234802,17.43989866,26.16824781,728.7995055
2021-2022,Central Coast,2021,8,Area 8,Angling from boat,EFFORT,Adult effort,Not Applicable,N/A,N/A,1965.68,149709.71,Fisher days,1.75,0.07,1126.11,51075.04,Boat trips,226,Yes,0.93,0.012284622,0.01620469,0.242027245,0.729483444,0.028489311,0.254311867,13.8338354,18.24826292,272.549301,821.4786007
2021-2022,Central Coast,2021,8,Area 9,Angling from boat,EFFORT,Adult effort,Not Applicable,N/A,N/A,2776.18,149118.19,Fisher days,1.75,0.07,1590.43,52811.77,Boat trips,229.81,Yes,0.94,0.285131434,0,0.545329094,0.169539472,0.285131434,0.830460528,453.4815871,0,867.3077508,269.6406622
2021-2022,Central Coast,2021,12,Area 5,Angling from boat,EFFORT,Adult effort,Not Applicable,N/A,N/A,128.35,16217.03,Fisher days,1.75,0.07,73.53,5330.61,Boat trips,73.01,Yes,1,0,0,0,1,0,0,0,0,0,73.53
2020-2021,Central Coast,2021,2,Area 6,Angling from boat,EFFORT,Adult effort,Not Applicable,N/A,N/A,2.85,5.27,Fisher days,1.78,0.1,1.61,1.68,Boat trips,1.3,Yes,1,0,0,0,1,0,0,0,0,0,1.61
2020-2021,Central Coast,2021,1,Area 6,Angling from boat,EFFORT,Adult effort,Not Applicable,N/A,N/A,54.95,2965.01,Fisher days,1.78,0.1,30.96,943.6,Boat trips,30.72,Yes,1,0,0,0,1,0,0,0,0,0,30.96
2021-2022,Central Coast,2021,7,Area 5,Angling from boat,EFFORT,Adult effort,Not Applicable,N/A,N/A,193.11,8795.42,Fisher days,1.75,0.07,110.63,2905.34,Boat trips,53.9,Yes,1,0.014299354,0.28082081,0.046441839,0.658437998,0.295120164,0.060741193,1.581937561,31.06720618,5.137860597,72.84299567
2021-2022,Central Coast,2021,7,Area 6,Angling from boat,EFFORT,Adult effort,Not Applicable,N/A,N/A,3582.05,426250.08,Fisher days,1.75,0.07,2052.09,146338.98,Boat trips,382.54,Yes,1,0.219316513,0.062427629,0.065847101,0.652408756,0.281744142,0.285163615,450.0572236,128.1071131,135.1241785,1338.801485
2021-2022,Central Coast,2021,7,Area 7,Angling from boat,EFFORT,Adult effort,Not Applicable,N/A,N/A,773.62,61828.63,Fisher days,1.75,0.07,443.19,20592.45,Boat trips,143.5,Yes,1,0.006792184,0.236216518,0.023185713,0.733805585,0.243008701,0.029977897,3.010227966,104.6887984,10.27567623,325.2152974
2021-2022,Central Coast,2021,7,Area 8,Angling from boat,EFFORT,Adult effort,Not Applicable,N/A,N/A,496.04,37374.87,Fisher days,1.75,0.07,284.17,12389.82,Boat trips,111.31,Yes,1,0.026902572,0.023665487,0.131244837,0.818187104,0.050568059,0.158147409,7.64490395,6.725021327,37.29584537,232.5042294
2021-2022,Central Coast,2021,7,Area 9,Angling from boat,EFFORT,Adult effort,Not Applicable,N/A,N/A,2250.6,203407.45,Fisher days,1.75,0.07,1289.33,69301.83,Boat trips,263.25,Yes,1,0.32461077,0,0.406665002,0.268724228,0.32461077,0.731275772,418.5304038,0,524.3253868,346.4742094
2021-2022,Central Coast,2021,6,Area 5,Angling from boat,EFFORT,Adult effort,Not Applicable,N/A,N/A,135.69,2960.96,Fisher days,1.75,0.07,77.73,981.02,Boat trips,31.32,Yes,1,0.10103773,0.580840902,0,0.318121367,0.681878633,0.10103773,7.853662775,45.14876334,0,24.72757388
2021-2022,Central Coast,2021,6,Area 6,Angling from boat,EFFORT,Adult effort,Not Applicable,N/A,N/A,2217.42,90016.48,Fisher days,1.75,0.07,1270.32,32013.13,Boat trips,178.92,Yes,1,0.055670779,0.123502582,0.01817148,0.802655159,0.179173361,0.073842259,70.71970451,156.8878,23.08359392,1019.628902
2021-2022,Central Coast,2021,6,Area 7,Angling from boat,EFFORT,Adult effort,Not Applicable,N/A,N/A,315.86,9440.03,Fisher days,1.75,0.07,180.95,3148.29,Boat trips,56.11,Yes,1,0.01436035,0.099163036,0,0.886476614,0.113523386,0.01436035,2.598505319,17.94355143,0,160.4079432
2021-2022,Central Coast,2021,6,Area 8,Angling from boat,EFFORT,Adult effort,Not Applicable,N/A,N/A,245.29,6784.56,Fisher days,1.75,0.07,140.52,2256.88,Boat trips,47.51,Yes,1,0,0.167986828,0,0.832013172,0.167986828,0,0,23.60550903,0,116.914491
2021-2022,Central Coast,2021,6,Area 9,Angling from boat,EFFORT,Adult effort,Not Applicable,N/A,N/A,824.28,12327.06,Fisher days,1.75,0.07,472.22,4387.02,Boat trips,66.23,Yes,1,0.533869614,0.020726803,0.305527745,0.139875837,0.554596417,0.839397359,252.103909,9.787611073,144.2763119,66.05216795
2020-2021,Central Coast,2021,3,Area 6,Angling from boat,EFFORT,Adult effort,Not Applicable,N/A,N/A,126.23,12199.95,Fisher days,1.78,0.1,71.11,3885.82,Boat trips,62.34,Yes,1,0,0.07528316,0,0.92471684,0.07528316,0,0,5.35338549,0,65.75661451
2020-2021,Central Coast,2021,3,Area 8,Angling from boat,EFFORT,Adult effort,Not Applicable,N/A,N/A,70.88,4473.62,Fisher days,1.78,0.1,39.92,1424.14,Boat trips,37.74,Yes,1,0,0,0,1,0,0,0,0,0,39.92
2021-2022,Central Coast,2021,5,Area 5,Angling from boat,EFFORT,Adult effort,Not Applicable,N/A,N/A,46.92,725.23,Fisher days,1.75,0.07,26.88,239.12,Boat trips,15.46,Yes,1,0,0,0,1,0,0,0,0,0,26.88
2021-2022,Central Coast,2021,5,Area 6,Angling from boat,EFFORT,Adult effort,Not Applicable,N/A,N/A,815.88,19071.68,Fisher days,1.75,0.07,467.4,6593.64,Boat trips,81.2,Yes,1,0.003168247,0,0,0.996831753,0.003168247,0.003168247,1.480838797,0,0,465.9191612
2021-2022,Central Coast,2021,5,Area 7,Angling from boat,EFFORT,Adult effort,Not Applicable,N/A,N/A,96.46,1340.24,Fisher days,1.75,0.07,55.26,444.53,Boat trips,21.08,Yes,1,0,0.184588321,0,0.815411679,0.184588321,0,0,10.20035061,0,45.05964939
2021-2022,Central Coast,2021,5,Area 8,Angling from boat,EFFORT,Adult effort,Not Applicable,N/A,N/A,118.46,1420.69,Fisher days,1.75,0.07,67.87,473.31,Boat trips,21.76,Yes,1,0,0,0,1,0,0,0,0,0,67.87
2021-2022,Central Coast,2021,5,Area 9,Angling from boat,EFFORT,Adult effort,Not Applicable,N/A,N/A,30.1,332.4,Fisher days,1.75,0.07,17.25,109.55,Boat trips,10.47,Yes,1,0,0,1,0,0,1,0,0,17.25,0
2021-2022,Central Coast,2021,11,Area 6,Angling from boat,EFFORT,Adult effort,Not Applicable,N/A,N/A,113.43,12081.53,Fisher days,1.75,0.07,64.98,3971.55,Boat trips,63.02,Yes,1,0,0.022241212,0,0.977758788,0.022241212,0,0,1.445233954,0,63.53476605
2021-2022,Central Coast,2021,11,Area 9,Angling from boat,EFFORT,Adult effort,Not Applicable,N/A,N/A,4.12,12.85,Fisher days,1.75,0.07,2.36,4.23,Boat trips,2.06,Yes,1,0,0,1,0,0,1,0,0,2.36,0
2021-2022,Central Coast,2021,10,Area 6,Angling from boat,EFFORT,Adult effort,Not Applicable,N/A,N/A,77.32,1336.65,Fisher days,1.75,0.07,44.29,441.68,Boat trips,21.02,Yes,0.82,0.095966591,0.321966338,0,0.582067071,0.417932929,0.095966591,4.250360307,14.2598891,0,25.77975059
2021-2022,Central Coast,2021,10,Area 7,Angling from boat,EFFORT,Adult effort,Not Applicable,N/A,N/A,35.44,1008.61,Fisher days,1.75,0.07,20.3,331.65,Boat trips,18.21,Yes,0,0,0,0,1,0,0,0,0,0,20.3
2021-2022,Central Coast,2021,10,Area 9,Angling from boat,EFFORT,Adult effort,Not Applicable,N/A,N/A,7.43,18.31,Fisher days,1.75,0.07,4.26,6.04,Boat trips,2.46,Yes,1,0,1,0,0,1,0,0,4.26,0,0
2021-2022,Central Coast,2021,9,Area 5,Angling from boat,EFFORT,Adult effort,Not Applicable,N/A,N/A,25.99,63.56,Fisher days,1.75,0.07,14.89,21.2,Boat trips,4.6,Yes,0.68,0,0.693153988,0,0.306846012,0.693153988,0,0,10.32106288,0,4.568937123
2021-2022,Central Coast,2021,9,Area 6,Angling from boat,EFFORT,Adult effort,Not Applicable,N/A,N/A,669.9,32201.41,Fisher days,1.75,0.07,383.77,10793.76,Boat trips,103.89,Yes,0.96,0.094950996,0.073306021,0,0.831742983,0.168257017,0.094950996,36.43934355,28.13265186,0,319.1980046
2021-2022,Central Coast,2021,9,Area 7,Angling from boat,EFFORT,Adult effort,Not Applicable,N/A,N/A,143.71,2282.75,Fisher days,1.75,0.07,82.33,759.56,Boat trips,27.56,Yes,0.86,0.016826915,0.073029194,0.019328418,0.890815473,0.089856109,0.036155333,1.385359904,6.012493559,1.591308643,73.34083789
2021-2022,Central Coast,2021,9,Area 8,Angling from boat,EFFORT,Adult effort,Not Applicable,N/A,N/A,912.18,165105.78,Fisher days,1.75,0.07,522.57,54604.73,Boat trips,233.68,Yes,0.88,0.035398589,0.005696316,0.027786314,0.931118781,0.041094905,0.063184903,18.49824047,2.976724094,14.52029422,486.5747412
2021-2022,Central Coast,2021,9,Area 9,Angling from boat,EFFORT,Adult effort,Not Applicable,N/A,N/A,532.98,51876.94,Fisher days,1.75,0.07,305.33,17168.41,Boat trips,131.03,Yes,0.94,0.551579606,0.004537269,0.062891217,0.380991909,0.556116875,0.614470823,168.4138011,1.38536422,19.20257527,116.3282594
2022-2023,Central Coast,2022,4,Area 5,Angling from boat,EFFORT,Adult effort,Not Applicable,N/A,N/A,59.75,1371.88,Fisher days,1.73,0.07,34.53,460.1,Boat trips,21.45,Yes,0.96,0.039054532,0,0,0.960945468,0.039054532,0.039054532,1.348553003,0,0,33.181447
2022-2023,Central Coast,2022,4,Area 6,Angling from boat,EFFORT,Adult effort,Not Applicable,N/A,N/A,97.82,2217.86,Fisher days,1.73,0.07,56.53,745.88,Boat trips,27.31,Yes,0.95,0.068837037,0.060141997,0,0.871020965,0.128979035,0.068837037,3.891357724,3.399827099,0,49.23881518
2022-2023,Central Coast,2022,4,Area 7,Angling from boat,EFFORT,Adult effort,Not Applicable,N/A,N/A,55.38,1518.6,Fisher days,1.73,0.07,32,508.83,Boat trips,22.56,Yes,1,0,0,0,1,0,0,0,0,0,32
2022-2023,Central Coast,2022,4,Area 9,Angling from boat,EFFORT,Adult effort,Not Applicable,N/A,N/A,11.27,78.06,Fisher days,1.73,0.07,6.51,26.14,Boat trips,5.11,Yes,1,0.180796655,0,0,0.819203345,0.180796655,0.180796655,1.176986226,0,0,5.333013774
2022-2023,Central Coast,2022,8,Area 5,Angling from boat,EFFORT,Adult effort,Not Applicable,N/A,N/A,171.05,2471.06,Fisher days,1.73,0.07,98.85,841.08,Boat trips,29,Yes,0.81,0.011213436,0.239087455,0.099421208,0.650277901,0.25030089,0.110634644,1.108448122,23.6337949,9.827786439,64.27997054
2022-2023,Central Coast,2022,8,Area 6,Angling from boat,EFFORT,Adult effort,Not Applicable,N/A,N/A,4711.87,341529.83,Fisher days,1.73,0.07,2723.01,126059.38,Boat trips,355.05,Yes,0.79,0.176966782,0.033825901,0.091705488,0.697501828,0.210792684,0.268672271,481.882318,92.10826779,249.7149614,1899.304453
2022-2023,Central Coast,2022,8,Area 7,Angling from boat,EFFORT,Adult effort,Not Applicable,N/A,N/A,5237.77,247951.91,Fisher days,1.73,0.07,3026.93,97634.44,Boat trips,312.47,Yes,0.63,0.359333838,0.03233395,0.103657588,0.504674624,0.391667788,0.462991426,1087.678375,97.87260234,313.7642634,1527.614759
2022-2023,Central Coast,2022,8,Area 8,Angling from boat,EFFORT,Adult effort,Not Applicable,N/A,N/A,4161.87,345630.15,Fisher days,1.73,0.07,2405.16,124791.41,Boat trips,353.26,Yes,0.42,0.021523118,0.049377436,0.678321897,0.250777549,0.070900554,0.699845015,51.76654203,118.7606335,1631.472694,603.1601304
2022-2023,Central Coast,2022,8,Area 9,Angling from boat,EFFORT,Adult effort,Not Applicable,N/A,N/A,4603.93,231017.83,Fisher days,1.73,0.07,2660.63,88607.95,Boat trips,297.67,Yes,0.58,0.266264748,0.002248557,0.529943948,0.201542747,0.268513305,0.796208696,708.4319752,5.982578384,1409.984767,536.2306795
2022-2023,Central Coast,2022,12,Area 6,Angling from boat,EFFORT,Adult effort,Not Applicable,N/A,N/A,1.81,1.47,Fisher days,1.73,0.07,1.05,0.49,Boat trips,0.7,Yes,1,0,0,0,1,0,0,0,0,0,1.05
2021-2022,Central Coast,2022,2,Area 5,Angling from boat,EFFORT,Adult effort,Not Applicable,N/A,N/A,2.88,5.4,Fisher days,1.75,0.07,1.65,1.78,Boat trips,1.33,Yes,1,0,0,0,1,0,0,0,0,0,1.65
2022-2023,Central Coast,2022,7,Area 5,Angling from boat,EFFORT,Adult effort,Not Applicable,N/A,N/A,145.23,1110.07,Fisher days,1.73,0.07,83.93,382.13,Boat trips,19.55,Yes,0.59,0.158901256,0.200555123,0.212466137,0.428077485,0.359456379,0.371367392,13.33658239,16.83259147,17.83228284,35.9285433
2022-2023,Central Coast,2022,7,Area 6,Angling from boat,EFFORT,Adult effort,Not Applicable,N/A,N/A,4033.35,201029.21,Fisher days,1.73,0.07,2330.89,75929.37,Boat trips,275.55,Yes,0.87,0.344941144,0.08388573,0.038686117,0.532487009,0.428826874,0.383627261,804.0198632,195.5284098,90.17308341,1241.168644
2022-2023,Central Coast,2022,7,Area 7,Angling from boat,EFFORT,Adult effort,Not Applicable,N/A,N/A,3474.54,147735.29,Fisher days,1.73,0.07,2007.95,55863.44,Boat trips,236.35,Yes,0.61,0.478114995,0.017632302,0.0943565,0.409896204,0.495747296,0.572471494,960.0310035,35.40478047,189.4631336,823.0510824
2022-2023,Central Coast,2022,7,Area 8,Angling from boat,EFFORT,Adult effort,Not Applicable,N/A,N/A,2896.21,119354.73,Fisher days,1.73,0.07,1673.74,44394.1,Boat trips,210.7,Yes,0.53,0.041837663,0.005758283,0.618757632,0.333646422,0.047595946,0.660595295,70.02536955,9.637869101,1035.6394,558.4373616
2022-2023,Central Coast,2022,7,Area 9,Angling from boat,EFFORT,Adult effort,Not Applicable,N/A,N/A,3134.91,106563.94,Fisher days,1.73,0.07,1811.68,40900.24,Boat trips,202.24,Yes,0.63,0.420264023,0.00204572,0.476730104,0.100960153,0.422309743,0.896994127,761.3839252,3.706190326,863.6823952,182.9074893
2022-2023,Central Coast,2022,6,Area 5,Angling from boat,EFFORT,Adult effort,Not Applicable,N/A,N/A,17.71,35.85,Fisher days,1.73,0.07,10.23,12.14,Boat trips,3.48,Yes,0.63,0,0.410863808,0,0.589136192,0.410863808,0,0,4.203136754,0,6.026863246
2022-2023,Central Coast,2022,6,Area 6,Angling from boat,EFFORT,Adult effort,Not Applicable,N/A,N/A,2840.12,54406,Fisher days,1.73,0.07,1641.32,22529.07,Boat trips,150.1,Yes,0.82,0.347575424,0.061701614,0.063616548,0.527106414,0.409277038,0.411191973,570.4824954,101.2720925,104.415113,865.1502991
2022-2023,Central Coast,2022,6,Area 7,Angling from boat,EFFORT,Adult effort,Not Applicable,N/A,N/A,1524.94,29292.06,Fisher days,1.73,0.07,881.27,11039.41,Boat trips,105.07,Yes,0.79,0.429807949,0.021026365,0.080308421,0.468857265,0.450834314,0.51011637,378.7768511,18.52990437,70.77340213,413.1898424
2022-2023,Central Coast,2022,6,Area 8,Angling from boat,EFFORT,Adult effort,Not Applicable,N/A,N/A,781.35,13514.04,Fisher days,1.73,0.07,451.55,4843.24,Boat trips,69.59,Yes,0.71,0.179402102,0.026588444,0.507810152,0.286199301,0.205990547,0.687212255,81.00901932,12.00601205,229.3016742,129.2332944
2022-2023,Central Coast,2022,6,Area 9,Angling from boat,EFFORT,Adult effort,Not Applicable,N/A,N/A,1010.49,14416.95,Fisher days,1.73,0.07,583.97,5366.66,Boat trips,73.26,Yes,0.83,0.489325376,0.001916563,0.407313264,0.101444796,0.491241939,0.896638641,285.7513399,1.119215297,237.858727,59.24071776
2021-2022,Central Coast,2022,3,Area 5,Angling from boat,EFFORT,Adult effort,Not Applicable,N/A,N/A,63.35,3949.5,Fisher days,1.75,0.07,36.29,1298.22,Boat trips,36.03,Yes,1,0,0,0,1,0,0,0,0,0,36.29
2021-2022,Central Coast,2022,3,Area 6,Angling from boat,EFFORT,Adult effort,Not Applicable,N/A,N/A,7.14,9.84,Fisher days,1.75,0.07,4.09,3.25,Boat trips,1.8,Yes,1,0,0,0,1,0,0,0,0,0,4.09
2021-2022,Central Coast,2022,3,Area 8,Angling from boat,EFFORT,Adult effort,Not Applicable,N/A,N/A,65.05,3950.69,Fisher days,1.75,0.07,37.26,1298.72,Boat trips,36.04,Yes,0.97,0,0,0,1,0,0,0,0,0,37.26
2022-2023,Central Coast,2022,5,Area 5,Angling from boat,EFFORT,Adult effort,Not Applicable,N/A,N/A,55.45,1363.58,Fisher days,1.73,0.07,32.05,457.06,Boat trips,21.38,Yes,1,0,0.10083319,0,0.89916681,0.10083319,0,0,3.231703728,0,28.81829627
2022-2023,Central Coast,2022,5,Area 6,Angling from boat,EFFORT,Adult effort,Not Applicable,N/A,N/A,645.69,21315.33,Fisher days,1.73,0.07,373.15,7344.05,Boat trips,85.7,Yes,0.99,0.003467712,0.063573172,0,0.932959116,0.067040884,0.003467712,1.293976609,23.72232912,0,348.1336943
2022-2023,Central Coast,2022,5,Area 7,Angling from boat,EFFORT,Adult effort,Not Applicable,N/A,N/A,174.53,2055.38,Fisher days,1.73,0.07,100.86,702.9,Boat trips,26.51,Yes,0.87,0,0.302992029,0,0.697007971,0.302992029,0,0,30.559776,0,70.300224
2022-2023,Central Coast,2022,5,Area 8,Angling from boat,EFFORT,Adult effort,Not Applicable,N/A,N/A,178.89,7831.57,Fisher days,1.73,0.07,103.38,2632.83,Boat trips,51.31,Yes,0.96,0,0.115468879,0,0.884531121,0.115468879,0,0,11.93717274,0,91.44282726
2022-2023,Central Coast,2022,5,Area 9,Angling from boat,EFFORT,Adult effort,Not Applicable,N/A,N/A,14.97,32.09,Fisher days,1.73,0.07,8.65,10.84,Boat trips,3.29,Yes,0.45,0,0.318802445,0,0.681197555,0.318802445,0,0,2.757641149,0,5.892358851
2022-2023,Central Coast,2022,11,Area 6,Angling from boat,EFFORT,Adult effort,Not Applicable,N/A,N/A,53.77,2523.11,Fisher days,1.73,0.07,31.07,844.22,Boat trips,29.06,Yes,1,0,0,0,1,0,0,0,0,0,31.07
2022-2023,Central Coast,2022,11,Area 7,Angling from boat,EFFORT,Adult effort,Not Applicable,N/A,N/A,103.37,10271.09,Fisher days,1.73,0.07,59.74,3436.04,Boat trips,58.62,Yes,1,0,0,0,1,0,0,0,0,0,59.74
2022-2023,Central Coast,2022,10,Area 6,Angling from boat,EFFORT,Adult effort,Not Applicable,N/A,N/A,98.8,2579.49,Fisher days,1.73,0.07,57.1,866.76,Boat trips,29.44,Yes,0.95,0.15904774,0.041035886,0,0.799916374,0.200083626,0.15904774,9.081625968,2.343149086,0,45.67522495
2022-2023,Central Coast,2022,10,Area 7,Angling from boat,EFFORT,Adult effort,Not Applicable,N/A,N/A,29.4,658.38,Fisher days,1.73,0.07,16.99,220.35,Boat trips,14.84,Yes,1,0,0,0,1,0,0,0,0,0,16.99
2022-2023,Central Coast,2022,10,Area 8,Angling from boat,EFFORT,Adult effort,Not Applicable,N/A,N/A,26.76,188.2,Fisher days,1.73,0.07,15.47,63.24,Boat trips,7.95,Yes,0.74,0,0.081274377,0,0.918725623,0.081274377,0,0,1.257314606,0,14.21268539
2022-2023,Central Coast,2022,10,Area 9,Angling from boat,EFFORT,Adult effort,Not Applicable,N/A,N/A,4.35,5.09,Fisher days,1.73,0.07,2.51,1.71,Boat trips,1.31,Yes,0,0,1,0,0,1,0,0,2.51,0,0
2022-2023,Central Coast,2022,9,Area 5,Angling from boat,EFFORT,Adult effort,Not Applicable,N/A,N/A,1.93,1.79,Fisher days,1.73,0.07,1.12,0.6,Boat trips,0.78,Yes,1,1,0,0,0,1,1,1.12,0,0,0
2022-2023,Central Coast,2022,9,Area 6,Angling from boat,EFFORT,Adult effort,Not Applicable,N/A,N/A,698.49,42194.77,Fisher days,1.73,0.07,403.66,14355.59,Boat trips,119.81,Yes,0.98,0.03252365,0.028320291,0,0.939156058,0.060843942,0.03252365,13.12849668,11.43176877,0,379.0997346
2022-2023,Central Coast,2022,9,Area 7,Angling from boat,EFFORT,Adult effort,Not Applicable,N/A,N/A,256.12,2036.08,Fisher days,1.73,0.07,148.01,715.45,Boat trips,26.75,Yes,0.53,0.491712368,0,0.175711436,0.332576196,0.491712368,0.667423804,72.77834759,0,26.00704961,49.2246028
2022-2023,Central Coast,2022,9,Area 8,Angling from boat,EFFORT,Adult effort,Not Applicable,N/A,N/A,457.17,30717,Fisher days,1.73,0.07,264.2,10371.61,Boat trips,101.84,Yes,0.99,0.054902356,0.021646534,0.098383732,0.825067378,0.07654889,0.153286088,14.50520242,5.719014249,25.99298211,217.9828012
2022-2023,Central Coast,2022,9,Area 9,Angling from boat,EFFORT,Adult effort,Not Applicable,N/A,N/A,604.55,40047.29,Fisher days,1.73,0.07,349.37,13572.23,Boat trips,116.5,Yes,0.77,0.264542062,0,0.250939399,0.48451854,0.264542062,0.51548146,92.42306008,0,87.67069776,169.2762422
2023-2024,Central Coast,2023,4,Area 5,Angling from boat,EFFORT,Adult effort,Not Applicable,N/A,N/A,2.34,3.12,Fisher days,1.86,0.08,1.26,0.9,Boat trips,0.95,Yes,0,0,1,0,0,1,0,0,1.26,0,0
2023-2024,Central Coast,2023,4,Area 6,Angling from boat,EFFORT,Adult effort,Not Applicable,N/A,N/A,308.88,8733.42,Fisher days,1.86,0.08,166,2573.77,Boat trips,50.73,Yes,1,0,0,0,1,0,0,0,0,0,166
2023-2024,Central Coast,2023,4,Area 7,Angling from boat,EFFORT,Adult effort,Not Applicable,N/A,N/A,41.45,509.05,Fisher days,1.86,0.08,22.28,147.96,Boat trips,12.16,Yes,0.93,0,0,0,1,0,0,0,0,0,22.28
2023-2024,Central Coast,2023,4,Area 8,Angling from boat,EFFORT,Adult effort,Not Applicable,N/A,N/A,48.43,1429.82,Fisher days,1.86,0.08,26.03,414.26,Boat trips,20.35,Yes,1,0,0,0,1,0,0,0,0,0,26.03
2023-2024,Central Coast,2023,8,Area 5,Angling from boat,EFFORT,Adult effort,Not Applicable,N/A,N/A,86.78,3640.58,Fisher days,1.86,0.08,46.64,1055.6,Boat trips,32.49,Yes,0.15,0.029740728,0.025264812,0.02641433,0.91858013,0.05500554,0.056155058,1.387107559,1.178350825,1.231964358,42.84257726
2023-2024,Central Coast,2023,8,Area 6,Angling from boat,EFFORT,Adult effort,Not Applicable,N/A,N/A,4894.45,363917.05,Fisher days,1.86,0.08,2630.49,117961.54,Boat trips,343.46,Yes,0.83,0.164530569,0.038593715,0.085294839,0.711580878,0.203124284,0.249825408,432.7960167,101.5203804,224.3672203,1871.806383
2023-2024,Central Coast,2023,8,Area 7,Angling from boat,EFFORT,Adult effort,Not Applicable,N/A,N/A,4532.17,249416.39,Fisher days,1.86,0.08,2435.79,83057.28,Boat trips,288.2,Yes,0.67,0.428555387,0.027796317,0.187381135,0.356267161,0.456351704,0.615936523,1043.870927,67.70599028,456.4210954,867.7919872
2023-2024,Central Coast,2023,8,Area 8,Angling from boat,EFFORT,Adult effort,Not Applicable,N/A,N/A,3857.35,186015.04,Fisher days,1.86,0.08,2073.11,61708.25,Boat trips,248.41,Yes,0.73,0.028274792,0.026426033,0.535262032,0.410037143,0.054700825,0.563536824,58.61675404,54.7840732,1109.657072,850.0521012
2023-2024,Central Coast,2023,8,Area 9,Angling from boat,EFFORT,Adult effort,Not Applicable,N/A,N/A,5755.88,322432.53,Fisher days,1.86,0.08,3093.46,110898.51,Boat trips,333.01,Yes,0.55,0.276202167,0.007096071,0.340973108,0.375728653,0.283298238,0.617175276,854.4203566,21.95141104,1054.786672,1162.30156
2023-2024,Central Coast,2023,12,Area 6,Angling from boat,EFFORT,Adult effort,Not Applicable,N/A,N/A,86.65,4046.05,Fisher days,1.86,0.08,46.57,1172.71,Boat trips,34.24,Yes,1,0,0,0,1,0,0,0,0,0,46.57
2022-2023,Central Coast,2023,2,Area 9,Angling from boat,EFFORT,Adult effort,Not Applicable,N/A,N/A,1,NA,Fisher days,1.73,0.07,0.58,NA,Boat trips,NA,Yes,0,0,0,0,1,0,0,0,0,0,0.58
2023-2024,Central Coast,2023,7,Area 5,Angling from boat,EFFORT,Adult effort,Not Applicable,N/A,N/A,99.9,1351.91,Fisher days,1.86,0.08,53.69,395.85,Boat trips,19.9,Yes,0.72,0.156536329,0.243622767,0.278851659,0.320989245,0.400159096,0.435387988,8.40443548,13.08010638,14.97154557,17.23391257
2023-2024,Central Coast,2023,7,Area 6,Angling from boat,EFFORT,Adult effort,Not Applicable,N/A,N/A,4368.92,345179.57,Fisher days,1.86,0.08,2348.05,109938.86,Boat trips,331.57,Yes,0.77,0.277760854,0.04045144,0.055517246,0.62627046,0.318212294,0.3332781,652.1963721,94.98200443,130.3572704,1470.514353
2023-2024,Central Coast,2023,7,Area 7,Angling from boat,EFFORT,Adult effort,Not Applicable,N/A,N/A,3528.06,190811.38,Fisher days,1.86,0.08,1896.13,61789.57,Boat trips,248.58,Yes,0.59,0.452064786,0.016019271,0.09371906,0.438196884,0.468084056,0.545783845,857.1736018,30.37461946,177.7035205,830.8782582
2023-2024,Central Coast,2023,7,Area 8,Angling from boat,EFFORT,Adult effort,Not Applicable,N/A,N/A,1615.38,56406.45,Fisher days,1.86,0.08,868.17,17692.02,Boat trips,133.01,Yes,0.73,0.061022704,0.005501704,0.482813066,0.450662526,0.066524407,0.54383577,52.97808055,4.776414297,419.1638196,391.2516855
2023-2024,Central Coast,2023,7,Area 9,Angling from boat,EFFORT,Adult effort,Not Applicable,N/A,N/A,3466.04,134716.33,Fisher days,1.86,0.08,1862.8,45354.17,Boat trips,212.97,Yes,0.59,0.448267177,0.002098622,0.409001694,0.140632508,0.450365798,0.857268871,835.0320969,3.909312377,761.8883553,261.9702354
2023-2024,Central Coast,2023,6,Area 5,Angling from boat,EFFORT,Adult effort,Not Applicable,N/A,N/A,96.45,885.32,Fisher days,1.86,0.08,51.84,260.71,Boat trips,16.15,Yes,0.64,0.24272386,0,0,0.75727614,0.24272386,0.24272386,12.58280489,0,0,39.25719511
2023-2024,Central Coast,2023,6,Area 6,Angling from boat,EFFORT,Adult effort,Not Applicable,N/A,N/A,3090.88,109936.51,Fisher days,1.86,0.08,1661.17,36877.55,Boat trips,192.04,Yes,0.84,0.271688938,0.046551114,0.046399792,0.635360156,0.318240052,0.31808873,451.3215133,77.32931468,77.07794222,1055.44123
2023-2024,Central Coast,2023,6,Area 7,Angling from boat,EFFORT,Adult effort,Not Applicable,N/A,N/A,1200.95,29407.3,Fisher days,1.86,0.08,645.44,9267.56,Boat trips,96.27,Yes,0.73,0.305175007,0.046050267,0.070377921,0.578396805,0.351225274,0.375552928,196.9721567,29.72268442,45.42472508,373.3204338
2023-2024,Central Coast,2023,6,Area 8,Angling from boat,EFFORT,Adult effort,Not Applicable,N/A,N/A,352.06,6077.66,Fisher days,1.86,0.08,189.21,1821.97,Boat trips,42.68,Yes,0.7,0.081282146,0.039356318,0.13728659,0.742074945,0.120638464,0.218568737,15.37939487,7.446608968,25.97599578,140.4080004
2023-2024,Central Coast,2023,6,Area 9,Angling from boat,EFFORT,Adult effort,Not Applicable,N/A,N/A,1463.89,75057.97,Fisher days,1.86,0.08,786.76,22829.3,Boat trips,151.09,Yes,0.83,0.390720161,0,0.474263846,0.135015993,0.390720161,0.864984007,307.4029939,0,373.1318236,106.2251825
2022-2023,Central Coast,2023,3,Area 6,Angling from boat,EFFORT,Adult effort,Not Applicable,N/A,N/A,108.97,5018.08,Fisher days,1.73,0.07,62.97,1682.32,Boat trips,41.02,Yes,1,0,0.018571007,0,0.981428993,0.018571007,0,0,1.169416304,0,61.8005837
2022-2023,Central Coast,2023,3,Area 9,Angling from boat,EFFORT,Adult effort,Not Applicable,N/A,N/A,6.72,15.36,Fisher days,1.73,0.07,3.88,5.15,Boat trips,2.27,Yes,1,0.280899859,0.719100141,0,0,1,0.280899859,1.089891454,2.790108546,0,0
2023-2024,Central Coast,2023,5,Area 5,Angling from boat,EFFORT,Adult effort,Not Applicable,N/A,N/A,17.1,51.56,Fisher days,1.86,0.08,9.19,15.05,Boat trips,3.88,Yes,1,0,0.125994257,0.138099478,0.735906265,0.125994257,0.138099478,0,1.157887218,1.269134202,6.762978579
2023-2024,Central Coast,2023,5,Area 6,Angling from boat,EFFORT,Adult effort,Not Applicable,N/A,N/A,650.13,12630.18,Fisher days,1.86,0.08,349.41,3874.82,Boat trips,62.25,Yes,0.99,0.003313752,0.099597552,0.043285834,0.853802861,0.102911305,0.046599587,1.15785818,34.80038074,15.1245034,298.3272577
2023-2024,Central Coast,2023,5,Area 7,Angling from boat,EFFORT,Adult effort,Not Applicable,N/A,N/A,150.15,2974.12,Fisher days,1.86,0.08,80.7,871.15,Boat trips,29.52,Yes,0.98,0,0.0787781,0,0.9212219,0.0787781,0,0,6.357392682,0,74.34260732
2023-2024,Central Coast,2023,5,Area 8,Angling from boat,EFFORT,Adult effort,Not Applicable,N/A,N/A,115.29,1833.67,Fisher days,1.86,0.08,61.96,536.78,Boat trips,23.17,Yes,0.93,0,0,0,1,0,0,0,0,0,61.96
2023-2024,Central Coast,2023,5,Area 9,Angling from boat,EFFORT,Adult effort,Not Applicable,N/A,N/A,64.59,521.65,Fisher days,1.86,0.08,34.71,152.91,Boat trips,12.37,Yes,0.89,0,0.124676415,0.392179391,0.483144194,0.124676415,0.392179391,0,4.327518377,13.61254665,16.76993497
2023-2024,Central Coast,2023,11,Area 5,Angling from boat,EFFORT,Adult effort,Not Applicable,N/A,N/A,4.29,4.9,Fisher days,1.86,0.08,2.31,1.43,Boat trips,1.19,Yes,1,0,1,0,0,1,0,0,2.31,0,0
2023-2024,Central Coast,2023,10,Area 5,Angling from boat,EFFORT,Adult effort,Not Applicable,N/A,N/A,40.29,1368.94,Fisher days,1.86,0.08,21.65,396.28,Boat trips,19.91,Yes,1,0,0,0,1,0,0,0,0,0,21.65
2023-2024,Central Coast,2023,10,Area 6,Angling from boat,EFFORT,Adult effort,Not Applicable,N/A,N/A,298.38,34875.74,Fisher days,1.86,0.08,160.36,10121.45,Boat trips,100.61,Yes,1,0,0,0,1,0,0,0,0,0,160.36
2023-2024,Central Coast,2023,10,Area 7,Angling from boat,EFFORT,Adult effort,Not Applicable,N/A,N/A,9.89,44.04,Fisher days,1.86,0.08,5.32,12.77,Boat trips,3.57,Yes,0.75,0.247998336,0,0,0.752001664,0.247998336,0.247998336,1.319351149,0,0,4.000648851
2023-2024,Central Coast,2023,10,Area 9,Angling from boat,EFFORT,Adult effort,Not Applicable,N/A,N/A,4.12,4.38,Fisher days,1.86,0.08,2.22,1.27,Boat trips,1.13,Yes,1,0,1,0,0,1,0,0,2.22,0,0
2023-2024,Central Coast,2023,9,Area 5,Angling from boat,EFFORT,Adult effort,Not Applicable,N/A,N/A,104.99,9742.8,Fisher days,1.86,0.08,56.42,2820.08,Boat trips,53.1,Yes,1,0,0,0,1,0,0,0,0,0,56.42
2023-2024,Central Coast,2023,9,Area 6,Angling from boat,EFFORT,Adult effort,Not Applicable,N/A,N/A,428.8,12743.45,Fisher days,1.86,0.08,230.45,3779.49,Boat trips,61.48,Yes,0.9,0.021150794,0.117722413,0,0.861126794,0.138873206,0.021150794,4.874200423,27.12912997,0,198.4466696
2023-2024,Central Coast,2023,9,Area 7,Angling from boat,EFFORT,Adult effort,Not Applicable,N/A,N/A,336.53,4808.07,Fisher days,1.86,0.08,180.87,1449.52,Boat trips,38.07,Yes,0.69,0.558281256,0.043354673,0.19308802,0.205276051,0.601635929,0.751369276,100.9763307,7.841559738,34.92383025,37.12827932
2023-2024,Central Coast,2023,9,Area 8,Angling from boat,EFFORT,Adult effort,Not Applicable,N/A,N/A,537.68,20609.26,Fisher days,1.86,0.08,288.97,6107.92,Boat trips,78.15,Yes,0.87,0.05035876,0.03007349,0.372847157,0.546720593,0.08043225,0.423205917,14.55217092,8.690336313,107.7416429,157.9858499
2023-2024,Central Coast,2023,9,Area 9,Angling from boat,EFFORT,Adult effort,Not Applicable,N/A,N/A,361.04,26102.29,Fisher days,1.86,0.08,194.04,7609.43,Boat trips,87.23,Yes,0.74,0.14829173,0,0.488125423,0.363582846,0.14829173,0.636417154,28.77452736,0,94.71585716,70.54961548
2024-2025,Central Coast,2024,4,Area 5,Angling from boat,EFFORT,Adult effort,Not Applicable,N/A,N/A,10.69,103.65,Fisher days,1.74,0.06,6.14,34.21,Boat trips,5.85,Yes,1,0,0,0,1,0,0,0,0,0,6.14
2024-2025,Central Coast,2024,4,Area 6,Angling from boat,EFFORT,Adult effort,Not Applicable,N/A,N/A,247.1,5166.54,Fisher days,1.74,0.06,141.87,1724.72,Boat trips,41.53,Yes,1,0,0.061898071,0,0.938101929,0.061898071,0,0,8.781479292,0,133.0885207
2024-2025,Central Coast,2024,4,Area 7,Angling from boat,EFFORT,Adult effort,Not Applicable,N/A,N/A,21.39,414.61,Fisher days,1.74,0.06,12.28,136.84,Boat trips,11.7,Yes,1,0,0,0,1,0,0,0,0,0,12.28
2024-2025,Central Coast,2024,4,Area 8,Angling from boat,EFFORT,Adult effort,Not Applicable,N/A,N/A,42.77,828.93,Fisher days,1.74,0.06,24.56,273.91,Boat trips,16.55,Yes,1,0,0,0,1,0,0,0,0,0,24.56
2024-2025,Central Coast,2024,8,Area 5,Angling from boat,EFFORT,Adult effort,Not Applicable,N/A,N/A,226.62,5766.68,Fisher days,1.74,0.06,130.11,1919.14,Boat trips,43.81,Yes,0.44,0.066559504,0.031601404,0.032899858,0.868939234,0.098160907,0.099459362,8.660057029,4.111658632,4.280600541,113.0576838
2024-2025,Central Coast,2024,8,Area 6,Angling from boat,EFFORT,Adult effort,Not Applicable,N/A,N/A,5871.18,500277.11,Fisher days,1.74,0.06,3370.99,177075.75,Boat trips,420.8,Yes,0.86,0.1496108,0.027585958,0.083902991,0.738900252,0.177196757,0.233513791,504.3365092,92.99198737,282.8361445,2490.825359
2024-2025,Central Coast,2024,8,Area 7,Angling from boat,EFFORT,Adult effort,Not Applicable,N/A,N/A,4570.09,232723.84,Fisher days,1.74,0.06,2623.96,84084.22,Boat trips,289.97,Yes,0.5,0.477850845,0.010459211,0.128266585,0.383423359,0.488310056,0.60611743,1253.861502,27.44455128,336.5663884,1006.087558
2024-2025,Central Coast,2024,8,Area 8,Angling from boat,EFFORT,Adult effort,Not Applicable,N/A,N/A,2361.79,97474.51,Fisher days,1.74,0.06,1356.04,34100.24,Boat trips,184.66,Yes,0.62,0.038815844,0.017968893,0.643616703,0.299598561,0.056784736,0.682432547,52.63583688,24.36653707,872.7699941,406.267632
2024-2025,Central Coast,2024,8,Area 9,Angling from boat,EFFORT,Adult effort,Not Applicable,N/A,N/A,5515.23,355672.76,Fisher days,1.74,0.06,3166.61,127976.58,Boat trips,357.74,Yes,0.6,0.291403064,0.004881898,0.474330213,0.229384826,0.296284962,0.765733276,922.7598557,15.45906638,1502.018795,726.372283
2024-2025,Central Coast,2024,12,Area 8,Angling from boat,EFFORT,Adult effort,Not Applicable,N/A,N/A,7.84,45.79,Fisher days,1.74,0.06,4.5,15.12,Boat trips,3.89,Yes,1,0,0,0,1,0,0,0,0,0,4.5
2023-2024,Central Coast,2024,2,Area 5,Angling from boat,EFFORT,Adult effort,Not Applicable,N/A,N/A,55.53,3027.75,Fisher days,1.86,0.08,29.84,876.21,Boat trips,29.6,Yes,1,0,0,0,1,0,0,0,0,0,29.84
2023-2024,Central Coast,2024,2,Area 6,Angling from boat,EFFORT,Adult effort,Not Applicable,N/A,N/A,5.41,4.53,Fisher days,1.86,0.08,2.91,1.32,Boat trips,1.15,Yes,0.4,0,0.601159477,0,0.398840523,0.601159477,0,0,1.749374079,0,1.160625921
2024-2025,Central Coast,2024,7,Area 5,Angling from boat,EFFORT,Adult effort,Not Applicable,N/A,N/A,180.99,4032.61,Fisher days,1.74,0.06,103.92,1340.93,Boat trips,36.62,Yes,0.83,0.027947153,0.130191437,0.04401273,0.79784868,0.15813859,0.071959883,2.904268165,13.52949413,4.573802908,82.9124348
2024-2025,Central Coast,2024,7,Area 6,Angling from boat,EFFORT,Adult effort,Not Applicable,N/A,N/A,3568.81,228399.13,Fisher days,1.74,0.06,2049.06,79784.81,Boat trips,282.46,Yes,0.79,0.292480645,0.047714042,0.055901037,0.603904276,0.340194686,0.348381682,599.3103897,97.76893428,114.5445799,1237.436096
2024-2025,Central Coast,2024,7,Area 7,Angling from boat,EFFORT,Adult effort,Not Applicable,N/A,N/A,4050.42,256265.14,Fisher days,1.74,0.06,2325.58,90265.04,Boat trips,300.44,Yes,0.57,0.533907109,0.02361477,0.066134578,0.376343544,0.557521878,0.600041686,1241.643694,54.91803582,153.8012509,875.2170196
2024-2025,Central Coast,2024,7,Area 8,Angling from boat,EFFORT,Adult effort,Not Applicable,N/A,N/A,2645.6,185966.69,Fisher days,1.74,0.06,1519,63773.51,Boat trips,252.53,Yes,0.74,0.035160653,0.001106452,0.390791519,0.572941376,0.036267105,0.425952172,53.40903183,1.680700842,593.6123178,870.2979496
2024-2025,Central Coast,2024,7,Area 9,Angling from boat,EFFORT,Adult effort,Not Applicable,N/A,N/A,2479.78,104691.38,Fisher days,1.74,0.06,1423.78,36680.77,Boat trips,191.52,Yes,0.56,0.409587632,0.000957747,0.379251228,0.210203393,0.410545379,0.788838859,583.1626782,1.363621475,539.970313,299.2833873
2024-2025,Central Coast,2024,6,Area 5,Angling from boat,EFFORT,Adult effort,Not Applicable,N/A,N/A,117.29,2288.47,Fisher days,1.74,0.06,67.34,759.26,Boat trips,27.55,Yes,0.87,0.159041912,0.038548585,0,0.802409503,0.197590497,0.159041912,10.70988234,2.59586171,0,54.03425595
2024-2025,Central Coast,2024,6,Area 6,Angling from boat,EFFORT,Adult effort,Not Applicable,N/A,N/A,2413.83,79912.63,Fisher days,1.74,0.06,1385.92,28398.45,Boat trips,168.52,Yes,0.8,0.342531333,0.066839721,0.069501889,0.521127057,0.409371054,0.412033222,474.7210246,92.63450599,96.32405825,722.2404112
2024-2025,Central Coast,2024,6,Area 7,Angling from boat,EFFORT,Adult effort,Not Applicable,N/A,N/A,1424.84,42689.98,Fisher days,1.74,0.06,818.08,14788.98,Boat trips,121.61,Yes,0.78,0.35052337,0.054862724,0.03616996,0.558443946,0.405386094,0.38669333,286.7561584,44.88209742,29.58992089,456.8518233
2024-2025,Central Coast,2024,6,Area 8,Angling from boat,EFFORT,Adult effort,Not Applicable,N/A,N/A,362.04,5332.25,Fisher days,1.74,0.06,207.87,1804.04,Boat trips,42.47,Yes,0.8,0.013103119,0.085766767,0.092319111,0.808811003,0.098869886,0.10542223,2.723745351,17.82833791,19.19037351,168.1275432
2024-2025,Central Coast,2024,6,Area 9,Angling from boat,EFFORT,Adult effort,Not Applicable,N/A,N/A,1270.75,30036.9,Fisher days,1.74,0.06,729.61,10471.33,Boat trips,102.33,Yes,0.81,0.514360953,0.008992117,0.323009961,0.15363697,0.523353069,0.837370914,375.2828948,6.560738182,235.6712975,112.0950695
2023-2024,Central Coast,2024,3,Area 5,Angling from boat,EFFORT,Adult effort,Not Applicable,N/A,N/A,64.55,3778.52,Fisher days,1.86,0.08,34.69,1093.64,Boat trips,33.07,Yes,1,0,0.0323893,0,0.9676107,0.0323893,0,0,1.123584806,0,33.56641519
2023-2024,Central Coast,2024,3,Area 6,Angling from boat,EFFORT,Adult effort,Not Applicable,N/A,N/A,520.71,107125.66,Fisher days,1.86,0.08,279.85,31088.18,Boat trips,176.32,Yes,1,0,0,0,1,0,0,0,0,0,279.85
2023-2024,Central Coast,2024,3,Area 8,Angling from boat,EFFORT,Adult effort,Not Applicable,N/A,N/A,4.33,5.04,Fisher days,1.86,0.08,2.32,1.47,Boat trips,1.21,Yes,1,0,0,0,1,0,0,0,0,0,2.32
2024-2025,Central Coast,2024,5,Area 5,Angling from boat,EFFORT,Adult effort,Not Applicable,N/A,N/A,68.35,1144.9,Fisher days,1.74,0.06,39.24,379.07,Boat trips,19.47,Yes,0.96,0,0,0,1,0,0,0,0,0,39.24
2024-2025,Central Coast,2024,5,Area 6,Angling from boat,EFFORT,Adult effort,Not Applicable,N/A,N/A,594.03,14212.92,Fisher days,1.74,0.06,341.07,4809.83,Boat trips,69.35,Yes,0.99,0,0.082047183,0.016048912,0.901903905,0.082047183,0.016048912,0,27.9838328,5.473802456,307.6123647
2024-2025,Central Coast,2024,5,Area 7,Angling from boat,EFFORT,Adult effort,Not Applicable,N/A,N/A,230.68,3857.81,Fisher days,1.74,0.06,132.45,1290.52,Boat trips,35.92,Yes,0.99,0.011808776,0,0,0.988191224,0.011808776,0.011808776,1.564072317,0,0,130.8859277
2024-2025,Central Coast,2024,5,Area 8,Angling from boat,EFFORT,Adult effort,Not Applicable,N/A,N/A,163.15,2427.52,Fisher days,1.74,0.06,93.68,809.64,Boat trips,28.45,Yes,0.96,0.012735364,0.049961675,0,0.937302961,0.062697039,0.012735364,1.193048884,4.680409707,0,87.80654141
2024-2025,Central Coast,2024,5,Area 9,Angling from boat,EFFORT,Adult effort,Not Applicable,N/A,N/A,68.06,1591.64,Fisher days,1.74,0.06,39.08,526.33,Boat trips,22.94,Yes,1,0.551826624,0.183942208,0.088077056,0.176154112,0.735768832,0.63990368,21.56538447,7.188461489,3.442051348,6.884102697
2024-2025,Central Coast,2024,11,Area 6,Angling from boat,EFFORT,Adult effort,Not Applicable,N/A,N/A,51.43,2593.55,Fisher days,1.74,0.06,29.53,855.92,Boat trips,29.26,Yes,1,0,0,0,1,0,0,0,0,0,29.53
2024-2025,Central Coast,2024,10,Area 6,Angling from boat,EFFORT,Adult effort,Not Applicable,N/A,N/A,9.98,15.11,Fisher days,1.74,0.06,5.73,5.02,Boat trips,2.24,Yes,0.71,0.286731937,0.475512042,0.237756021,0,0.762243979,0.524487958,1.642973998,2.724684001,1.362342001,0
2024-2025,Central Coast,2024,10,Area 7,Angling from boat,EFFORT,Adult effort,Not Applicable,N/A,N/A,42.91,1798.53,Fisher days,1.74,0.06,24.64,593.55,Boat trips,24.36,Yes,1,1,0,0,0,1,1,24.64,0,0,0
2024-2025,Central Coast,2024,10,Area 8,Angling from boat,EFFORT,Adult effort,Not Applicable,N/A,N/A,6.93,14.89,Fisher days,1.74,0.06,3.98,4.92,Boat trips,2.22,Yes,0.34,0.342685346,0,0,0.657314654,0.342685346,0.342685346,1.363887679,0,0,2.616112321
2024-2025,Central Coast,2024,10,Area 9,Angling from boat,EFFORT,Adult effort,Not Applicable,N/A,N/A,2.86,5.33,Fisher days,1.74,0.06,1.64,1.76,Boat trips,1.33,Yes,0,0,0,0,1,0,0,0,0,0,1.64
2024-2025,Central Coast,2024,9,Area 5,Angling from boat,EFFORT,Adult effort,Not Applicable,N/A,N/A,17.79,72.47,Fisher days,1.74,0.06,10.22,24,Boat trips,4.9,Yes,0.85,0,0,0,1,0,0,0,0,0,10.22
2024-2025,Central Coast,2024,9,Area 6,Angling from boat,EFFORT,Adult effort,Not Applicable,N/A,N/A,780.45,30496.46,Fisher days,1.74,0.06,448.1,10268.18,Boat trips,101.33,Yes,0.96,0,0.123397582,0,0.876602418,0.123397582,0,0,55.29445649,0,392.8055435
2024-2025,Central Coast,2024,9,Area 7,Angling from boat,EFFORT,Adult effort,Not Applicable,N/A,N/A,172.95,1191.94,Fisher days,1.74,0.06,99.3,403.48,Boat trips,20.09,Yes,0.18,0.649372496,0.077074325,0.015451536,0.258101643,0.726446821,0.664824032,64.48268885,7.653480506,1.534337508,25.62949314
2024-2025,Central Coast,2024,9,Area 8,Angling from boat,EFFORT,Adult effort,Not Applicable,N/A,N/A,422.79,12599.36,Fisher days,1.74,0.06,242.75,4216.51,Boat trips,64.93,Yes,0.55,0.013720141,0.020580211,0.713948511,0.251751137,0.034300352,0.727668652,3.330564196,4.995846294,173.311001,61.11258849
2024-2025,Central Coast,2024,9,Area 9,Angling from boat,EFFORT,Adult effort,Not Applicable,N/A,N/A,204.89,2324.59,Fisher days,1.74,0.06,117.64,781.12,Boat trips,27.95,Yes,0.59,0.273596085,0.079289908,0.42507893,0.222035076,0.352885994,0.698675015,32.1858435,9.32766481,50.00628531,26.12020639
2025-2026,Central Coast,2025,4,Area 5,Angling from boat,EFFORT,Adult effort,Not Applicable,N/A,N/A,33.97,350.38,Fisher days,1.87,0.08,18.17,100.78,Boat trips,10.04,Yes,1,0,0,0,1,0,0,0,0,0,18.17
2025-2026,Central Coast,2025,4,Area 6,Angling from boat,EFFORT,Adult effort,Not Applicable,N/A,N/A,468.72,23906.31,Fisher days,1.87,0.08,250.68,6944.2,Boat trips,83.33,Yes,1,0,0,0,1,0,0,0,0,0,250.68
2025-2026,Central Coast,2025,4,Area 7,Angling from boat,EFFORT,Adult effort,Not Applicable,N/A,N/A,113.22,6309.24,Fisher days,1.87,0.08,60.55,1810.89,Boat trips,42.55,Yes,1,0,0,0,1,0,0,0,0,0,60.55
2025-2026,Central Coast,2025,4,Area 8,Angling from boat,EFFORT,Adult effort,Not Applicable,N/A,N/A,45.29,1168.48,Fisher days,1.87,0.08,24.22,335.22,Boat trips,18.31,Yes,1,0,0,0,1,0,0,0,0,0,24.22
2025-2026,Central Coast,2025,4,Area 9,Angling from boat,EFFORT,Adult effort,Not Applicable,N/A,N/A,2.99,5.97,Fisher days,1.87,0.08,1.6,1.71,Boat trips,1.31,Yes,0,0,0,0,1,0,0,0,0,0,1.6
2025-2026,Central Coast,2025,8,Area 5,Angling from boat,EFFORT,Adult effort,Not Applicable,N/A,N/A,179.15,1607.52,Fisher days,1.87,0.08,95.81,475.3,Boat trips,21.8,Yes,0.37,0.243904656,0.072421153,0.040234687,0.643439504,0.316325809,0.284139343,23.36850507,6.938670699,3.854885371,61.64793886
2025-2026,Central Coast,2025,8,Area 6,Angling from boat,EFFORT,Adult effort,Not Applicable,N/A,N/A,4896.37,394615.54,Fisher days,1.87,0.08,2618.72,124444.9,Boat trips,352.77,Yes,0.88,0.19141589,0.032405392,0.075768202,0.700410516,0.223821282,0.267184092,501.2646196,84.86064899,198.4157054,1834.179026
2025-2026,Central Coast,2025,8,Area 7,Angling from boat,EFFORT,Adult effort,Not Applicable,N/A,N/A,4305.28,150068.96,Fisher days,1.87,0.08,2302.58,51870,Boat trips,227.75,Yes,0.59,0.443510917,0.014072623,0.177893551,0.364522908,0.45758354,0.621404469,1021.219368,32.40333996,409.6141334,839.3431582
2025-2026,Central Coast,2025,8,Area 8,Angling from boat,EFFORT,Adult effort,Not Applicable,N/A,N/A,3977.95,407270.1,Fisher days,1.87,0.08,2127.52,124131.74,Boat trips,352.32,Yes,0.64,0.004696035,0.005832384,0.415166087,0.574305494,0.010528419,0.419862122,9.990908475,12.40851356,883.2741527,1221.846425
2025-2026,Central Coast,2025,8,Area 9,Angling from boat,EFFORT,Adult effort,Not Applicable,N/A,N/A,4305.59,208927.37,Fisher days,1.87,0.08,2302.75,68707.23,Boat trips,262.12,Yes,0.48,0.272539559,0.000517334,0.405786375,0.321156732,0.273056893,0.678325934,627.5904696,1.191290424,934.4245757,739.5436643
2024-2025,Central Coast,2025,2,Area 8,Angling from boat,EFFORT,Adult effort,Not Applicable,N/A,N/A,1.62,1.01,Fisher days,1.74,0.06,0.93,0.33,Boat trips,0.58,Yes,0,0,1,0,0,1,0,0,0.93,0,0
2024-2025,Central Coast,2025,1,Area 6,Angling from boat,EFFORT,Adult effort,Not Applicable,N/A,N/A,35.38,1005.69,Fisher days,1.74,0.06,20.32,331.98,Boat trips,18.22,Yes,1,0,0.092859557,0,0.907140443,0.092859557,0,0,1.886906192,0,18.43309381
2024-2025,Central Coast,2025,1,Area 7,Angling from boat,EFFORT,Adult effort,Not Applicable,N/A,N/A,128.39,15970.92,Fisher days,1.74,0.06,73.72,5270.75,Boat trips,72.6,Yes,1,1,0,0,0,1,1,73.72,0,0,0
2024-2025,Central Coast,2025,1,Area 8,Angling from boat,EFFORT,Adult effort,Not Applicable,N/A,N/A,2.28,2.93,Fisher days,1.74,0.06,1.31,0.97,Boat trips,0.98,Yes,1,0,1,0,0,1,0,0,1.31,0,0
2024-2025,Central Coast,2025,1,Area 9,Angling from boat,EFFORT,Adult effort,Not Applicable,N/A,N/A,2.28,2.93,Fisher days,1.74,0.06,1.31,0.97,Boat trips,0.98,Yes,1,1,0,0,0,1,1,1.31,0,0,0
2025-2026,Central Coast,2025,7,Area 5,Angling from boat,EFFORT,Adult effort,Not Applicable,N/A,N/A,169,7028.07,Fisher days,1.87,0.08,90.38,2024.1,Boat trips,44.99,Yes,0.79,0.04027451,0.149146696,0,0.810578793,0.189421207,0.04027451,3.640010258,13.47987843,0,73.26011132
2025-2026,Central Coast,2025,7,Area 6,Angling from boat,EFFORT,Adult effort,Not Applicable,N/A,N/A,4699.24,263127.17,Fisher days,1.87,0.08,2513.29,85921.07,Boat trips,293.12,Yes,0.77,0.283742599,0.031269533,0.058055426,0.626932442,0.315012132,0.341798025,713.1274365,78.58940445,145.9101214,1575.663038
2025-2026,Central Coast,2025,7,Area 7,Angling from boat,EFFORT,Adult effort,Not Applicable,N/A,N/A,4056.72,153184.43,Fisher days,1.87,0.08,2169.65,51758.2,Boat trips,227.5,Yes,0.54,0.488081907,0.01982852,0.180833829,0.311255743,0.507910427,0.668915736,1058.96691,43.02094863,392.3461173,675.3160237
2025-2026,Central Coast,2025,7,Area 8,Angling from boat,EFFORT,Adult effort,Not Applicable,N/A,N/A,2624.33,153370.81,Fisher days,1.87,0.08,1403.57,47193.66,Boat trips,217.24,Yes,0.8,0.004296004,0.025133614,0.521124757,0.449445626,0.029429617,0.525420761,6.029741666,35.27678616,731.4350755,630.8283967
2025-2026,Central Coast,2025,7,Area 9,Angling from boat,EFFORT,Adult effort,Not Applicable,N/A,N/A,3058.43,103778.11,Fisher days,1.87,0.08,1635.73,34198.48,Boat trips,184.93,Yes,0.65,0.381217418,0.010355833,0.51165971,0.096767039,0.391573251,0.892877129,623.5687673,16.93934599,836.9371382,158.2847485
2025-2026,Central Coast,2025,6,Area 5,Angling from boat,EFFORT,Adult effort,Not Applicable,N/A,N/A,89.81,1391.81,Fisher days,1.87,0.08,48.03,402.01,Boat trips,20.05,Yes,0.82,0.095329473,0,0,0.904670527,0.095329473,0.095329473,4.578674606,0,0,43.45132539
2025-2026,Central Coast,2025,6,Area 6,Angling from boat,EFFORT,Adult effort,Not Applicable,N/A,N/A,2542.63,86204.78,Fisher days,1.87,0.08,1359.87,27777.72,Boat trips,166.67,Yes,0.82,0.311364693,0.031229039,0.137056684,0.520349584,0.342593731,0.448421377,423.4155045,42.46743282,186.3792733,707.6077894
2025-2026,Central Coast,2025,6,Area 7,Angling from boat,EFFORT,Adult effort,Not Applicable,N/A,N/A,1204.18,58050.19,Fisher days,1.87,0.08,644.03,17304.45,Boat trips,131.55,Yes,0.55,0.386607171,0.019946996,0.126681188,0.466764645,0.406554167,0.513288358,248.986616,12.84646414,81.58648541,300.6104344
2025-2026,Central Coast,2025,6,Area 8,Angling from boat,EFFORT,Adult effort,Not Applicable,N/A,N/A,501.65,12463.27,Fisher days,1.87,0.08,268.3,3686.44,Boat trips,60.72,Yes,0.84,0.050528629,0,0.308418594,0.641052777,0.050528629,0.358947223,13.55683127,0,82.74870868,171.9944601
2025-2026,Central Coast,2025,6,Area 9,Angling from boat,EFFORT,Adult effort,Not Applicable,N/A,N/A,1439.3,29936.01,Fisher days,1.87,0.08,769.78,9562.55,Boat trips,97.79,Yes,0.69,0.579355665,0,0.234520605,0.18612373,0.579355665,0.81387627,445.9764036,0,180.5292716,143.2743248
2024-2025,Central Coast,2025,3,Area 5,Angling from boat,EFFORT,Adult effort,Not Applicable,N/A,N/A,2.43,3.47,Fisher days,1.74,0.06,1.39,1.15,Boat trips,1.07,Yes,0,0,1,0,0,1,0,0,1.39,0,0
2024-2025,Central Coast,2025,3,Area 6,Angling from boat,EFFORT,Adult effort,Not Applicable,N/A,N/A,120.32,13717.4,Fisher days,1.74,0.06,69.08,4527.15,Boat trips,67.28,Yes,1,0,0,0,1,0,0,0,0,0,69.08
2024-2025,Central Coast,2025,3,Area 7,Angling from boat,EFFORT,Adult effort,Not Applicable,N/A,N/A,4.45,5.41,Fisher days,1.74,0.06,2.56,1.79,Boat trips,1.34,Yes,1,0,0,0,1,0,0,0,0,0,2.56
2025-2026,Central Coast,2025,5,Area 5,Angling from boat,EFFORT,Adult effort,Not Applicable,N/A,N/A,36.72,242.1,Fisher days,1.87,0.08,19.64,69.9,Boat trips,8.36,Yes,0.77,0.205336661,0.262977378,0,0.531685961,0.468314039,0.205336661,4.032812023,5.164875712,0,10.44231226
2025-2026,Central Coast,2025,5,Area 6,Angling from boat,EFFORT,Adult effort,Not Applicable,N/A,N/A,540.06,11241.48,Fisher days,1.87,0.08,288.84,3356.27,Boat trips,57.93,Yes,0.97,0,0.127940164,0,0.872059836,0.127940164,0,0,36.95423694,0,251.8857631
2025-2026,Central Coast,2025,5,Area 7,Angling from boat,EFFORT,Adult effort,Not Applicable,N/A,N/A,33.45,196,Fisher days,1.87,0.08,17.89,56.6,Boat trips,7.52,Yes,0.87,0,0,0,1,0,0,0,0,0,17.89
2025-2026,Central Coast,2025,5,Area 8,Angling from boat,EFFORT,Adult effort,Not Applicable,N/A,N/A,66.46,618.68,Fisher days,1.87,0.08,35.55,179.1,Boat trips,13.38,Yes,0.85,0,0,0,1,0,0,0,0,0,35.55
2025-2026,Central Coast,2025,5,Area 9,Angling from boat,EFFORT,Adult effort,Not Applicable,N/A,N/A,69.61,435.37,Fisher days,1.87,0.08,37.23,126.87,Boat trips,11.26,Yes,0.86,0.447421193,0,0.186956635,0.365622172,0.447421193,0.634377828,16.65749101,0,6.960395533,13.61211346
2025-2026,Central Coast,2025,10,Area 6,Angling from boat,EFFORT,Adult effort,Not Applicable,N/A,N/A,104.89,3261.51,Fisher days,1.87,0.08,56.1,938.23,Boat trips,30.63,Yes,1,0,0.021295603,0,0.978704397,0.021295603,0,0,1.194683323,0,54.90531668
2025-2026,Central Coast,2025,10,Area 7,Angling from boat,EFFORT,Adult effort,Not Applicable,N/A,N/A,6.24,15.36,Fisher days,1.87,0.08,3.34,4.41,Boat trips,2.1,Yes,1,0,0,0,1,0,0,0,0,0,3.34
2025-2026,Central Coast,2025,10,Area 8,Angling from boat,EFFORT,Adult effort,Not Applicable,N/A,N/A,40.39,879.39,Fisher days,1.87,0.08,21.6,252.33,Boat trips,15.88,Yes,0.79,0,0.0624424,0,0.9375576,0.0624424,0,0,1.348755833,0,20.25124417
2025-2026,Central Coast,2025,9,Area 5,Angling from boat,EFFORT,Adult effort,Not Applicable,N/A,N/A,52.48,804.55,Fisher days,1.87,0.08,28.07,231.46,Boat trips,15.21,Yes,0.85,0,0,0,1,0,0,0,0,0,28.07
2025-2026,Central Coast,2025,9,Area 6,Angling from boat,EFFORT,Adult effort,Not Applicable,N/A,N/A,469.39,18349.67,Fisher days,1.87,0.08,251.04,5355.07,Boat trips,73.18,Yes,0.92,0,0.02918245,0,0.97081755,0.02918245,0,0,7.325962208,0,243.7140378
2025-2026,Central Coast,2025,9,Area 7,Angling from boat,EFFORT,Adult effort,Not Applicable,N/A,N/A,345.56,15260.65,Fisher days,1.87,0.08,184.82,4422.79,Boat trips,66.5,Yes,0.77,0.691821592,0.022607117,0.067429598,0.218141693,0.714428709,0.75925119,127.8624667,4.178247429,12.46233825,40.31694766
2025-2026,Central Coast,2025,9,Area 8,Angling from boat,EFFORT,Adult effort,Not Applicable,N/A,N/A,101.1,3344.75,Fisher days,1.87,0.08,54.07,961.67,Boat trips,31.01,Yes,0.12,0,0,0.250685197,0.749314803,0,0.250685197,0,0,13.55454858,40.51545142
2025-2026,Central Coast,2025,9,Area 9,Angling from boat,EFFORT,Adult effort,Not Applicable,N/A,N/A,113.96,537,Fisher days,1.87,0.08,60.95,159.87,Boat trips,12.64,Yes,0.13,0.360291808,0.02237414,0.454253024,0.163081027,0.382665948,0.814544832,21.95978569,1.363703851,27.68672184,9.939788622
2012-2013,Central Coast,2012,8,Area 5,Angling from boat,EFFORT,Juvenile effort,Not Applicable,N/A,N/A,363.23,130486.03,Fisher days,2.64,0.22,137.42,18805.58,Boat trips,137.13,Yes,1,NA,NA,NA,NA,NA,NA,NA,NA,NA,NA
2013-2014,Central Coast,2013,4,Area 6,Angling from boat,EFFORT,Juvenile effort,Not Applicable,N/A,N/A,40.02,1521.2,Fisher days,2.49,0.22,16.04,246.61,Boat trips,15.7,Yes,1,NA,NA,NA,NA,NA,NA,NA,NA,NA,NA
2013-2014,Central Coast,2013,4,Area 7,Angling from boat,EFFORT,Juvenile effort,Not Applicable,N/A,N/A,80.03,6084.8,Fisher days,2.49,0.22,32.09,986.45,Boat trips,31.41,Yes,1,NA,NA,NA,NA,NA,NA,NA,NA,NA,NA
2013-2014,Central Coast,2013,8,Area 5,Angling from boat,EFFORT,Juvenile effort,Not Applicable,N/A,N/A,167.45,27703.54,Fisher days,2.49,0.22,67.14,4489.78,Boat trips,67.01,Yes,0,NA,NA,NA,NA,NA,NA,NA,NA,NA,NA
2013-2014,Central Coast,2013,8,Area 6,Angling from boat,EFFORT,Juvenile effort,Not Applicable,N/A,N/A,134.27,17490.75,Fisher days,2.49,0.22,53.84,2835.06,Boat trips,53.25,Yes,1,NA,NA,NA,NA,NA,NA,NA,NA,NA,NA
2013-2014,Central Coast,2013,8,Area 8,Angling from boat,EFFORT,Juvenile effort,Not Applicable,N/A,N/A,353.06,77023.1,Fisher days,2.49,0.22,141.56,12542.45,Boat trips,111.99,Yes,1,NA,NA,NA,NA,NA,NA,NA,NA,NA,NA
2013-2014,Central Coast,2013,8,Area 9,Angling from boat,EFFORT,Juvenile effort,Not Applicable,N/A,N/A,330.9,107178.51,Fisher days,2.49,0.22,132.68,17371.23,Boat trips,131.8,Yes,0,NA,NA,NA,NA,NA,NA,NA,NA,NA,NA
2013-2014,Central Coast,2013,7,Area 6,Angling from boat,EFFORT,Juvenile effort,Not Applicable,N/A,N/A,243.38,38911.48,Fisher days,2.49,0.22,97.59,6331.57,Boat trips,79.57,Yes,1,NA,NA,NA,NA,NA,NA,NA,NA,NA,NA
2013-2014,Central Coast,2013,7,Area 7,Angling from boat,EFFORT,Juvenile effort,Not Applicable,N/A,N/A,460.14,113225.37,Fisher days,2.49,0.22,184.5,18474.03,Boat trips,135.92,Yes,0.96,NA,NA,NA,NA,NA,NA,NA,NA,NA,NA
2013-2014,Central Coast,2013,7,Area 8,Angling from boat,EFFORT,Juvenile effort,Not Applicable,N/A,N/A,313.25,67682.96,Fisher days,2.49,0.22,125.6,11006.91,Boat trips,104.91,Yes,0.82,NA,NA,NA,NA,NA,NA,NA,NA,NA,NA
2013-2014,Central Coast,2013,7,Area 9,Angling from boat,EFFORT,Juvenile effort,Not Applicable,N/A,N/A,320.21,100931.3,Fisher days,2.49,0.22,128.39,16357.95,Boat trips,127.9,Yes,1,NA,NA,NA,NA,NA,NA,NA,NA,NA,NA
2012-2013,Central Coast,2013,3,Area 5,Angling from boat,EFFORT,Juvenile effort,Not Applicable,N/A,N/A,267.89,71496.19,Fisher days,2.64,0.22,101.34,10303.47,Boat trips,101.51,Yes,1,NA,NA,NA,NA,NA,NA,NA,NA,NA,NA
2013-2014,Central Coast,2013,5,Area 7,Angling from boat,EFFORT,Juvenile effort,Not Applicable,N/A,N/A,117.9,13546.71,Fisher days,2.49,0.22,47.27,2195.69,Boat trips,46.86,Yes,1,NA,NA,NA,NA,NA,NA,NA,NA,NA,NA
2013-2014,Central Coast,2013,5,Area 8,Angling from boat,EFFORT,Juvenile effort,Not Applicable,N/A,N/A,21.69,448.83,Fisher days,2.49,0.22,8.7,72.76,Boat trips,8.53,Yes,1,NA,NA,NA,NA,NA,NA,NA,NA,NA,NA
2013-2014,Central Coast,2013,10,Area 7,Angling from boat,EFFORT,Juvenile effort,Not Applicable,N/A,N/A,408.6,165728.16,Fisher days,2.49,0.22,163.83,26857.8,Boat trips,163.88,Yes,1,NA,NA,NA,NA,NA,NA,NA,NA,NA,NA
2013-2014,Central Coast,2013,9,Area 6,Angling from boat,EFFORT,Juvenile effort,Not Applicable,N/A,N/A,322.06,102759.36,Fisher days,2.49,0.22,129.14,16653.38,Boat trips,129.05,Yes,1,NA,NA,NA,NA,NA,NA,NA,NA,NA,NA
2014-2015,Central Coast,2014,4,Area 6,Angling from boat,EFFORT,Juvenile effort,Not Applicable,N/A,N/A,147.01,21024.95,Fisher days,3.08,0.14,47.67,2215.18,Boat trips,47.07,Yes,1,0,0,0,1,0,0,0,0,0,47.67
2014-2015,Central Coast,2014,8,Area 5,Angling from boat,EFFORT,Juvenile effort,Not Applicable,N/A,N/A,21.5,440.95,Fisher days,3.08,0.14,6.97,46.46,Boat trips,6.82,Yes,0,1,0,0,0,1,1,6.97,0,0,0
2014-2015,Central Coast,2014,8,Area 6,Angling from boat,EFFORT,Juvenile effort,Not Applicable,N/A,N/A,413.13,92587.54,Fisher days,3.08,0.14,133.95,9772.45,Boat trips,98.86,Yes,1,0,0,0,1,0,0,0,0,0,133.95
2014-2015,Central Coast,2014,8,Area 7,Angling from boat,EFFORT,Juvenile effort,Not Applicable,N/A,N/A,1075.1,294643.54,Fisher days,3.08,0.14,348.57,31240.85,Boat trips,176.75,Yes,0.54,0.049421442,0,0,0.950578558,0.049421442,0.049421442,17.22683206,0,0,331.3431679
2014-2015,Central Coast,2014,8,Area 8,Angling from boat,EFFORT,Juvenile effort,Not Applicable,N/A,N/A,401.68,138249.67,Fisher days,3.08,0.14,130.23,14570.37,Boat trips,120.71,Yes,1,0,0,0,1,0,0,0,0,0,130.23
2014-2015,Central Coast,2014,8,Area 9,Angling from boat,EFFORT,Juvenile effort,Not Applicable,N/A,N/A,1415.91,710695.42,Fisher days,3.08,0.14,459.07,75173.34,Boat trips,274.18,Yes,0.97,0.092605858,0,0.26087753,0.646516612,0.092605858,0.353483388,42.51257112,0,119.7610477,296.7963812
2014-2015,Central Coast,2014,7,Area 5,Angling from boat,EFFORT,Juvenile effort,Not Applicable,N/A,N/A,43.2,1736.64,Fisher days,3.08,0.14,14.01,182.99,Boat trips,13.53,Yes,0,0,0,0,1,0,0,0,0,0,14.01
2014-2015,Central Coast,2014,7,Area 6,Angling from boat,EFFORT,Juvenile effort,Not Applicable,N/A,N/A,623.83,95373.86,Fisher days,3.08,0.14,202.26,10115.9,Boat trips,100.58,Yes,1,0,0,0,1,0,0,0,0,0,202.26
2014-2015,Central Coast,2014,7,Area 7,Angling from boat,EFFORT,Juvenile effort,Not Applicable,N/A,N/A,1155.94,364587.89,Fisher days,3.08,0.14,374.78,38635.24,Boat trips,196.56,Yes,0.89,0.221970796,0,0,0.778029204,0.221970796,0.221970796,83.19021496,0,0,291.589785
2014-2015,Central Coast,2014,7,Area 8,Angling from boat,EFFORT,Juvenile effort,Not Applicable,N/A,N/A,225.47,21634.8,Fisher days,3.08,0.14,73.1,2286.05,Boat trips,47.81,Yes,0.57,0.127735882,0,0.303253309,0.569010808,0.127735882,0.430989192,9.337493002,0,22.16781692,41.59469008
2014-2015,Central Coast,2014,7,Area 9,Angling from boat,EFFORT,Juvenile effort,Not Applicable,N/A,N/A,58.94,2043.08,Fisher days,3.08,0.14,19.11,215.58,Boat trips,14.68,Yes,0.76,0,0,0.755680495,0.244319505,0,0.755680495,0,0,14.44105426,4.66894574
2014-2015,Central Coast,2014,6,Area 6,Angling from boat,EFFORT,Juvenile effort,Not Applicable,N/A,N/A,250.25,61626.24,Fisher days,3.08,0.14,81.14,6492.74,Boat trips,80.58,Yes,1,0,0,0,1,0,0,0,0,0,81.14
2015-2016,Central Coast,2015,4,Area 6,Angling from boat,EFFORT,Juvenile effort,Not Applicable,N/A,N/A,158.68,13451.02,Fisher days,1.98,0.11,80.31,3467.1,Boat trips,58.88,Yes,1,0,0,0,1,0,0,0,0,0,80.31
2015-2016,Central Coast,2015,8,Area 6,Angling from boat,EFFORT,Juvenile effort,Not Applicable,N/A,N/A,829.58,482519.63,Fisher days,1.98,0.11,419.88,124191.56,Boat trips,352.41,Yes,1,0,0,0,1,0,0,0,0,0,419.88
2015-2016,Central Coast,2015,8,Area 8,Angling from boat,EFFORT,Juvenile effort,Not Applicable,N/A,N/A,76,5548.69,Fisher days,1.98,0.11,38.47,1426.33,Boat trips,37.77,Yes,1,1,0,0,0,1,1,38.47,0,0,0
2015-2016,Central Coast,2015,8,Area 9,Angling from boat,EFFORT,Juvenile effort,Not Applicable,N/A,N/A,281.07,28268.37,Fisher days,1.98,0.11,142.26,7308.41,Boat trips,85.49,Yes,0.63,0,0,1,0,0,1,0,0,142.26,0
2015-2016,Central Coast,2015,7,Area 6,Angling from boat,EFFORT,Juvenile effort,Not Applicable,N/A,N/A,1300.15,696682.44,Fisher days,1.98,0.11,658.05,179901.32,Boat trips,424.15,Yes,0.88,0.054257502,0.035913402,0.061056055,0.848773042,0.090170903,0.115313556,35.70414891,23.63281412,40.17793689,558.5351001
2015-2016,Central Coast,2015,7,Area 7,Angling from boat,EFFORT,Juvenile effort,Not Applicable,N/A,N/A,67.91,4543.72,Fisher days,1.98,0.11,34.37,1167.89,Boat trips,34.17,Yes,1,0,0,1,0,0,1,0,0,34.37,0
2015-2016,Central Coast,2015,7,Area 8,Angling from boat,EFFORT,Juvenile effort,Not Applicable,N/A,N/A,267.44,25229.56,Fisher days,1.98,0.11,135.36,6523.62,Boat trips,80.77,Yes,0,0.114588213,0,0.885411787,0,0.114588213,1,15.51066053,0,119.8493395,0
2015-2016,Central Coast,2015,7,Area 9,Angling from boat,EFFORT,Juvenile effort,Not Applicable,N/A,N/A,503.22,125867.79,Fisher days,1.98,0.11,254.7,32458.26,Boat trips,180.16,Yes,1,0.230102635,0,0.769897365,0,0.230102635,1,58.60714106,0,196.0928589,0
2015-2016,Central Coast,2015,6,Area 6,Angling from boat,EFFORT,Juvenile effort,Not Applicable,N/A,N/A,313.65,97122.22,Fisher days,1.98,0.11,158.75,24963.55,Boat trips,158,Yes,1,0,0,0,1,0,0,0,0,0,158.75
2015-2016,Central Coast,2015,6,Area 7,Angling from boat,EFFORT,Juvenile effort,Not Applicable,N/A,N/A,232.05,18778.7,Fisher days,1.98,0.11,117.45,4856.14,Boat trips,69.69,Yes,0.23,0.517434926,0,0.482565074,0,0.517434926,1,60.77273208,0,56.67726792,0
2015-2016,Central Coast,2015,6,Area 9,Angling from boat,EFFORT,Juvenile effort,Not Applicable,N/A,N/A,784.13,607013.86,Fisher days,1.98,0.11,396.88,156022.21,Boat trips,395,Yes,1,0.4,0,0.6,0,0.4,1,158.752,0,238.128,0
2014-2015,Central Coast,2015,3,Area 6,Angling from boat,EFFORT,Juvenile effort,Not Applicable,N/A,N/A,27.34,720.02,Fisher days,3.08,0.14,8.86,75.86,Boat trips,8.71,Yes,1,0,0,0,1,0,0,0,0,0,8.86
2015-2016,Central Coast,2015,10,Area 9,Angling from boat,EFFORT,Juvenile effort,Not Applicable,N/A,N/A,56.02,2969.88,Fisher days,1.98,0.11,28.35,763.46,Boat trips,27.63,Yes,1,0,0,0,1,0,0,0,0,0,28.35
2015-2016,Central Coast,2015,9,Area 5,Angling from boat,EFFORT,Juvenile effort,Not Applicable,N/A,N/A,92.21,8410.43,Fisher days,1.98,0.11,46.67,2161.74,Boat trips,46.49,Yes,1,0,0,0,1,0,0,0,0,0,46.67
2015-2016,Central Coast,2015,9,Area 6,Angling from boat,EFFORT,Juvenile effort,Not Applicable,N/A,N/A,467.2,144045.51,Fisher days,1.98,0.11,236.47,37085.46,Boat trips,192.58,Yes,1,0,0,0,1,0,0,0,0,0,236.47
2015-2016,Central Coast,2015,9,Area 7,Angling from boat,EFFORT,Juvenile effort,Not Applicable,N/A,N/A,92.21,8410.43,Fisher days,1.98,0.11,46.67,2161.74,Boat trips,46.49,Yes,1,0,0,0,1,0,0,0,0,0,46.67
2016-2017,Central Coast,2016,4,Area 6,Angling from boat,EFFORT,Juvenile effort,Not Applicable,N/A,N/A,67.44,4413.5,Fisher days,2.09,0.1,32.21,1009.46,Boat trips,31.77,Yes,1,0,0,0,1,0,0,0,0,0,32.21
2016-2017,Central Coast,2016,4,Area 7,Angling from boat,EFFORT,Juvenile effort,Not Applicable,N/A,N/A,46.68,2085.45,Fisher days,2.09,0.1,22.3,477,Boat trips,21.84,Yes,1,0,0,0,1,0,0,0,0,0,22.3
2016-2017,Central Coast,2016,8,Area 5,Angling from boat,EFFORT,Juvenile effort,Not Applicable,N/A,N/A,64.12,3855.4,Fisher days,2.09,0.1,30.63,881.88,Boat trips,29.7,Yes,1,0,0,0,1,0,0,0,0,0,30.63
2016-2017,Central Coast,2016,8,Area 6,Angling from boat,EFFORT,Juvenile effort,Not Applicable,N/A,N/A,770.62,242488.35,Fisher days,2.09,0.1,368.09,55651.36,Boat trips,235.91,Yes,0.97,0.028153625,0.062408492,0,0.909437883,0.090562117,0.028153625,10.36306776,22.97194179,0,334.7549904
2016-2017,Central Coast,2016,8,Area 7,Angling from boat,EFFORT,Juvenile effort,Not Applicable,N/A,N/A,381.59,68967.22,Fisher days,2.09,0.1,182.27,15815.23,Boat trips,125.76,Yes,0.21,0.19760153,0.084021426,0.041945337,0.676431708,0.281622955,0.239546866,36.01683082,15.31458524,7.645376489,123.2932074
2016-2017,Central Coast,2016,8,Area 8,Angling from boat,EFFORT,Juvenile effort,Not Applicable,N/A,N/A,19.02,342.91,Fisher days,2.09,0.1,9.09,78.44,Boat trips,8.86,Yes,0,0,0,1,0,0,1,0,0,9.09,0
2016-2017,Central Coast,2016,8,Area 9,Angling from boat,EFFORT,Juvenile effort,Not Applicable,N/A,N/A,4416.73,15457406.81,Fisher days,2.09,0.1,2109.66,3537388.07,Boat trips,1880.79,Yes,0.96,0,0.005844185,0.994155815,0,0.005844185,0.994155815,0,12.32924306,2097.330757,0
2016-2017,Central Coast,2016,7,Area 5,Angling from boat,EFFORT,Juvenile effort,Not Applicable,N/A,N/A,52.82,1562.24,Fisher days,2.09,0.1,25.23,357.97,Boat trips,18.92,Yes,1,0,0,0,1,0,0,0,0,0,25.23
2016-2017,Central Coast,2016,7,Area 6,Angling from boat,EFFORT,Juvenile effort,Not Applicable,N/A,N/A,465.48,71628.75,Fisher days,2.09,0.1,222.34,16461.6,Boat trips,128.3,Yes,0.67,0.157396829,0.171261211,0,0.67134196,0.32865804,0.157396829,34.99561094,38.07821763,0,149.2661714
2016-2017,Central Coast,2016,7,Area 7,Angling from boat,EFFORT,Juvenile effort,Not Applicable,N/A,N/A,674.33,232285.43,Fisher days,2.09,0.1,322.1,53246.91,Boat trips,230.75,Yes,0.79,0.14297021,0,0.157225156,0.699804634,0.14297021,0.300195366,46.05070464,0,50.64222273,225.4070726
2016-2017,Central Coast,2016,7,Area 8,Angling from boat,EFFORT,Juvenile effort,Not Applicable,N/A,N/A,541.95,109477.11,Fisher days,2.09,0.1,258.86,25139.22,Boat trips,158.55,Yes,0.78,0.154287447,0,0.066807847,0.778904706,0.154287447,0.221095294,39.93884855,0,17.29387938,201.6272721
2016-2017,Central Coast,2016,7,Area 9,Angling from boat,EFFORT,Juvenile effort,Not Applicable,N/A,N/A,702.5,373002.45,Fisher days,2.09,0.1,335.55,85373.2,Boat trips,292.19,Yes,0.94,0.105423642,0,0.022861468,0.871714889,0.105423642,0.128285111,35.37490324,0,7.671165723,292.503931
2016-2017,Central Coast,2016,6,Area 6,Angling from boat,EFFORT,Juvenile effort,Not Applicable,N/A,N/A,219.71,34184.99,Fisher days,2.09,0.1,104.95,7825.97,Boat trips,88.46,Yes,1,0.164686116,0,0,0.835313884,0.164686116,0.164686116,17.28380792,0,0,87.66619208
2016-2017,Central Coast,2016,6,Area 7,Angling from boat,EFFORT,Juvenile effort,Not Applicable,N/A,N/A,150.95,10838.1,Fisher days,2.09,0.1,72.1,2485.29,Boat trips,49.85,Yes,1,0.540143564,0,0,0.459856436,0.540143564,0.540143564,38.94435099,0,0,33.15564901
2016-2017,Central Coast,2016,5,Area 6,Angling from boat,EFFORT,Juvenile effort,Not Applicable,N/A,N/A,80.41,2071.98,Fisher days,2.09,0.1,38.41,476.29,Boat trips,21.82,Yes,1,0,0,0,1,0,0,0,0,0,38.41
2016-2017,Central Coast,2016,5,Area 7,Angling from boat,EFFORT,Juvenile effort,Not Applicable,N/A,N/A,35.68,1237.14,Fisher days,2.09,0.1,17.04,282.96,Boat trips,16.82,Yes,1,1,0,0,0,1,1,17.04,0,0,0
2016-2017,Central Coast,2016,9,Area 6,Angling from boat,EFFORT,Juvenile effort,Not Applicable,N/A,N/A,37.03,1297.48,Fisher days,2.09,0.1,17.69,296.78,Boat trips,17.23,Yes,0,0,0,0,1,0,0,0,0,0,17.69
2016-2017,Central Coast,2016,9,Area 7,Angling from boat,EFFORT,Juvenile effort,Not Applicable,N/A,N/A,58.73,3390.62,Fisher days,2.09,0.1,28.05,775.48,Boat trips,27.85,Yes,0,0,0,0,1,0,0,0,0,0,28.05
2017-2018,Central Coast,2017,8,Area 6,Angling from boat,EFFORT,Juvenile effort,Not Applicable,N/A,N/A,1656.9,775540.87,Fisher days,2.09,0.11,793.11,179353.08,Boat trips,423.5,Yes,1,0.110183157,0,0,0.889816843,0.110183157,0.110183157,87.38736401,0,0,705.722636
2017-2018,Central Coast,2017,8,Area 7,Angling from boat,EFFORT,Juvenile effort,Not Applicable,N/A,N/A,326.4,42621.6,Fisher days,2.09,0.11,156.24,9829.99,Boat trips,99.15,Yes,1,0,0,0.107350842,0.892649158,0,0.107350842,0,0,16.77249559,139.4675044
2017-2018,Central Coast,2017,8,Area 8,Angling from boat,EFFORT,Juvenile effort,Not Applicable,N/A,N/A,534.04,58759.18,Fisher days,2.09,0.11,255.63,13635.35,Boat trips,116.77,Yes,0.44,0.03727517,0,0.447901236,0.514823594,0.03727517,0.485176406,9.528651683,0,114.496993,131.6043554
2017-2018,Central Coast,2017,8,Area 9,Angling from boat,EFFORT,Juvenile effort,Not Applicable,N/A,N/A,294.64,27159.21,Fisher days,2.09,0.11,141.03,6275.26,Boat trips,79.22,Yes,0.59,0.25404986,0,0.74595014,0,0.25404986,1,35.82865178,0,105.2013482,0
2017-2018,Central Coast,2017,7,Area 6,Angling from boat,EFFORT,Juvenile effort,Not Applicable,N/A,N/A,559.06,67323.43,Fisher days,2.09,0.11,267.6,15614.15,Boat trips,124.96,Yes,0.88,0.116225493,0.04477206,0,0.839002447,0.160997553,0.116225493,31.10194195,11.98100327,0,224.5170548
2017-2018,Central Coast,2017,7,Area 7,Angling from boat,EFFORT,Juvenile effort,Not Applicable,N/A,N/A,55.4,2958.36,Fisher days,2.09,0.11,26.52,679.69,Boat trips,26.07,Yes,0,0,1,0,0,1,0,0,26.52,0,0
2017-2018,Central Coast,2017,7,Area 8,Angling from boat,EFFORT,Juvenile effort,Not Applicable,N/A,N/A,40.64,788.57,Fisher days,2.09,0.11,19.45,181.68,Boat trips,13.48,Yes,0,0,0,1,0,0,1,0,0,19.45,0
2017-2018,Central Coast,2017,7,Area 9,Angling from boat,EFFORT,Juvenile effort,Not Applicable,N/A,N/A,113.14,8843.21,Fisher days,2.09,0.11,54.16,2033.93,Boat trips,45.1,Yes,0.16,0.161365343,0,0.838634657,0,0.161365343,1,8.739546959,0,45.42045304,0
2017-2018,Central Coast,2017,6,Area 6,Angling from boat,EFFORT,Juvenile effort,Not Applicable,N/A,N/A,501.89,173115.1,Fisher days,2.09,0.11,240.24,39817.1,Boat trips,199.54,Yes,1,0,0,0,1,0,0,0,0,0,240.24
2017-2018,Central Coast,2017,6,Area 7,Angling from boat,EFFORT,Juvenile effort,Not Applicable,N/A,N/A,71.57,2722.33,Fisher days,2.09,0.11,34.26,626.85,Boat trips,25.04,Yes,0.65,0,0,0.349301397,0.650698603,0,0.349301397,0,0,11.96706587,22.29293413
2017-2018,Central Coast,2017,9,Area 5,Angling from boat,EFFORT,Juvenile effort,Not Applicable,N/A,N/A,24.07,555.39,Fisher days,2.09,0.11,11.52,127.6,Boat trips,11.3,Yes,1,0,0,0,1,0,0,0,0,0,11.52
2018-2019,Central Coast,2018,4,Area 6,Angling from boat,EFFORT,Juvenile effort,Not Applicable,N/A,N/A,121.57,14171.07,Fisher days,1.9,0.09,64.04,3941.99,Boat trips,62.79,Yes,1,0,0,0,1,0,0,0,0,0,64.04
2018-2019,Central Coast,2018,8,Area 5,Angling from boat,EFFORT,Juvenile effort,Not Applicable,N/A,N/A,51.81,2632.27,Fisher days,1.9,0.09,27.29,732.19,Boat trips,27.06,Yes,1,0,0,0,1,0,0,0,0,0,27.29
2018-2019,Central Coast,2018,8,Area 6,Angling from boat,EFFORT,Juvenile effort,Not Applicable,N/A,N/A,422.62,25232.7,Fisher days,1.9,0.09,222.64,7114.35,Boat trips,84.35,Yes,1,0.082053099,0,0.123079648,0.794867253,0.082053099,0.205132747,18.26830189,0,27.40245284,176.9692453
2018-2019,Central Coast,2018,8,Area 8,Angling from boat,EFFORT,Juvenile effort,Not Applicable,N/A,N/A,1124.88,716436.07,Fisher days,1.9,0.09,592.59,199616.79,Boat trips,446.78,Yes,0.74,0,0,0,1,0,0,0,0,0,592.59
2018-2019,Central Coast,2018,8,Area 9,Angling from boat,EFFORT,Juvenile effort,Not Applicable,N/A,N/A,311.47,35305.18,Fisher days,1.9,0.09,164.08,9858.59,Boat trips,99.29,Yes,1,0.721667225,0,0.278332775,0,0.721667225,1,118.4111583,0,45.66884172,0
2018-2019,Central Coast,2018,7,Area 5,Angling from boat,EFFORT,Juvenile effort,Not Applicable,N/A,N/A,24.58,579.78,Fisher days,1.9,0.09,12.95,161.28,Boat trips,12.7,Yes,1,0,1,0,0,1,0,0,12.95,0,0
2018-2019,Central Coast,2018,7,Area 6,Angling from boat,EFFORT,Juvenile effort,Not Applicable,N/A,N/A,784.19,252519.16,Fisher days,1.9,0.09,413.11,70463.83,Boat trips,265.45,Yes,1,0,0,0,1,0,0,0,0,0,413.11
2018-2019,Central Coast,2018,7,Area 7,Angling from boat,EFFORT,Juvenile effort,Not Applicable,N/A,N/A,37.21,1347.61,Fisher days,1.9,0.09,19.6,374.85,Boat trips,19.36,Yes,1,0,0,0,1,0,0,0,0,0,19.6
2018-2019,Central Coast,2018,7,Area 9,Angling from boat,EFFORT,Juvenile effort,Not Applicable,N/A,N/A,55.47,2910.33,Fisher days,1.9,0.09,29.22,809.6,Boat trips,28.45,Yes,0,0,0,1,0,0,1,0,0,29.22,0
2018-2019,Central Coast,2018,6,Area 6,Angling from boat,EFFORT,Juvenile effort,Not Applicable,N/A,N/A,404.88,84614.78,Fisher days,1.9,0.09,213.29,23584.83,Boat trips,153.57,Yes,1,0,0.076632256,0,0.923367744,0.076632256,0,0,16.3448938,0,196.9451062
2018-2019,Central Coast,2018,6,Area 8,Angling from boat,EFFORT,Juvenile effort,Not Applicable,N/A,N/A,92.58,8292.87,Fisher days,1.9,0.09,48.77,2306.8,Boat trips,48.03,Yes,1,0,0,0,1,0,0,0,0,0,48.77
2017-2018,Central Coast,2018,3,Area 5,Angling from boat,EFFORT,Juvenile effort,Not Applicable,N/A,N/A,66.37,4338.57,Fisher days,2.09,0.11,31.77,996.74,Boat trips,31.57,Yes,1,0,0,0,1,0,0,0,0,0,31.77
2017-2018,Central Coast,2018,3,Area 6,Angling from boat,EFFORT,Juvenile effort,Not Applicable,N/A,N/A,591.8,346673.58,Fisher days,2.09,0.11,283.28,79643.1,Boat trips,282.21,Yes,1,0,0,0,1,0,0,0,0,0,283.28
2018-2019,Central Coast,2018,5,Area 6,Angling from boat,EFFORT,Juvenile effort,Not Applicable,N/A,N/A,249.58,37670.73,Fisher days,1.9,0.09,131.48,10493.34,Boat trips,102.44,Yes,1,0,0,0,1,0,0,0,0,0,131.48
2018-2019,Central Coast,2018,9,Area 7,Angling from boat,EFFORT,Juvenile effort,Not Applicable,N/A,N/A,69.02,4695.24,Fisher days,1.9,0.09,36.36,1306,Boat trips,36.14,Yes,1,0,0,0,1,0,0,0,0,0,36.36
2019-2020,Central Coast,2019,4,Area 6,Angling from boat,EFFORT,Juvenile effort,Not Applicable,N/A,N/A,75.26,5363.76,Fisher days,2.06,0.1,36.56,1268.73,Boat trips,35.62,Yes,1,0,0,0,1,0,0,0,0,0,36.56
2019-2020,Central Coast,2019,8,Area 5,Angling from boat,EFFORT,Juvenile effort,Not Applicable,N/A,N/A,59.62,3495.42,Fisher days,2.06,0.1,28.96,826.72,Boat trips,28.75,Yes,1,0,0,0,1,0,0,0,0,0,28.96
2019-2020,Central Coast,2019,8,Area 6,Angling from boat,EFFORT,Juvenile effort,Not Applicable,N/A,N/A,790.8,154304.73,Fisher days,2.06,0.1,384.11,36768.07,Boat trips,191.75,Yes,1,0,0,0,1,0,0,0,0,0,384.11
2019-2020,Central Coast,2019,8,Area 7,Angling from boat,EFFORT,Juvenile effort,Not Applicable,N/A,N/A,861.12,216407.95,Fisher days,2.06,0.1,418.26,51487.29,Boat trips,226.91,Yes,0.94,0.484684202,0.056810397,0.138481201,0.320024201,0.541494599,0.623165403,202.7240144,23.76151656,57.92114696,133.8533221
2019-2020,Central Coast,2019,8,Area 8,Angling from boat,EFFORT,Juvenile effort,Not Applicable,N/A,N/A,423.94,123045.57,Fisher days,2.06,0.1,205.92,29133.96,Boat trips,170.69,Yes,1,0,0,0,1,0,0,0,0,0,205.92
2019-2020,Central Coast,2019,8,Area 9,Angling from boat,EFFORT,Juvenile effort,Not Applicable,N/A,N/A,559.74,116481.34,Fisher days,2.06,0.1,271.88,27663.04,Boat trips,166.32,Yes,0.9,0.084638891,0,0.382751403,0.532609706,0.084638891,0.467390294,23.01162158,0,104.0624515,144.8059269
2019-2020,Central Coast,2019,7,Area 5,Angling from boat,EFFORT,Juvenile effort,Not Applicable,N/A,N/A,45.56,2030.56,Fisher days,2.06,0.1,22.13,480.27,Boat trips,21.91,Yes,1,0,0,0,1,0,0,0,0,0,22.13
2019-2020,Central Coast,2019,7,Area 6,Angling from boat,EFFORT,Juvenile effort,Not Applicable,N/A,N/A,160.36,7027.96,Fisher days,2.06,0.1,77.89,1673.03,Boat trips,40.9,Yes,1,0,0,0,1,0,0,0,0,0,77.89
2019-2020,Central Coast,2019,7,Area 7,Angling from boat,EFFORT,Juvenile effort,Not Applicable,N/A,N/A,266.89,25990.43,Fisher days,2.06,0.1,129.64,6173.21,Boat trips,78.57,Yes,0.54,0,0,0.372535026,0.627464974,0,0.372535026,0,0,48.29544074,81.34455926
2019-2020,Central Coast,2019,7,Area 8,Angling from boat,EFFORT,Juvenile effort,Not Applicable,N/A,N/A,169.1,16458.74,Fisher days,2.06,0.1,82.14,3899.65,Boat trips,62.45,Yes,0,0,0,0.279126706,0.720873294,0,0.279126706,0,0,22.92746763,59.21253237
2019-2020,Central Coast,2019,7,Area 9,Angling from boat,EFFORT,Juvenile effort,Not Applicable,N/A,N/A,124.23,5971.43,Fisher days,2.06,0.1,60.34,1417.78,Boat trips,37.65,Yes,0.37,0.506586577,0,0.126646644,0.366766779,0.506586577,0.633233221,30.56743403,0,7.641858507,22.13070746
2019-2020,Central Coast,2019,6,Area 6,Angling from boat,EFFORT,Juvenile effort,Not Applicable,N/A,N/A,629.1,125583.45,Fisher days,2.06,0.1,305.57,29858.43,Boat trips,172.8,Yes,0.82,0.179661886,0,0,0.820338114,0.179661886,0.179661886,54.89928242,0,0,250.6707176
2019-2020,Central Coast,2019,6,Area 7,Angling from boat,EFFORT,Juvenile effort,Not Applicable,N/A,N/A,71.22,2463.4,Fisher days,2.06,0.1,34.59,584.12,Boat trips,24.17,Yes,1,0,0,0,1,0,0,0,0,0,34.59
2019-2020,Central Coast,2019,6,Area 9,Angling from boat,EFFORT,Juvenile effort,Not Applicable,N/A,N/A,213.65,44363.41,Fisher days,2.06,0.1,103.77,10492.94,Boat trips,102.44,Yes,1,1,0,0,0,1,1,103.77,0,0,0
2019-2020,Central Coast,2019,9,Area 9,Angling from boat,EFFORT,Juvenile effort,Not Applicable,N/A,N/A,46.43,2062.76,Fisher days,2.06,0.1,22.55,487.91,Boat trips,22.09,Yes,0,1,0,0,0,1,1,22.55,0,0,0
2020-2021,Central Coast,2020,4,Area 6,Angling from boat,EFFORT,Juvenile effort,Not Applicable,N/A,N/A,9.97,89.39,Fisher days,1.78,0.1,5.61,28.46,Boat trips,5.33,Yes,1,0,0,0,1,0,0,0,0,0,5.61
2020-2021,Central Coast,2020,8,Area 5,Angling from boat,EFFORT,Juvenile effort,Not Applicable,N/A,N/A,30.31,548.31,Fisher days,1.78,0.1,17.07,174.83,Boat trips,13.22,Yes,1,0,0.170248145,0,0.829751855,0.170248145,0,0,2.906135837,0,14.16386416
2020-2021,Central Coast,2020,8,Area 6,Angling from boat,EFFORT,Juvenile effort,Not Applicable,N/A,N/A,254.23,21570.4,Fisher days,1.78,0.1,143.21,6904.19,Boat trips,83.09,Yes,1,0,0.099075814,0,0.900924186,0.099075814,0,0,14.1886473,0,129.0213527
2020-2021,Central Coast,2020,8,Area 7,Angling from boat,EFFORT,Juvenile effort,Not Applicable,N/A,N/A,37.73,1196.99,Fisher days,1.78,0.1,21.25,381.13,Boat trips,19.52,Yes,1,0,0,0,1,0,0,0,0,0,21.25
2020-2021,Central Coast,2020,8,Area 8,Angling from boat,EFFORT,Juvenile effort,Not Applicable,N/A,N/A,61.16,569.93,Fisher days,1.78,0.1,34.45,184.31,Boat trips,13.58,Yes,1,0,0.419976876,0,0.580023124,0.419976876,0,0,14.46820339,0,19.98179661
2020-2021,Central Coast,2020,8,Area 9,Angling from boat,EFFORT,Juvenile effort,Not Applicable,N/A,N/A,392.81,123531.91,Fisher days,1.78,0.1,221.27,39339.74,Boat trips,198.34,Yes,1,0.026137365,0.016007283,0.0327061,0.925149253,0.042144647,0.058843464,5.783414645,3.541931447,7.236878727,204.7077752
2020-2021,Central Coast,2020,7,Area 5,Angling from boat,EFFORT,Juvenile effort,Not Applicable,N/A,N/A,21.82,336.55,Fisher days,1.78,0.1,12.29,107.23,Boat trips,10.36,Yes,1,0,0,0,1,0,0,0,0,0,12.29
2020-2021,Central Coast,2020,7,Area 6,Angling from boat,EFFORT,Juvenile effort,Not Applicable,N/A,N/A,404.98,32363.31,Fisher days,1.78,0.1,228.12,10420.86,Boat trips,102.08,Yes,1,0.039603323,0.044404702,0,0.915991975,0.084008025,0.039603323,9.034310035,10.12960068,0,208.9560893
2020-2021,Central Coast,2020,7,Area 7,Angling from boat,EFFORT,Juvenile effort,Not Applicable,N/A,N/A,57.79,2993.22,Fisher days,1.78,0.1,32.55,952.84,Boat trips,30.87,Yes,1,0,0,0,1,0,0,0,0,0,32.55
2020-2021,Central Coast,2020,7,Area 8,Angling from boat,EFFORT,Juvenile effort,Not Applicable,N/A,N/A,57.79,2993.22,Fisher days,1.78,0.1,32.55,952.84,Boat trips,30.87,Yes,1,0,0,0,1,0,0,0,0,0,32.55
2020-2021,Central Coast,2020,7,Area 9,Angling from boat,EFFORT,Juvenile effort,Not Applicable,N/A,N/A,256.01,26644.62,Fisher days,1.78,0.1,144.21,8515.08,Boat trips,92.28,Yes,1,0.910169118,0,0.089830882,0,0.910169118,1,131.2554885,0,12.95451152,0
2020-2021,Central Coast,2020,6,Area 5,Angling from boat,EFFORT,Juvenile effort,Not Applicable,N/A,N/A,16.71,212.49,Fisher days,1.78,0.1,9.41,67.68,Boat trips,8.23,Yes,1,0,1,0,0,1,0,0,9.41,0,0
2020-2021,Central Coast,2020,6,Area 6,Angling from boat,EFFORT,Juvenile effort,Not Applicable,N/A,N/A,161.64,2878.76,Fisher days,1.78,0.1,91.05,937.64,Boat trips,30.62,Yes,1,0,0,0.062318425,0.937681575,0,0.062318425,0,0,5.674092628,85.37590737
2020-2021,Central Coast,2020,6,Area 7,Angling from boat,EFFORT,Juvenile effort,Not Applicable,N/A,N/A,16.71,106.23,Fisher days,1.78,0.1,9.41,33.97,Boat trips,5.83,Yes,1,0,0,1,0,0,1,0,0,9.41,0
2020-2021,Central Coast,2020,6,Area 9,Angling from boat,EFFORT,Juvenile effort,Not Applicable,N/A,N/A,29.28,321.52,Fisher days,1.78,0.1,16.49,102.81,Boat trips,10.14,Yes,1,1,0,0,0,1,1,16.49,0,0,0
2020-2021,Central Coast,2020,5,Area 5,Angling from boat,EFFORT,Juvenile effort,Not Applicable,N/A,N/A,16.53,124.24,Fisher days,1.78,0.1,9.31,39.67,Boat trips,6.3,Yes,1,0,0,0,1,0,0,0,0,0,9.31
2020-2021,Central Coast,2020,5,Area 6,Angling from boat,EFFORT,Juvenile effort,Not Applicable,N/A,N/A,153.53,5946.94,Fisher days,1.78,0.1,86.48,1908.81,Boat trips,43.69,Yes,1,0,0,0,1,0,0,0,0,0,86.48
2020-2021,Central Coast,2020,9,Area 6,Angling from boat,EFFORT,Juvenile effort,Not Applicable,N/A,N/A,26.64,199.21,Fisher days,1.78,0.1,15,63.87,Boat trips,7.99,Yes,1,0,0,0,1,0,0,0,0,0,15
2020-2021,Central Coast,2020,9,Area 9,Angling from boat,EFFORT,Juvenile effort,Not Applicable,N/A,N/A,14.79,75.74,Fisher days,1.78,0.1,8.33,24.24,Boat trips,4.92,Yes,1,0.60541966,0,0,0.39458034,0.60541966,0.60541966,5.043145769,0,0,3.286854231
2021-2022,Central Coast,2021,4,Area 6,Angling from boat,EFFORT,Juvenile effort,Not Applicable,N/A,N/A,185.46,27781.9,Fisher days,1.75,0.07,106.25,9135.13,Boat trips,95.58,Yes,1,0,0,0,1,0,0,0,0,0,106.25
2021-2022,Central Coast,2021,8,Area 5,Angling from boat,EFFORT,Juvenile effort,Not Applicable,N/A,N/A,2.54,3.92,Fisher days,1.75,0.07,1.46,1.29,Boat trips,1.14,Yes,1,0,1,0,0,1,0,0,1.46,0,0
2021-2022,Central Coast,2021,8,Area 6,Angling from boat,EFFORT,Juvenile effort,Not Applicable,N/A,N/A,119.33,1405.33,Fisher days,1.75,0.07,68.36,468.37,Boat trips,21.64,Yes,1,0.169185729,0.30965731,0,0.521156961,0.478843039,0.169185729,11.56553643,21.16817372,0,35.62628985
2021-2022,Central Coast,2021,8,Area 7,Angling from boat,EFFORT,Juvenile effort,Not Applicable,N/A,N/A,297.57,26385.03,Fisher days,1.75,0.07,170.47,8703.89,Boat trips,93.29,Yes,1,0,0,0.025576091,0.974423909,0,0.025576091,0,0,4.35995626,166.1100437
2021-2022,Central Coast,2021,8,Area 8,Angling from boat,EFFORT,Juvenile effort,Not Applicable,N/A,N/A,105,2979.96,Fisher days,1.75,0.07,60.15,983.54,Boat trips,31.36,Yes,1,0,0,0,1,0,0,0,0,0,60.15
2021-2022,Central Coast,2021,8,Area 9,Angling from boat,EFFORT,Juvenile effort,Not Applicable,N/A,N/A,60.66,621.67,Fisher days,1.75,0.07,34.75,205.88,Boat trips,14.35,Yes,1,0.377948511,0,0.622051489,0,0.377948511,1,13.13371075,0,21.61628925,0
2021-2022,Central Coast,2021,7,Area 5,Angling from boat,EFFORT,Juvenile effort,Not Applicable,N/A,N/A,162.73,25829.26,Fisher days,1.75,0.07,93.22,8490.31,Boat trips,92.14,Yes,1,0,0,0,1,0,0,0,0,0,93.22
2021-2022,Central Coast,2021,7,Area 6,Angling from boat,EFFORT,Juvenile effort,Not Applicable,N/A,N/A,1276.28,851555.55,Fisher days,1.75,0.07,731.16,280293.65,Boat trips,529.43,Yes,1,0.019472422,0.011144089,0,0.969383489,0.030616511,0.019472422,14.2374559,8.148111949,0,708.7744321
2021-2022,Central Coast,2021,7,Area 7,Angling from boat,EFFORT,Juvenile effort,Not Applicable,N/A,N/A,337.05,103392.76,Fisher days,1.75,0.07,193.09,33989.94,Boat trips,184.36,Yes,1,0.007794906,0,0,0.992205094,0.007794906,0.007794906,1.505118445,0,0,191.5848816
2021-2022,Central Coast,2021,7,Area 8,Angling from boat,EFFORT,Juvenile effort,Not Applicable,N/A,N/A,5.52,19.46,Fisher days,1.75,0.07,3.16,6.4,Boat trips,2.53,Yes,1,0,0,0,1,0,0,0,0,0,3.16
2021-2022,Central Coast,2021,7,Area 9,Angling from boat,EFFORT,Juvenile effort,Not Applicable,N/A,N/A,952.25,343851.03,Fisher days,1.75,0.07,545.53,113305.36,Boat trips,336.61,Yes,1,0.273729683,0,0,0.726270317,0.273729683,0.273729683,149.3277541,0,0,396.2022459
2021-2022,Central Coast,2021,6,Area 6,Angling from boat,EFFORT,Juvenile effort,Not Applicable,N/A,N/A,154,5248.73,Fisher days,1.75,0.07,88.23,1734.52,Boat trips,41.65,Yes,1,0,0.058907154,0,0.941092846,0.058907154,0,0,5.197378179,0,83.03262182
2021-2022,Central Coast,2021,6,Area 7,Angling from boat,EFFORT,Juvenile effort,Not Applicable,N/A,N/A,3.7,10.01,Fisher days,1.75,0.07,2.12,3.29,Boat trips,1.81,Yes,1,0,0,0,1,0,0,0,0,0,2.12
2021-2022,Central Coast,2021,6,Area 8,Angling from boat,EFFORT,Juvenile effort,Not Applicable,N/A,N/A,91.4,2693.82,Fisher days,1.75,0.07,52.36,888.29,Boat trips,29.8,Yes,1,0,0.556620723,0,0.443379277,0.556620723,0,0,29.14466106,0,23.21533894
2021-2022,Central Coast,2021,6,Area 9,Angling from boat,EFFORT,Juvenile effort,Not Applicable,N/A,N/A,14.24,131.51,Fisher days,1.75,0.07,8.16,43.26,Boat trips,6.58,Yes,1,1,0,0,0,1,1,8.16,0,0,0
2020-2021,Central Coast,2021,3,Area 6,Angling from boat,EFFORT,Juvenile effort,Not Applicable,N/A,N/A,60.88,3055.28,Fisher days,1.78,0.1,34.3,972.88,Boat trips,31.19,Yes,1,0,0.086435877,0,0.913564123,0.086435877,0,0,2.964750571,0,31.33524943
2021-2022,Central Coast,2021,5,Area 6,Angling from boat,EFFORT,Juvenile effort,Not Applicable,N/A,N/A,140.71,4042.16,Fisher days,1.75,0.07,80.61,1336.56,Boat trips,36.56,Yes,1,0.018370638,0,0,0.981629362,0.018370638,0.018370638,1.480857121,0,0,79.12914288
2021-2022,Central Coast,2021,5,Area 8,Angling from boat,EFFORT,Juvenile effort,Not Applicable,N/A,N/A,31.29,394.18,Fisher days,1.75,0.07,17.93,129.86,Boat trips,11.4,Yes,1,0,0,0,1,0,0,0,0,0,17.93
2021-2022,Central Coast,2021,10,Area 6,Angling from boat,EFFORT,Juvenile effort,Not Applicable,N/A,N/A,2.47,3.64,Fisher days,1.75,0.07,1.42,1.2,Boat trips,1.09,Yes,1,0,1,0,0,1,0,0,1.42,0,0
2021-2022,Central Coast,2021,9,Area 6,Angling from boat,EFFORT,Juvenile effort,Not Applicable,N/A,N/A,48.43,1601.3,Fisher days,1.75,0.07,27.75,526.72,Boat trips,22.95,Yes,1,0,0.053121834,0,0.946878166,0.053121834,0,0,1.47413089,0,26.27586911
2021-2022,Central Coast,2021,9,Area 8,Angling from boat,EFFORT,Juvenile effort,Not Applicable,N/A,N/A,5.25,22.34,Fisher days,1.75,0.07,3.01,7.35,Boat trips,2.71,Yes,1,0,0,0,1,0,0,0,0,0,3.01
2022-2023,Central Coast,2022,4,Area 6,Angling from boat,EFFORT,Juvenile effort,Not Applicable,N/A,N/A,38.73,1216.65,Fisher days,1.73,0.07,22.38,407.14,Boat trips,20.18,Yes,1,0,0.046725846,0,0.953274154,0.046725846,0,0,1.045724427,0,21.33427557
2022-2023,Central Coast,2022,4,Area 9,Angling from boat,EFFORT,Juvenile effort,Not Applicable,N/A,N/A,4.07,8.45,Fisher days,1.73,0.07,2.35,2.83,Boat trips,1.68,Yes,1,1,0,0,0,1,1,2.35,0,0,0
2022-2023,Central Coast,2022,8,Area 5,Angling from boat,EFFORT,Juvenile effort,Not Applicable,N/A,N/A,92.07,4132.14,Fisher days,1.73,0.07,53.21,1384.61,Boat trips,37.21,Yes,1,0,0,0,1,0,0,0,0,0,53.21
2022-2023,Central Coast,2022,8,Area 6,Angling from boat,EFFORT,Juvenile effort,Not Applicable,N/A,N/A,835.83,136468.71,Fisher days,1.73,0.07,483.03,45954.46,Boat trips,214.37,Yes,0.99,0.022132069,0.058936421,0,0.91893151,0.08106849,0.022132069,10.69045318,28.46805949,0,443.8714873
2022-2023,Central Coast,2022,8,Area 7,Angling from boat,EFFORT,Juvenile effort,Not Applicable,N/A,N/A,215.61,8521.08,Fisher days,1.73,0.07,124.6,2870.94,Boat trips,53.58,Yes,0.96,0.272935421,0.059310556,0,0.667754023,0.332245977,0.272935421,34.00775342,7.390095319,0,83.20215126
2022-2023,Central Coast,2022,8,Area 8,Angling from boat,EFFORT,Juvenile effort,Not Applicable,N/A,N/A,598.02,185671.57,Fisher days,1.73,0.07,345.6,62202.64,Boat trips,249.4,Yes,0.14,0.003742361,0,0.833133391,0.163124247,0.003742361,0.836875753,1.293360049,0,287.9309001,56.37573989
2022-2023,Central Coast,2022,8,Area 9,Angling from boat,EFFORT,Juvenile effort,Not Applicable,N/A,N/A,76.63,960.12,Fisher days,1.73,0.07,44.29,323.83,Boat trips,18,Yes,0.66,0.188336476,0,0.578033582,0.233629941,0.188336476,0.766370059,8.341422528,0,25.60110737,10.3474701
2022-2023,Central Coast,2022,7,Area 5,Angling from boat,EFFORT,Juvenile effort,Not Applicable,N/A,N/A,8.65,40.28,Fisher days,1.73,0.07,5,13.49,Boat trips,3.67,Yes,1,0,0,0,1,0,0,0,0,0,5
2022-2023,Central Coast,2022,7,Area 6,Angling from boat,EFFORT,Juvenile effort,Not Applicable,N/A,N/A,841.3,203880.27,Fisher days,1.73,0.07,486.19,68473.08,Boat trips,261.67,Yes,0.98,0.049761498,0.052258703,0,0.897979799,0.102020201,0.049761498,24.19354282,25.40765866,0,436.5887985
2022-2023,Central Coast,2022,7,Area 7,Angling from boat,EFFORT,Juvenile effort,Not Applicable,N/A,N/A,101.98,1320.98,Fisher days,1.73,0.07,58.94,446.79,Boat trips,21.14,Yes,0.39,0.434266703,0,0.023460707,0.54227259,0.434266703,0.45772741,25.59567947,0,1.382774085,31.96154644
2022-2023,Central Coast,2022,7,Area 8,Angling from boat,EFFORT,Juvenile effort,Not Applicable,N/A,N/A,155.3,4549.88,Fisher days,1.73,0.07,89.75,1532.57,Boat trips,39.15,Yes,0.79,0.143643402,0,0.220914139,0.635442459,0.143643402,0.364557541,12.8919953,0,19.82704398,57.03096072
2022-2023,Central Coast,2022,7,Area 9,Angling from boat,EFFORT,Juvenile effort,Not Applicable,N/A,N/A,138.82,929.57,Fisher days,1.73,0.07,80.22,320.87,Boat trips,17.91,Yes,0.23,0.354802638,0,0.583599166,0.061598195,0.354802638,0.938401805,28.46226765,0,46.81632511,4.941407237
2022-2023,Central Coast,2022,6,Area 6,Angling from boat,EFFORT,Juvenile effort,Not Applicable,N/A,N/A,321.68,21467.14,Fisher days,1.73,0.07,185.9,7225.37,Boat trips,85,Yes,0.98,0,0.019117075,0,0.980882925,0.019117075,0,0,3.553864321,0,182.3461357
2022-2023,Central Coast,2022,6,Area 7,Angling from boat,EFFORT,Juvenile effort,Not Applicable,N/A,N/A,9.9,46.64,Fisher days,1.73,0.07,5.72,15.63,Boat trips,3.95,Yes,0.78,0,0,0.221362789,0.778637211,0,0.221362789,0,0,1.266195152,4.453804848
2022-2023,Central Coast,2022,6,Area 8,Angling from boat,EFFORT,Juvenile effort,Not Applicable,N/A,N/A,33.66,426.06,Fisher days,1.73,0.07,19.45,142.9,Boat trips,11.95,Yes,0.87,0,0,0.13022583,0.86977417,0,0.13022583,0,0,2.532892388,16.91710761
2022-2023,Central Coast,2022,6,Area 9,Angling from boat,EFFORT,Juvenile effort,Not Applicable,N/A,N/A,41,193.24,Fisher days,1.73,0.07,23.69,65.44,Boat trips,8.09,Yes,1,0.75,0,0.25,0,0.75,1,17.7675,0,5.9225,0
2022-2023,Central Coast,2022,5,Area 6,Angling from boat,EFFORT,Juvenile effort,Not Applicable,N/A,N/A,71.74,2442.19,Fisher days,1.73,0.07,41.46,818.41,Boat trips,28.61,Yes,1,0,0,0,1,0,0,0,0,0,41.46
2022-2023,Central Coast,2022,10,Area 6,Angling from boat,EFFORT,Juvenile effort,Not Applicable,N/A,N/A,72.06,4747.31,Fisher days,1.73,0.07,41.65,1588.28,Boat trips,39.85,Yes,0.97,0,0.030184211,0,0.969815789,0.030184211,0,0,1.257172396,0,40.3928276
2022-2023,Central Coast,2022,9,Area 6,Angling from boat,EFFORT,Juvenile effort,Not Applicable,N/A,N/A,131.82,13697.05,Fisher days,1.73,0.07,76.18,4583.84,Boat trips,67.7,Yes,1,0,0.014638229,0,0.985361771,0.014638229,0,0,1.11514025,0,75.06485975
2022-2023,Central Coast,2022,9,Area 8,Angling from boat,EFFORT,Juvenile effort,Not Applicable,N/A,N/A,424.64,167212.73,Fisher days,1.73,0.07,245.4,55942.06,Boat trips,236.52,Yes,1,0,0,0,1,0,0,0,0,0,245.4
2022-2023,Central Coast,2022,9,Area 9,Angling from boat,EFFORT,Juvenile effort,Not Applicable,N/A,N/A,29.71,852.92,Fisher days,1.73,0.07,17.17,285.33,Boat trips,16.89,Yes,1,0,0,0,1,0,0,0,0,0,17.17
2023-2024,Central Coast,2023,4,Area 6,Angling from boat,EFFORT,Juvenile effort,Not Applicable,N/A,N/A,29.06,757.09,Fisher days,1.86,0.08,15.62,219.13,Boat trips,14.8,Yes,1,0,0,0,1,0,0,0,0,0,15.62
2023-2024,Central Coast,2023,4,Area 8,Angling from boat,EFFORT,Juvenile effort,Not Applicable,N/A,N/A,38.74,1345.93,Fisher days,1.86,0.08,20.82,389.57,Boat trips,19.74,Yes,1,0,0,0,1,0,0,0,0,0,20.82
2023-2024,Central Coast,2023,8,Area 6,Angling from boat,EFFORT,Juvenile effort,Not Applicable,N/A,N/A,904.78,85617.52,Fisher days,1.86,0.08,486.27,25169.23,Boat trips,158.65,Yes,0.91,0.104806582,0.015048689,0.014356139,0.86578859,0.119855271,0.119162721,50.96429652,7.317725984,6.980959812,421.0070177
2023-2024,Central Coast,2023,8,Area 7,Angling from boat,EFFORT,Juvenile effort,Not Applicable,N/A,N/A,88.41,1602.75,Fisher days,1.86,0.08,47.51,467.14,Boat trips,21.61,Yes,0.56,0.207413215,0.067296429,0,0.725290357,0.274709643,0.207413215,9.854201828,3.197253325,0,34.45854485
2023-2024,Central Coast,2023,8,Area 8,Angling from boat,EFFORT,Juvenile effort,Not Applicable,N/A,N/A,292.84,18838.95,Fisher days,1.86,0.08,157.39,5487.54,Boat trips,74.08,Yes,0.75,0,0,0.169170751,0.830829249,0,0.169170751,0,0,26.62578448,130.7642155
2023-2024,Central Coast,2023,8,Area 9,Angling from boat,EFFORT,Juvenile effort,Not Applicable,N/A,N/A,197.56,7130.07,Fisher days,1.86,0.08,106.18,2080.42,Boat trips,45.61,Yes,0.37,0.196369876,0.030115304,0.312865815,0.460649004,0.22648518,0.509235692,20.85055348,3.197642963,33.22009226,48.9117113
2023-2024,Central Coast,2023,7,Area 6,Angling from boat,EFFORT,Juvenile effort,Not Applicable,N/A,N/A,630.84,146175.61,Fisher days,1.86,0.08,339.04,42435.6,Boat trips,206,Yes,0.96,0.220518528,0,0,0.779481472,0.220518528,0.220518528,74.76460178,0,0,264.2753982
2023-2024,Central Coast,2023,7,Area 7,Angling from boat,EFFORT,Juvenile effort,Not Applicable,N/A,N/A,48.95,1160.12,Fisher days,1.86,0.08,26.31,336.38,Boat trips,18.34,Yes,0.73,0,0,0,1,0,0,0,0,0,26.31
2023-2024,Central Coast,2023,7,Area 8,Angling from boat,EFFORT,Juvenile effort,Not Applicable,N/A,N/A,6.7,13.78,Fisher days,1.86,0.08,3.6,4,Boat trips,2,Yes,0,0,0,0,1,0,0,0,0,0,3.6
2023-2024,Central Coast,2023,7,Area 9,Angling from boat,EFFORT,Juvenile effort,Not Applicable,N/A,N/A,74.12,392.06,Fisher days,1.86,0.08,39.83,116.19,Boat trips,10.78,Yes,0.58,0.636086396,0,0.363913604,0,0.636086396,1,25.33532117,0,14.49467883,0
2023-2024,Central Coast,2023,6,Area 6,Angling from boat,EFFORT,Juvenile effort,Not Applicable,N/A,N/A,255.53,16374.88,Fisher days,1.86,0.08,137.33,4764.83,Boat trips,69.03,Yes,0.95,0,0,0,1,0,0,0,0,0,137.33
2023-2024,Central Coast,2023,6,Area 7,Angling from boat,EFFORT,Juvenile effort,Not Applicable,N/A,N/A,2.71,4.63,Fisher days,1.86,0.08,1.46,1.34,Boat trips,1.16,Yes,0,0,0,1,0,0,1,0,0,1.46,0
2023-2024,Central Coast,2023,6,Area 8,Angling from boat,EFFORT,Juvenile effort,Not Applicable,N/A,N/A,8.13,41.7,Fisher days,1.86,0.08,4.37,12.08,Boat trips,3.48,Yes,0,0,0,1,0,0,1,0,0,4.37,0
2023-2024,Central Coast,2023,6,Area 9,Angling from boat,EFFORT,Juvenile effort,Not Applicable,N/A,N/A,26.9,169.04,Fisher days,1.86,0.08,14.46,49.21,Boat trips,7.02,Yes,0.77,0.846057991,0,0.153942009,0,0.846057991,1,12.23399855,0,2.22600145,0
2022-2023,Central Coast,2023,3,Area 6,Angling from boat,EFFORT,Juvenile effort,Not Applicable,N/A,N/A,50.57,2506.98,Fisher days,1.73,0.07,29.23,838.65,Boat trips,28.96,Yes,1,0,0,0,1,0,0,0,0,0,29.23
2023-2024,Central Coast,2023,5,Area 6,Angling from boat,EFFORT,Juvenile effort,Not Applicable,N/A,N/A,46.35,1963.22,Fisher days,1.86,0.08,24.91,568.22,Boat trips,23.84,Yes,1,0,0,0,1,0,0,0,0,0,24.91
2023-2024,Central Coast,2023,5,Area 8,Angling from boat,EFFORT,Juvenile effort,Not Applicable,N/A,N/A,11.34,105.91,Fisher days,1.86,0.08,6.09,30.66,Boat trips,5.54,Yes,1,0,0,0,1,0,0,0,0,0,6.09
2023-2024,Central Coast,2023,10,Area 6,Angling from boat,EFFORT,Juvenile effort,Not Applicable,N/A,N/A,226.64,49092.24,Fisher days,1.86,0.08,121.81,14207.63,Boat trips,119.2,Yes,1,0,0,0,1,0,0,0,0,0,121.81
2023-2024,Central Coast,2023,9,Area 5,Angling from boat,EFFORT,Juvenile effort,Not Applicable,N/A,N/A,4.86,18.79,Fisher days,1.86,0.08,2.61,5.44,Boat trips,2.33,Yes,1,0,0,0,1,0,0,0,0,0,2.61
2023-2024,Central Coast,2023,9,Area 6,Angling from boat,EFFORT,Juvenile effort,Not Applicable,N/A,N/A,235.21,23649.94,Fisher days,1.86,0.08,126.41,6860.85,Boat trips,82.83,Yes,0.98,0,0.021183451,0,0.978816549,0.021183451,0,0,2.67779998,0,123.7322
2023-2024,Central Coast,2023,9,Area 9,Angling from boat,EFFORT,Juvenile effort,Not Applicable,N/A,N/A,27.3,277.43,Fisher days,1.86,0.08,14.67,80.53,Boat trips,8.97,Yes,0,0.666666667,0,0.333333333,0,0.666666667,1,9.78,0,4.89,0
2024-2025,Central Coast,2024,8,Area 5,Angling from boat,EFFORT,Juvenile effort,Not Applicable,N/A,N/A,2.36,3.21,Fisher days,1.74,0.06,1.36,1.06,Boat trips,1.03,Yes,1,0,1,0,0,1,0,0,1.36,0,0
2024-2025,Central Coast,2024,8,Area 6,Angling from boat,EFFORT,Juvenile effort,Not Applicable,N/A,N/A,1285.46,304107.43,Fisher days,1.74,0.06,738.06,100834.06,Boat trips,317.54,Yes,0.99,0.010010476,0.053788646,0.010393273,0.925807605,0.063799122,0.020403749,7.388331729,39.69924824,7.670858917,683.3015611
2024-2025,Central Coast,2024,8,Area 7,Angling from boat,EFFORT,Juvenile effort,Not Applicable,N/A,N/A,26.51,226.32,Fisher days,1.74,0.06,15.22,74.85,Boat trips,8.65,Yes,0.68,0.683123929,0,0.316876071,0,0.683123929,1,10.3971462,0,4.822853805,0
2024-2025,Central Coast,2024,8,Area 8,Angling from boat,EFFORT,Juvenile effort,Not Applicable,N/A,N/A,44.49,894.46,Fisher days,1.74,0.06,25.54,295.56,Boat trips,17.19,Yes,0.12,0,0,0.231388767,0.768611233,0,0.231388767,0,0,5.909669117,19.63033088
2024-2025,Central Coast,2024,8,Area 9,Angling from boat,EFFORT,Juvenile effort,Not Applicable,N/A,N/A,47.57,462.8,Fisher days,1.74,0.06,27.32,153.36,Boat trips,12.38,Yes,0.49,0.665914422,0,0.334085578,0,0.665914422,1,18.19278201,0,9.12721799,0
2024-2025,Central Coast,2024,7,Area 6,Angling from boat,EFFORT,Juvenile effort,Not Applicable,N/A,N/A,124.82,1739.99,Fisher days,1.74,0.06,71.67,579.1,Boat trips,24.06,Yes,0.64,0.275363832,0.487295738,0.076108968,0.161231463,0.76265957,0.3514728,19.73532586,34.92448551,5.454729708,11.55545892
2024-2025,Central Coast,2024,7,Area 7,Angling from boat,EFFORT,Juvenile effort,Not Applicable,N/A,N/A,26.06,134.28,Fisher days,1.74,0.06,14.96,44.5,Boat trips,6.67,Yes,0.41,0.635461163,0,0,0.364538837,0.635461163,0.635461163,9.506499006,0,0,5.453500994
2024-2025,Central Coast,2024,7,Area 8,Angling from boat,EFFORT,Juvenile effort,Not Applicable,N/A,N/A,233.23,48262.9,Fisher days,1.74,0.06,133.91,15929.42,Boat trips,126.21,Yes,1,0,0,0.011384906,0.988615094,0,0.011384906,0,0,1.524552802,132.3854472
2024-2025,Central Coast,2024,7,Area 9,Angling from boat,EFFORT,Juvenile effort,Not Applicable,N/A,N/A,18.31,161.5,Fisher days,1.74,0.06,10.51,53.36,Boat trips,7.3,Yes,0.87,0.870266767,0,0.129733233,0,0.870266767,1,9.146503716,0,1.363496284,0
2024-2025,Central Coast,2024,6,Area 5,Angling from boat,EFFORT,Juvenile effort,Not Applicable,N/A,N/A,12.54,144.75,Fisher days,1.74,0.06,7.2,47.78,Boat trips,6.91,Yes,1,0,0,0,1,0,0,0,0,0,7.2
2024-2025,Central Coast,2024,6,Area 6,Angling from boat,EFFORT,Juvenile effort,Not Applicable,N/A,N/A,86.93,1258.78,Fisher days,1.74,0.06,49.91,417.63,Boat trips,20.44,Yes,0.95,0.10402706,0,0,0.89597294,0.10402706,0.10402706,5.191990585,0,0,44.71800942
2024-2025,Central Coast,2024,6,Area 7,Angling from boat,EFFORT,Juvenile effort,Not Applicable,N/A,N/A,68.21,1510.35,Fisher days,1.74,0.06,39.16,499.54,Boat trips,22.35,Yes,0.96,0.218159415,0.042618828,0,0.739221756,0.260778244,0.218159415,8.543122707,1.66895331,0,28.94792398
2024-2025,Central Coast,2024,6,Area 8,Angling from boat,EFFORT,Juvenile effort,Not Applicable,N/A,N/A,26.73,344.24,Fisher days,1.74,0.06,15.35,113.73,Boat trips,10.66,Yes,1,0,0,0,1,0,0,0,0,0,15.35
2024-2025,Central Coast,2024,6,Area 9,Angling from boat,EFFORT,Juvenile effort,Not Applicable,N/A,N/A,24.8,333.93,Fisher days,1.74,0.06,14.24,110.3,Boat trips,10.5,Yes,1,0.8,0,0.2,0,0.8,1,11.392,0,2.848,0
2023-2024,Central Coast,2024,3,Area 6,Angling from boat,EFFORT,Juvenile effort,Not Applicable,N/A,N/A,19.93,217.79,Fisher days,1.86,0.08,10.71,63.12,Boat trips,7.94,Yes,1,0,0,0,1,0,0,0,0,0,10.71
2024-2025,Central Coast,2024,5,Area 6,Angling from boat,EFFORT,Juvenile effort,Not Applicable,N/A,N/A,11.99,119.75,Fisher days,1.74,0.06,6.88,39.53,Boat trips,6.29,Yes,1,0,0,0,1,0,0,0,0,0,6.88
2024-2025,Central Coast,2024,5,Area 7,Angling from boat,EFFORT,Juvenile effort,Not Applicable,N/A,N/A,35.97,1077.73,Fisher days,1.74,0.06,20.65,355.74,Boat trips,18.86,Yes,1,0,0,0,1,0,0,0,0,0,20.65
2024-2025,Central Coast,2024,5,Area 8,Angling from boat,EFFORT,Juvenile effort,Not Applicable,N/A,N/A,2.08,2.24,Fisher days,1.74,0.06,1.19,0.74,Boat trips,0.86,Yes,1,1,0,0,0,1,1,1.19,0,0,0
2024-2025,Central Coast,2024,9,Area 6,Angling from boat,EFFORT,Juvenile effort,Not Applicable,N/A,N/A,124.23,13915.88,Fisher days,1.74,0.06,71.33,4592.92,Boat trips,67.77,Yes,1,0,0,0,1,0,0,0,0,0,71.33
2024-2025,Central Coast,2024,9,Area 9,Angling from boat,EFFORT,Juvenile effort,Not Applicable,N/A,N/A,39.81,1544.71,Fisher days,1.74,0.06,22.85,509.78,Boat trips,22.58,Yes,1,0,0,0,1,0,0,0,0,0,22.85
2025-2026,Central Coast,2025,4,Area 5,Angling from boat,EFFORT,Juvenile effort,Not Applicable,N/A,N/A,11.32,116.87,Fisher days,1.87,0.08,6.06,33.49,Boat trips,5.79,Yes,1,0,0,0,1,0,0,0,0,0,6.06
2025-2026,Central Coast,2025,4,Area 6,Angling from boat,EFFORT,Juvenile effort,Not Applicable,N/A,N/A,33.97,1051.84,Fisher days,1.87,0.08,18.17,301.43,Boat trips,17.36,Yes,1,0,0,0,1,0,0,0,0,0,18.17
2025-2026,Central Coast,2025,8,Area 5,Angling from boat,EFFORT,Juvenile effort,Not Applicable,N/A,N/A,8.83,21.31,Fisher days,1.87,0.08,4.72,6.13,Boat trips,2.48,Yes,1,0,0.495371883,0,0.504628117,0.495371883,0,0,2.338155289,0,2.381844711
2025-2026,Central Coast,2025,8,Area 6,Angling from boat,EFFORT,Juvenile effort,Not Applicable,N/A,N/A,1081.86,373247.11,Fisher days,1.87,0.08,578.61,107328.75,Boat trips,327.61,Yes,0.99,0,0.015572869,0,0.984427131,0.015572869,0,0,9.010617727,0,569.5993823
2025-2026,Central Coast,2025,8,Area 7,Angling from boat,EFFORT,Juvenile effort,Not Applicable,N/A,N/A,110.42,5748.54,Fisher days,1.87,0.08,59.05,1650.2,Boat trips,40.62,Yes,0.93,0.155015944,0,0,0.844984056,0.155015944,0.155015944,9.153691482,0,0,49.89630852
2025-2026,Central Coast,2025,8,Area 8,Angling from boat,EFFORT,Juvenile effort,Not Applicable,N/A,N/A,100.68,2810.45,Fisher days,1.87,0.08,53.85,808.79,Boat trips,28.44,Yes,0.93,0,0,0.071592318,0.928407682,0,0.071592318,0,0,3.855246324,49.99475368
2025-2026,Central Coast,2025,8,Area 9,Angling from boat,EFFORT,Juvenile effort,Not Applicable,N/A,N/A,85.95,929.27,Fisher days,1.87,0.08,45.97,269.37,Boat trips,16.41,Yes,0.61,0.814344149,0,0.185655851,0,0.814344149,1,37.43540055,0,8.534599453,0
2024-2025,Central Coast,2025,2,Area 8,Angling from boat,EFFORT,Juvenile effort,Not Applicable,N/A,N/A,1.62,1.01,Fisher days,1.74,0.06,0.93,0.33,Boat trips,0.58,Yes,0,0,1,0,0,1,0,0,0.93,0,0
2025-2026,Central Coast,2025,7,Area 5,Angling from boat,EFFORT,Juvenile effort,Not Applicable,N/A,N/A,30.42,558.57,Fisher days,1.87,0.08,16.27,160.22,Boat trips,12.66,Yes,0.81,0,0.186949949,0,0.813050051,0.186949949,0,0,3.04167567,0,13.22832433
2025-2026,Central Coast,2025,7,Area 6,Angling from boat,EFFORT,Juvenile effort,Not Applicable,N/A,N/A,1209.51,189325.75,Fisher days,1.87,0.08,646.88,54860.84,Boat trips,234.22,Yes,0.94,0.030050321,0.013946329,0.009378836,0.946624514,0.043996651,0.039429157,19.43895192,9.021601372,6.066981198,612.3524655
2025-2026,Central Coast,2025,7,Area 7,Angling from boat,EFFORT,Juvenile effort,Not Applicable,N/A,N/A,74.6,2240.23,Fisher days,1.87,0.08,39.9,643.48,Boat trips,25.37,Yes,0.7,0.063100918,0.091243025,0,0.845656057,0.154343943,0.063100918,2.517726635,3.640596695,0,33.74167667
2025-2026,Central Coast,2025,7,Area 8,Angling from boat,EFFORT,Juvenile effort,Not Applicable,N/A,N/A,423.71,32101.18,Fisher days,1.87,0.08,226.61,9268.88,Boat trips,96.28,Yes,1,0,0,0.463242757,0.536757243,0,0.463242757,0,0,104.9754412,121.6345588
2025-2026,Central Coast,2025,7,Area 9,Angling from boat,EFFORT,Juvenile effort,Not Applicable,N/A,N/A,80.34,2922.26,Fisher days,1.87,0.08,42.97,839,Boat trips,28.97,Yes,0.66,0.234670244,0.035393679,0.067048641,0.662887436,0.270063923,0.301718885,10.08378039,1.520866386,2.88108011,28.48427312
2025-2026,Central Coast,2025,6,Area 6,Angling from boat,EFFORT,Juvenile effort,Not Applicable,N/A,N/A,344.17,13493.39,Fisher days,1.87,0.08,184.07,3916.82,Boat trips,62.58,Yes,0.98,0.039892735,0,0.04505374,0.915053526,0.039892735,0.084946474,7.343055666,0,8.293041841,168.4339025
2025-2026,Central Coast,2025,6,Area 7,Angling from boat,EFFORT,Juvenile effort,Not Applicable,N/A,N/A,8.97,62.48,Fisher days,1.87,0.08,4.8,17.91,Boat trips,4.23,Yes,0,0,0,0,1,0,0,0,0,0,4.8
2025-2026,Central Coast,2025,6,Area 9,Angling from boat,EFFORT,Juvenile effort,Not Applicable,N/A,N/A,52.57,1084.42,Fisher days,1.87,0.08,28.12,311.52,Boat trips,17.65,Yes,1,1,0,0,0,1,1,28.12,0,0,0
2024-2025,Central Coast,2025,3,Area 5,Angling from boat,EFFORT,Juvenile effort,Not Applicable,N/A,N/A,2.43,3.47,Fisher days,1.74,0.06,1.39,1.15,Boat trips,1.07,Yes,0,0,1,0,0,1,0,0,1.39,0,0
2025-2026,Central Coast,2025,5,Area 5,Angling from boat,EFFORT,Juvenile effort,Not Applicable,N/A,N/A,26.03,573.41,Fisher days,1.87,0.08,13.92,164.35,Boat trips,12.82,Yes,1,0,0,0,1,0,0,0,0,0,13.92
2025-2026,Central Coast,2025,5,Area 6,Angling from boat,EFFORT,Juvenile effort,Not Applicable,N/A,N/A,91.36,1882.07,Fisher days,1.87,0.08,48.86,542.38,Boat trips,23.29,Yes,1,0,0,0,1,0,0,0,0,0,48.86
2025-2026,Central Coast,2025,5,Area 8,Angling from boat,EFFORT,Juvenile effort,Not Applicable,N/A,N/A,26.03,573.41,Fisher days,1.87,0.08,13.92,164.35,Boat trips,12.82,Yes,1,0,0,0,1,0,0,0,0,0,13.92
