Population,Stat Area,CU,Year,Original Escapement Estimate,Database Estimate,Recommended Estimate,# Surveys Used in Estimate,Survey Method,Analysis Reliability (Pre 2004),Annual Est. Method,Annual Est. Classification,Recommended Method,Recommended Classification,Peak Timing Covered? (Y/N) (Peak Time),QA Comments,Annual Est. Rationale,AUC Recalculation,# of Surveys,Survey Type,CCFN QA Comments
aaltanhash,6,fraser_graham_reach,1980,,40,A/P,,,,,,,6,N (OCT),"No SILs available. Peak spawn is indicated as OCT, peak is not included in the survey period (last survey Sep. 17). Recommend estimate demoted to A/P due to surveys before peak spawning and small numbers observed.","Coho found above second series of falls, also a fair showing of fry in river above.",,4,,
aaltanhash,6,fraser_graham_reach,1981,,50,A/P,,,,,,,6,N (OCT),"No SILs available. Peak spawn is indicated as OCT, peak is not included in the survey period (last survey Sep. 22). Recommend estimate demoted to A/P due to only two surveys before peak spawning and small numbers observed.",Coho to beyond second falls.,,3,,
aaltanhash,6,fraser_graham_reach,1982,,50,A/P,,,,,,,6,N (OCT),"No SILs available. Peak spawn is indicated as OCT, peak is not included in the survey period (last survey Sep. 29). Recommend estimate demoted to A/P due to only two surveys before peak spawning and small numbers observed.",Coho to above second falls (3 miles).,,2,,
aaltanhash,6,fraser_graham_reach,1983,,50,A/P,,,,,,,6,N (OCT),"No SILs available. Peak spawn is indicated as OCT, peak is not included in the survey period (last survey Sep. 18). Recommend estimate demoted to A/P due to surveys before peak spawning and small numbers observed.",,,3,,
aaltanhash,6,fraser_graham_reach,1984,,10,A/P,,,,,,,6,N (OCT),"No SILs available. Peak spawn is indicated as OCT, peak is not included in the survey period (last survey Sep. 18). Recommend estimate demoted to A/P due to only two surveys before peak spawning and small numbers observed.",Coho above both first and second falls.,,2,,
aaltanhash,6,fraser_graham_reach,1985,,600,600,4,Visual,B,,,,4,N (UNK),"No SILs available. Peak spawn timing is unclear, SEN indicates start of spawning in OCT C, peak is not included in the survey period (last survey Oct. 17). Numerical estimate seems fair, recommend classification 4 due to provided reliability estimate and lack of available qualitative data.","Coho above first and second falls. Coho holding mainly below third falls, checked 1/4 mile above third falls, unable to find any indication of coho being able to get over third falls.",,4,Float,
aaltanhash,6,fraser_graham_reach,1986,,575,575,3,Visual,3,,,,4,N (NOV A),"No SILs available. Peak spawn is indicated as NOV A, peak is not included in the survey period (last survey Sep. 15). Numerical estimate seems fair, recommend classification 4 due to provided reliability estimate and lack of available qualitative data.",Coho to third falls.,,4,Walk / Float / Plane,
aaltanhash,6,fraser_graham_reach,1987,,465,465,4,Visual,1,,,,5,N (NOV A),"No SILs available. Peak spawn is indicated as NOV A, peak is not included in the survey period (last survey Sep. 4). Numerical estimate seems fair, recommend classification 5 due to provided reliability estimate and lack of available qualitative data.",Coho to third falls.,,4,Walk / Float,
aaltanhash,6,fraser_graham_reach,1988,,250,250,4,Visual,2,,,,5,N (UNK),"SILs available. Peak spawn timing is unclear, SEN indicates start of spawning in OCT A, peak is not included in the survey period (last survey Oct. 5). Numerical estimate seems fair, recommend classification 5 due to provided reliability estimate.",Coho to third falls. Suspect that coho able to get over third falls because of this years higher water levels throughout summer.,,4,Walk / Float,
aaltanhash,6,fraser_graham_reach,1989,,600,600,4,Visual,3,,,,4,N (UNK),"No SILs available. Peak spawn timing is unclear, assume peak spawning is not included in the survey period (last survey Sep. 19). Numerical estimate seems fair, recommend classification 4 due to provided reliability estimate and lack of available qualitative data.",Coho to third falls. On last inspection coho starting to spread out and move down stream from third falls.,,4,Walk / Float,
aaltanhash,6,fraser_graham_reach,1990,,300,300,5,Visual,3,,,,4,N (UNK),"No SILs available. Peak spawn timing is unclear, SEN indicates start of spawning in OCT B, peak is not included in the survey period (last survey Oct. 13). Numerical estimate seems fair, recommend classification 4 due to provided reliability estimate and lack of available qualitative data.",Coho to third falls. ,,5,Walk / Float,
aaltanhash,6,fraser_graham_reach,1991,,600,600,6,Visual,3,,,,4,N (UNK),"No SILs available. Peak spawn timing is unclear, SEN indicates start of spawning in OCT C, peak is not included in the survey period (last survey Oct. 29). Numerical estimate seems fair, recommend classification 4 due to provided reliability estimate and lack of available qualitative data.",Coho to third falls. 60% of coho spawning between second and third falls.,,6,Walk / Float,
aaltanhash,6,fraser_graham_reach,1992,,550,550,7,Visual,3,,,,4,N (UNK),"No SILs available. Peak spawn timing is unclear, SEN indicates start of spawning in OCT B, peak is not included in the survey period (last survey Oct. 17). Numerical estimate seems fair, recommend classification 4 due to provided reliability estimate and lack of available qualitative data.",Coho to third falls. 60% of coho spawning between 2nd and 3rd falls.,,7,Walk / Float,
aaltanhash,6,fraser_graham_reach,1993,,385,385,6,Visual,3,,,,4,N (UNK),"No SILs available. Peak spawn timing is unclear, assume peak spawning is not included in the survey period (last survey Sep. 27). Numerical estimate seems fair, recommend classification 4 due to provided reliability estimate and lack of available qualitative data.",Coho held below falls longer this year due to low water.,,6,Walk / Float,
aaltanhash,6,fraser_graham_reach,1994,,275,275,,Visual,2,,,,5,N (UNK),"No SILs available. Peak spawn timing is unclear, assume peak spawning is not included in the survey period (last survey Oct. 7). Numerical estimate seems fair, recommend classification 5 due to provided reliability estimate and lack of available qualitative data.",Coho to third falls. High water levels during Sept hindered spawner enumeration,,5,Walk / Float,
aaltanhash,6,fraser_graham_reach,1995,,220,220,,Visual,1,,,,5,N (UNK),"No SILs available. Peak spawn timing is unclear, assume peak spawning is not included in the survey period (last survey Sep. 13). Numerical estimate seems fair, recommend classification 5 due to provided reliability estimate and lack of available qualitative data.",Coho to third falls.,,5,Walk / Float,
aaltanhash,6,fraser_graham_reach,1996,,125,125,5,Visual,1,,,,5,N (UNK),"No SILs available. Peak spawn timing is unclear, assume peak spawning is not included in the survey period (last survey Sep. 24). Numerical estimate seems fair, recommend classification 5 due to provided reliability estimate and lack of available qualitative data.",High water levels caused cancelling of inspections to upper reaches couple times and caused poor visibility when able to inspect upper reaches for coho.,,5,Walk / Float,
aaltanhash,6,fraser_graham_reach,1997,,100,100,4,Visual,3,,,,4,N (UNK),"No SILs available. Peak spawn timing is unclear, assume peak spawn is not included in the survey period (last survey Oct. 3). Numerical estimate seems fair, recommend classification 4 due to provided reliability estimate and lack of available qualitative data.",,,6,Walk,
aaltanhash,6,fraser_graham_reach,1998,,325,325,3,Visual,4,,,,4,Y (OCT C),"No SILs available. Peak spawn timing is included in the survey period. Numerical estimate seems fair, recommend classification 4 due to provided reliability estimate and lack of available qualitative data.",Escapement estimate from observations during start and peak of the spawning period.,,3,Float,
aaltanhash,6,fraser_graham_reach,1999,,100,100,4,Visual,3,,,,4,N (UNK),"No SILs available. Peak spawn timing is unclear, it is noted in general comments from the available SEN that the coho estimate was generated from fish observed holding. Numerical estimate seems fair, recommend classification 4 due to provided reliability estimate and lack of available qualitative data.",Coho estimate is from numbers observed holding to impassable falls.,,5,Float,
aaltanhash,6,fraser_graham_reach,2000,,400,400,1,Visual,2,,,,5,N (UNK),"No SILs available. Peak spawn timing is unclear, it is noted in general comments from the available SEN that the coho estimate was generated from fish observed holding. Numerical estimate seems fair, recommend classification 5 due to basis on a single survey, provided reliability, and lack of available qualitative data.",Coho estimate from fish observed holding. The coho escapement amount does not take into account the stream inspection of November 20 which included 46 live and 12 dead coho.,,3,Float,
aaltanhash,6,fraser_graham_reach,2001,,800,800,11,Visual,3,,,,4,Y (NOV B),"No SILs available. Peak spawn timing is included in the survey period. Numerical estimate seems fair, recommend classification 4 due to provided reliability estimate and lack of available qualitative data.","Coho estimate from observations during start, peak, and end. In lower river, coho spawned over same riffles as used by pinks. Coho to end of Eastern Tributary lower River and to falls / cascades in Eastern Tributary joining mainstem just upstream from second falls, as well as to third falls and all flood channels main stem.",,10,Float,
aaltanhash,6,fraser_graham_reach,2002,,485,485,5,Visual,2,,,,5,Y (UNK),"No SILs available. Peak spawn timing is unclear, but it is noted in general comments from the available SEN that coho peak spawning was included in the survey period. Numerical estimate seems fair, recommend classification 5 due to provided reliability estimate and lack of available qualitative data. ","Coho estimate from observations during arrival, start, peak, and end of spawning period.",,6,Float,
aaltanhash,6,fraser_graham_reach,2003,,500,500,6,Visual,2,,,,5,N (UNK),"No SILs available. Peak spawn timing is unclear, start of spawning estimated as Oct B. It is noted in general comments from the available SEN that the coho estimate is from observations at arrival and start of spawning, suggests that peak timing was not captured in the survey period. Numerical estimate seems fair, recommend classification 5 due to provided reliability estimate and lack of available qualitative data.",Coho estimate from arrival to start of spawning.,,6,Float,
aaltanhash,6,fraser_graham_reach,2004,,550,1170,6,Visual,Medium,12,,12,4,Y (NOV A),"6/7 inspections saw coho, given annual estimate 550 represents a peak estimate. Peak spawning is included in the survey period (last survey Nov. 9). Recommend AUC (see AUC Recalculation), classification 4 due to reported poor visibility conditions in the middle and end of survey period.",,"AUC calculation using RT 30 days, OE 80%, and actual counts suggests escapements 1168.",7,Walk / Float,
aaltanhash,6,fraser_graham_reach,2005,,200,200,4,Visual,,5,5,5,5,N (UNK),"3/4 inspections saw coho, annual estimate 200 fair due to good showing of coho on Oct. 4 SIL. Classification 5 fair due to early end to survey period (last survey Oct. 4, start of spawning), estimate should be treated as a minimum observed escapement.","Coho - Estimate could possibly have been Class. 4, however was down graded because inspection period did not cover the spawning period and estimate is based on holding fish counts. The estimate assumes more coho did not enter the system after Oct 04.",,4,Walk / Float,
aaltanhash,6,fraser_graham_reach,2006,,950,950,6,Visual,,5,5,5,5,N (UNK),"All seven inspections saw coho, annual estimate 950 fair due to several surveys with good showing of coho. Classification 5 fair due to early end to survey period (last survey Oct. 13, start of spawning), argument could be made for classification 4 (either way, estimate is conservative).","Coho 
Remained with an estimate of 950 because at least two counts of approx. 900 were completed in holding areas with the last count being on Oct. 13. However moved the classification to 5 because no counts were done after spawning had started. The estimate would be conservative, however one could argue the estimate deserves a 4 classification.",,7,Walk / Float,
aaltanhash,6,fraser_graham_reach,2007,,350,350,4,Visual,,5,4,5,5,N (UNK),"3/4 inspections saw coho, annual estimate 350 fair due to good showing of coho on Sep. 14 SIL. Recommend changing classification to 5 due to early end to survey period (last survey Oct. 10, before start of spawning), estimate should be treated as a minimum observed escapement.",Coho - Estimate is from holding coho and assumes few if any coho entered the system after the Sept. 14th inspection (past years info suggest this is true). The Oct. inspection done under poor conditions for counting.  ,,4,Walk / Float,
aaltanhash,6,fraser_graham_reach,2008,,320,320,6,Visual,,5,5,5,5,N (UNK),"All six inspections saw coho, annual estimate 320 fair due to good showing of coho on Sep. 16 SIL. Classification 5 fair due to early end to survey period (last survey Oct. 11, start of spawning), estimate should be treated as a minimum observed escapement.",Coho - estimate based on observations form arrival to start in Oct. ,,6,Walk / Float,
aaltanhash,6,fraser_graham_reach,2009,,1250,1250,5,Visual,,5,5,5,5,N (UNK),"All five inspections saw coho, annual estimate 1250 fair due to good showing of coho on Oct. 9 SIL. Classification 5 fair due to early end to survey period (last survey Oct. 9, start of spawning), estimate should be treated as a minimum observed escapement.","Coho - Last inspection was prior to the start of spawning, estimate would be conservative thus the low reliability. ",,5,Float,
aaltanhash,6,fraser_graham_reach,2010,,400,400,5,Visual,,5,5,5,5,N (UNK),"All five inspections saw coho, annual estimate 400 fair due to good showing of coho on Sep. 10 SIL. Classification 5 fair due to early end to survey period (last survey Oct. 21, start of spawning), estimate should be treated as a minimum observed escapement.","Coho - Estimate based mainly on the one count to the third set of falls on Sept 10 before the start of spawning. Coho also observed during arrival off stream, arrival in stream and start of spawning. Estimate should be considered a minimum.",,5,Walk / Float,
aaltanhash,6,fraser_graham_reach,2011,,400,400,6,Visual,,5,3,5,5,N (UNK),"6/7 inspections saw coho, annual estimate 400 fair due to good showing of coho on Oct. 15 SIL. Recommend changing classification to 5 due to early end to survey period (last survey Oct. 15, start of spawning), estimate should be treated as a minimum observed escapement.","Estuary and in stream counts and estimates during arrival off stream, arrival in stream and start of spawning for Coho.",,7,Walk / Float,
aaltanhash,6,fraser_graham_reach,2012,,660,660,6,Visual,,5,4,5,5,N (UNK),"All six inspections saw coho, annual estimate 660 fair due to good showing of coho on Sep. 7 SIL. Recommend changing classification to 5 due to early end to survey period (last survey Oct. 8, start of spawning), estimate should be treated as a minimum observed escapement.","Estuary and in stream counts and estimates during arrival off stream, arrival in stream and start of spawning for Coho. Coho - Estimate is based mainly on the September 7th peak count of 660. Counts after that suggested that not many more entered the stream after that date although counts were limited by visibility. Also one of the later counts was for Pink and Chum and the assessmenrt did not include the upper areas of Coho spawning. ",,6,Walk / Float,
aaltanhash,6,fraser_graham_reach,2013,,NA,400,5,Visual,,,,1,4,N (UNK),"No annual estimate in database. 5/6 inspections saw coho. Estimated escapement to date on final SIL was 400, Oct. 11 indicated as start of spawning period. Survey conditions this year were variable with nil to good visibility reported. Recommend estimate 400, estimate method 1 (peak estimate), classification 4 due to early end to survey period.",,,6,Walk / Float,
aaltanhash,6,fraser_graham_reach,2014,,A/P,A/P,5,Visual,,5,3,5,6,N (UNK),"All five inspections saw coho, A/P fair due to early end to survey period (last survey Sep. 30, before start of spawning). Recommend classification 6 due to A/P designation.",Estuary and in stream counts and estimates during arrival off stream and arrival in stream for Coho. ,,5,Walk / Float,
aaltanhash,6,fraser_graham_reach,2015,,A/P,A/P,5,Visual,,5,6,5,6,N (UNK),"3/5 inspections saw coho, A/P fair due to small numbers observed and early end to survey period (last survey Sep. 10, before start of spawning).",For coho arrival in creek for estimates of holding coho through reaches below first falls. No end of spawning inspection made due to the earlier than usual end of contract period.,,5,Float,
aaltanhash,6,fraser_graham_reach,2016,,A/P,350,5,Visual,,5,6,5,5,N (UNK),"All five inspections saw coho, good candidate for numerical estimate. Recommend annual estimate 350 (estimated escapement to date on last SIL), classification 5 due to early end to survey period (last survey Sep. 13, before start of spawning). Preferable to provide minimum observed escapement over A/P.",For coho arrival in creek for estimates of holding coho through reaches below first falls. No end of spawning inspection made for pink and coho due to high water levels.,Not a candidate due to incomplete coverage of run timing.,5,Float,
aaltanhash,6,fraser_graham_reach,2017,,N/I,N/I,,,,,6,,6,,"No SILs available, stream was not inspected this year, N/I estimate is fair.",,,,,
aaltanhash,6,fraser_graham_reach,2018,,N/I,A/P,,Visual,,,6,,6,N (UNK),"2/4 inspections saw coho, A/P fair due to small numbers observed and only seen in early surveys (Aug. 6, 22, both before start of spawning).",Coho - could not see fish in dark pools.,,4,Walk / Float,
aaltanhash,6,fraser_graham_reach,2019,,No Record,A/P,,Visual,,,,,6,N (UNK),"No annual estimate in database. 2/4 inspections saw coho. Peak timing unclear, last survey was on Sep. 7. Survey conditions this year were poor, coho visibility and reliability was low. Recommend estimate A/P.",,,4,Float,
aaltanhash,6,fraser_graham_reach,2020,,N/I,N/I,,Visual,,,6,,6,,"N/I fair due to no adults seen and early end to survey period (last survey Sep. 2, before start of spawning)",,,2,Walk / Float,
aaltanhash,6,fraser_graham_reach,2021,,A/P,A/P,,Visual,,,6,,6,N (UNK),"All three inspections saw coho, A/P fair due to early end to survey period (last survey Aug. 30, before start of spawning) and small numbers observed.",,,3,Walk / Float,
aaltanhash,6,fraser_graham_reach,2022,,A/P,N/I,,Visual,,,6,,6,N (UNK),"A/P estimate is the result of an auto-fill error in the access database, should be N/I (none observed and survey period ended before the start of spawning.)",,,3,Walk / Float,
aaltanhash,6,fraser_graham_reach,2023,,A/P,N/I,,Visual,,,6,,6,N (UNK),"A/P estimate is the result of an auto-fill error in the access database, should be N/I (none observed and survey period ended before the start of spawning.)",,,3,Walk / Float,
aaltanhash,6,fraser_graham_reach,2024,,A/P,A/P,,Visual,,,6,,6,N (UNK),"All three inspections saw coho, A/P classification fair. Last inspection with coho observation was before the start of spawning.",,,3,Walk / Float,
arnoup,6,hecate_strait_mainland,1980,210,210,A/P,,,,,,,,N (Oct C),"6 inspections this year, done before peak. No rationale included, no method or reliability. Pink and chum were the target species, estimate likely just the amount of Coho seen on inspections. Could be switched to A/P.",,,6,,
arnoup,6,hecate_strait_mainland,1981,150,150,A/P,,,,,,,,N (Oct C),"5 inspections this year, done before peak. No rationale included, no method or reliability. Pink and chum were the target species, estimate likely just the amount of Coho seen on inspections. Could be switched to A/P.",,,5,,
arnoup,6,hecate_strait_mainland,1982,400,400,A/P,,,,,,,,N (Oct C),"7 inspections this year, done before peak. No rationale included, no method or reliability. Pink and chum were the target species, estimate likely just the amount of Coho seen on inspections. Could be switched to A/P.",,,7,,
arnoup,6,hecate_strait_mainland,1983,150,150,A/P,,,,,,,,N (Oct C),"5 inspections this year, done before peak. No rationale included, no method or reliability. Pink and chum were the target species, estimate likely just the amount of Coho seen on inspections. Could be switched to A/P.",,,5,,
arnoup,6,hecate_strait_mainland,1984,400,400,A/P,,,,,,,,N (Oct C),"4 inspections this year, done before peak. No rationale included, no method or reliability. Pink and chum were the target species, estimate likely just the amount of Coho seen on inspections. Could be switched to A/P.",,,4,,
arnoup,6,hecate_strait_mainland,1985,300,300,A/P,4,F,B,,,,,N (Oct C),"6 inspections this year, done before peak. No rationale included. Pink and chum were the target species, estimate likely just the amount of Coho seen on inspections. Could be switched to A/P.",,,6,,
arnoup,6,hecate_strait_mainland,1986,215,215,A/P,4,1/2,3,,,,,N (Oct C),"7 inspections this year, done before peak. No rationale included, medium reliability of 3. Pink and chum were the target species, estimate likely just the amount of Coho seen on inspections. Could be switched to A/P.",,,7,,
arnoup,6,hecate_strait_mainland,1987,150,150,A/P,2,1,2,,,,,N (Oct C),"6 inspections this year, done before peak. No rationale included, low reliability of 2. Pink and chum were the target species, estimate likely just the amount of Coho seen on inspections. Could be switched to A/P.",,,6,,
arnoup,6,hecate_strait_mainland,1988,250,250,A/P,7,1,3,,,,,N (Oct C),"7 inspections this year, done before peak. No rationale included, medium reliability of 3. Pink and chum were the target species, estimate likely just the amount of Coho seen on inspections. Could be switched to A/P.",,,7,,
arnoup,6,hecate_strait_mainland,1989,300,300,A/P,5,1,3,,,,,N (Oct C),"8 inspections this year, done before peak. No rationale included, medium reliability of 3. Pink and chum were the target species, estimate likely just the amount of Coho seen on inspections. Could be switched to A/P.",,,8,,
arnoup,6,hecate_strait_mainland,1990,125,125,A/P,4,1,2,,,,,N (Oct C),"7 inspections this year, done before peak. No rationale included, low reliability of 2. Pink and chum were the target species, estimate likely just the amount of Coho seen on inspections. Could be switched to A/P.",,,7,,
arnoup,6,hecate_strait_mainland,1991,250,250,A/P,6,1,2,,,,,N (Oct C),"6 inspections this year, done before peak. No rationale included, low reliability of 2. Pink and chum were the target species, estimate likely just the amount of Coho seen on inspections. Could be switched to A/P.",,,9,,
arnoup,6,hecate_strait_mainland,1992,350,350,A/P,7,1,2,,,,,N (Oct C),"7 inspections this year, done before peak. No rationale included, low reliability of 2. Pink and chum were the target species, estimate likely just the amount of Coho seen on inspections. Could be switched to A/P.",,,7,,
arnoup,6,hecate_strait_mainland,1993,275,275,A/P,7,1,2,,,,,N (Oct C),"7 inspections this year, done before peak. No rationale included, low reliability of 2. Pink and chum were the target species, estimate likely just the amount of Coho seen on inspections. Could be switched to A/P.",,,7,,
arnoup,6,hecate_strait_mainland,1994,400,400,A/P,,1,2,,,,,N (Oct C),"6 inspections this year, done before peak. No rationale included, low reliability of 2. Pink and chum were the target species, estimate likely just the amount of Coho seen on inspections. Could be switched to A/P.",,,6,,
arnoup,6,hecate_strait_mainland,1995,270,270,A/P,,1,1,,,,,N (Oct C),"4 inspections this year, done before peak. No rationale included, very low reliability of 1. Pink and chum were the target species, estimate likely just the amount of Coho seen on inspections. Could be switched to A/P.",,,4,,
arnoup,6,hecate_strait_mainland,1996,200,200,A/P,5,1,2,,,,,N (Oct C),"6 inspections this year, done before peak. No rationale included, low reliability of 2. Pink and chum were the target species, estimate likely just the amount of Coho seen on inspections. Could be switched to A/P.",,,6,,
arnoup,6,hecate_strait_mainland,1997,165,165,A/P,5,1,2,,,,,N (Oct C),"5 inspections this year, done before peak. No rationale included, low reliability of 2. Pink and chum were the target species, estimate likely just the amount of Coho seen on inspections. Could be switched to A/P.",,,5,,
arnoup,6,hecate_strait_mainland,1998,700,700,A/P,4,1,2,,,,,N (Oct C),"4 inspections this year, done before peak. No rationale included, low reliability of 2. Pink and chum were the target species, estimate likely just the amount of Coho seen on inspections. Could be switched to A/P.",,,4,,
arnoup,6,hecate_strait_mainland,1999,120,120,A/P,3,1,1,,,,,N (Oct C),"3 inspections this year, done before peak. No rationale included, very low reliability of 1. Pink and chum were the target species, estimate likely just the amount of Coho seen on inspections. Could be switched to A/P.",Coho estimate from observation in creek below passable falls in left fork.,,3,,
arnoup,6,hecate_strait_mainland,2000,250,250,A/P,2,1,1,,,,,N (Oct C),"4 inspections this year, done before peak. No rationale included, very low reliability of 1. Pink and chum were the target species, estimate likely just the amount of Coho seen on inspections. Could be switched to A/P.",Coho estimate from observations near peak and end of upstream migration period.,,4,,
arnoup,6,hecate_strait_mainland,2001,600,600,600,4,1,2,,,,,Y (Oct C),"4 inspections done this year, low reliability of 2 and peak was seen. Enough information to create an accurate estimate, orginal estimate is likely valid.",Coho estimate from observations of coho holding in mainstem below s and holding pool above falls left fork. Inspection for coho lte Oct. done during high water levels and unable to access upper watershed of left tributary where majority of returm hold and spawn.,,4,,
arnoup,6,hecate_strait_mainland,2002,1000,1000,4000,4,1,2,,,,,Y (Oct C),"4 inspections done this year, low reliability of 2 and peak was seen. Enough information to create an accurate estimate, orginal estimate is likely valid.","Pink, chum, and coho estimates from observations during arrival, start peak, and end of spawning period. ",,4,,
arnoup,6,hecate_strait_mainland,2003,450,450,450,4,1,2,,,,,Y (Oct C),"4 inspections done this year, low reliability of 2 and peak was seen. Enough information to create an accurate estimate, orginal estimate is likely valid.","Pink, coho, and chum estimate from observations at arrival to near peak of spawning. One sockeye seen.",,4,,
arnoup,6,hecate_strait_mainland,2004,NA,A/P,A/P,4,,,,,,6,N (Oct C),"Escapement estimate is valid. Chum and pink are the main targets for this streams inspections. Peak coho timing was not seen, there was not enough inofrmation to generate an escapement estimate this year.",Coho highest count was 508 during last inspection.,,5,,
arnoup,6,hecate_strait_mainland,2005,NA,A/P,A/P,5,,,,,,6,N (Oct C),"Escapement estimate is valid. Chum and pink are the main targets for this streams inspections. Peak coho timing was not seen, there was not enough inofrmation to generate an escapement estimate this year.","Highest single inspection count of coho was 210 coho and sockeye 2.
It is unfortunate that a count could not be done (due to high dirty water) on the Aug. 31 inspection. As a result the estimate relies mostly on the Sept. 11th count.",,5,,
arnoup,6,hecate_strait_mainland,2006,NA,A/P,A/P,7,,,5,6,,6,N (Oct C),"Escapement estimate is valid. Chum and pink are the main targets for this streams inspections. Peak coho timing was not seen, there was not enough inofrmation to generate an escapement estimate this year.","Observations at arrival, start, peak and finish for pinks, arrival start and peak for chums, start and end for sockeye and arrival for coho. ",,7,,
arnoup,6,hecate_strait_mainland,2007,NA,A/P,A/P,4,,,,6,,6,N (Oct C),"Escapement estimate is valid. Chum and pink are the main targets for this streams inspections. Peak coho timing was not seen, there was not enough inofrmation to generate an escapement estimate this year.","Coho - High water levels in the late fall prevented inspection of the upper reaches. Highest single count was 53, estimate an escapement of 100 to 200.
",,4,,
arnoup,6,hecate_strait_mainland,2008,NA,A/P,A/P,5,,,,6,,6,N (Oct C),"Escapement estimate is valid. Chum and pink are the main targets for this streams inspections. Peak coho timing was not seen, there was not enough inofrmation to generate an escapement estimate this year.",Coho -  from observations of coho passing through reaches below falls. Highest count was 118 with patrolman estimating over 200 for the year.,,5,,
arnoup,6,hecate_strait_mainland,2009,NA,A/P,A/P,2,,,,6,,6,N (Oct C),"Escapement estimate is valid. Chum and pink are the main targets for this streams inspections. Peak coho timing was not seen, there was not enough inofrmation to generate an escapement estimate this year."," During the two visits,  counted a total of 155 chum and 55 coho but these low numbers give little indication of what may have been the final return.",,2,,
arnoup,6,hecate_strait_mainland,2010,NA,A/P,A/P,2,,,5,6,,6,N (Oct C),"Escapement estimate is valid. Chum and pink are the main targets for this streams inspections. Peak coho timing was not seen, there was not enough inofrmation to generate an escapement estimate this year.",Coho were seen twice (highest single count of 68).,,4,,
arnoup,6,hecate_strait_mainland,2011,NA,A/P,A/P,3,,,5,4,,6,N (Oct C),"Escapement estimate is valid. Chum and pink are the main targets for this streams inspections. Peak coho timing was not seen, there was not enough inofrmation to generate an escapement estimate this year.","Coho - highest count 60 see General Comments.
",,6,,
arnoup,6,hecate_strait_mainland,2012,NA,A/P,A/P,4,,,,5,,6,N (Oct C),"Escapement estimate is valid. Chum and pink are the main targets for this streams inspections. Peak coho timing was not seen, there was not enough inofrmation to generate an escapement estimate this year.",Coho were observed during off stream arrival and in stream arrival.,,6,,
arnoup,6,hecate_strait_mainland,2013,NA,,,,,,,,,,N (Oct C),No data available for this year.,,,,,
arnoup,6,hecate_strait_mainland,2014,NA,A/P,A/P,3,,,,6,,6,N (Oct C),"Escapement estimate is valid. Chum and pink are the main targets for this streams inspections. Peak coho timing was not seen, there was not enough inofrmation to generate an escapement estimate this year.","Estuary and in stream counts and estimates during arrival off stream, arrive in stream, start, peak of spawning period for pinks and  chums. Off stream arrival, in stream arrival for coho.",,3,,
arnoup,6,hecate_strait_mainland,2015,NA,A/P,A/P,5,,,5,6,,6,N (Oct C),"Escapement estimate is valid. Chum and pink are the main targets for this streams inspections. Peak coho timing was not seen, there was not enough inofrmation to generate an escapement estimate this year.","Estimate made from observation during arrival off stream, arrival in stream, start and peak of spawning for pinks and chums, for coho arrival off stream and arrival and holding coho in stream.",,5,,
arnoup,6,hecate_strait_mainland,2016,NA,A/P,A/P,1,,,5,6,,6,N (Oct C),"Escapement estimate is valid. Chum and pink are the main targets for this streams inspections. Peak coho timing was not seen, there was not enough inofrmation to generate an escapement estimate this year.","Estimate made from observation during arrival off stream, arrival in stream, start and peak of spawning for pinks and near end for chums, for coho arrival and holding coho in stream. ",,2,,
arnoup,6,hecate_strait_mainland,2017,NA,N/I,N/I,,,,,6,,6,N (Oct C),Escapement estimate is valid. Coho were not inspected this year.,Not inspected.,,,,
arnoup,6,hecate_strait_mainland,2018,NA,A/P,A/P,,,,,6,,6,N (Oct C),"Escapement estimate is valid. Chum and pink are the main targets for this streams inspections. Peak coho timing was not seen, there was not enough inofrmation to generate an escapement estimate this year.",,,2,,
arnoup,6,hecate_strait_mainland,2019,358,358,A/P,,,,,6,,6,N (Oct C),Orignial escapement estimate for this year was listed at 358. There is no information in the estimate rationale as to how this was reached. Estimate could be switched to A/P.,,,3,,
arnoup,6,hecate_strait_mainland,2020,NA,N/I,N/I,,,,,6,,6,N (Oct C),Escapement estimate is valid. Coho were not inspected this year.,,,3,,
arnoup,6,hecate_strait_mainland,2021,A/P,A/P,A/P,3,,,12,6,,6,N (Oct C),"Escapement estimate is valid. Chum and pink are the main targets for this streams inspections. No rationale included for coho. Peak coho timing was not seen, there was not enough inofrmation to generate an escapement estimate this year.",,,3,,
arnoup,6,hecate_strait_mainland,2022,A/P,A/P,A/P,4,,,,6,,6,N (Oct C),"Escapement estimate is valid. Chum and pink are the main targets for this streams inspections. No rationale included for coho. Peak coho timing was not seen, there was not enough inofrmation to generate an escapement estimate this year.",,,4,,
arnoup,6,hecate_strait_mainland,2023,,,,,,,,,,,,No data available for this year.,,,,,
arnoup,6,hecate_strait_mainland,2024,,,,,,,,,,,,No data available for this year.,,,,,
belowe_ck,5,lower_grenville,1980,,500,500,,,,,,,4,N (OCT),"No SILs available. Peak spawn is indicated as OCT, it is unclear if there were surveys around peak (no dates provided). Numerical estimate seems fair, recommend classification 4 due to lack of information regarding the estimate and surveys.",Coho distributed to falls. Stream inspected periodically by staff.,,UNK,,
belowe_ck,5,lower_grenville,1981,,300,300,,,,,,,4,Y (SEP),"No SILs available. Peak spawn is indicated as SEP, it is likely were surveys aroung peak (no dates provided). Numerical estimate seems fair, recommend classification 4 due to lack of information regarding the estimate and surveys.",Coho to falls. Stream inspected periodically by staff.,,UNK,,
belowe_ck,5,lower_grenville,1982,,NA,N/I,,,,,,,6,,"Coho were not reported on the SEN, assumed N/I. There was a single survey on Sep. 5.",,,1,,
belowe_ck,5,lower_grenville,1983,,NA,N/I,,,,,,,6,,"Coho were not reported on the SEN, assumed N/I. There was a single survey on Aug. 20.",,,1,,
belowe_ck,5,lower_grenville,1984,,100,100,1,Visual,C,,,,5,N (UNK),"No SILs available. Peak spawn timing is unclear, surveys were conducted on Aug. 25 and Sep. 20. Numerical estimate seems fair, recommend classification 5 due to few surveys likely before spawning and provided reliability estimate.","Coho present, estimate of escapment made from previous spawn records.",,2,Walk / Other,
belowe_ck,5,lower_grenville,1985,,UNK,N/I,,,,,,,6,UNK,"No SILs available. Peak spawn timing is unclear, surveys were conducted on Aug. 26 and Sep. 26. Recommend estimate changed to N/I as there are no comments mentioning coho.",,,2,,
belowe_ck,5,lower_grenville,1986,,340,N/I,,,,,,,6,UNK,"No SILs available. Peak spawn timing is unclear, surveys were conducted on Sep. 9 and Sep. 16. Recommend estimate changed to N/I as there are no comments mentioning coho.",,,2,,
belowe_ck,5,lower_grenville,1987,,,N/I,,,,,,,6,,"Coho were not reported on the SEN, assumed N/I. There were surveys on Sep. 15, Sep. 24, Oct. 12.",,,3,,
belowe_ck,5,lower_grenville,1988,,,N/I,,,,,,,6,,"Coho were not reported on the SEN, assumed N/I. There were surveys on Aug. 31, Sep. 7, Sep. 14, Sep. 28.",,,4,,
belowe_ck,5,lower_grenville,1989,,UNK (present),A/P,3,Visual,1,,,,6,,"No SILs available. Peak spawn timing is unclear, surveys were conducted on Sep. 6, Sep 19, Oct. 3. Noted in comments that 25 coho were observed. Recommend estimate changed to A/P.",25 coho observed,,3,Walk,
belowe_ck,5,lower_grenville,1990,,4,A/P,1,Visual,3,,,,6,,"No SILs available. Peak spawn timing is unclear, surveys were conducted on Sep. 1, Sep. 17, Oct. 2. Recommend estimate changed to A/P due to single digit estimate and comments detailing poor survey conditions.","Coho in pools, unable to count. Flooding in late October made coho enumeration impossible.",,3,Walk,
belowe_ck,5,lower_grenville,1991,,N/O,N/O,,,,,,,6,,"No SILs available. Peak spawn timing is unclear, single survey was conducted on Sep. 7. N/O appropriate.",,,1,,
belowe_ck,5,lower_grenville,1992,,N/O,N/O,,Visual,1,,,,6,,"No SILs available. Peak spawning is included in the survey period (peak survey Sep. 20). Other surveys were conducted on Aug. 6, 13, 31. N/O appropriate.",Given freshet conditions in September not adequately inspected during peak spawning times.,,4,Walk / Float,
belowe_ck,5,lower_grenville,1993,,UNK,A/P,1,Visual,2,,,,6,,"No SILs available. Peak spawn timing is unclear, surveys were conducted on Aug. 17, Sep. 4, Sep. 19 (one saw coho). Recommend estimate changed to A/P.",,,3,Walk,
belowe_ck,5,lower_grenville,1994,,-3,N/I,,,,,,,6,,"No SILs available. Peak spawn timing is unclear, single survey was conducted on Aug 24. Recommend estimate changed to N/I.",,,1,,
belowe_ck,5,lower_grenville,1995,,N/I,N/I,,,,,,,6,,"No SILs available. Peak spawn timing is unclear, surveys were conducted on Aug. 23, Sep. 6, Oct. 1. N/I appropriate.",,,2,,
belowe_ck,5,lower_grenville,1996,,N/O,N/O,,Visual,,,,,6,,"No SILs available. Peak spawn timing is unclear, surveys were conducted on Aug. 30, Sep. 11, Sep. 22. N/O appropriate.",,,3,Walk,
belowe_ck,5,lower_grenville,1997,,N/I,N/I,,,,,,,6,,"No SILs available. Peak spawn timing is unclear, surveys were conducted on Aug. 7, Aug. 11, Aug. 21, Sep. 7. N/I appropriate.",,,4,,
belowe_ck,5,lower_grenville,1998,,200,200,3,Visual,2,,,,5,N (OCT B),"No SILs available. Peak survey was not conducted due to gap in survey period (Oct. 6 - Oct. 22). Note that on Oct. 6 it was impossible to count fish due to water levels. Numerical estimate seems fair, recommend classification 5 due to provided reliability estimate and poor detail of estimate and surveys.",Unable to count fish due to water levels Oct. 6.,,6,Walk,
belowe_ck,5,lower_grenville,1999,,400,400,4,Visual,1,,,,5,Y (NOV),"No SILs available. Peak spawn timing is unclear, but estimated to have occurred at some time between OCT C and DEC A (surveys conducted on Sep. 8, Sep. 22, Nov. 6, Nov. 20). Estimate seems to be based on the two surveys in November. Numerical estimate seems fair, recommenc classificaiton 5 due to provided reliability estimate.",168 coho seen during 1st inspection in november and 125 during 2nd inspection. Require more inspections to increase reliability.,,4,Walk,
belowe_ck,5,lower_grenville,2000,,200,200,4,Visual,1,,,,4,Y (OCT C),"No SILs available. The estimated peak period (OCT C) was not inspected, but the survey on Oct. 15 can be used as a peak count. It is unclear how the estimate was generated. See annual est. rationale for coho counts by survey date. Numerical estimate appropriate, recommend classification 4, spawning period was reasonably covered and an adequate number of surveys were conducted.",Coho counts: Sep. 5 = 2; Sep. 21 = 3; Oct. 13 = 11; Nov. 8 = 131; Nov. 22 = countability nil.,,6,Walk,
belowe_ck,5,lower_grenville,2001,,200,200,3,Visual,2,,,,4,Y (OCT C),"No SILs available. Peak spawning is included in the survey period (peak survey Oct. 24). Numerical estimate seems fair, unclear how it was generated. Recommend classificaiton 4, spawning period was reasonably covered and an adequate number of surveys were conducted.",Reliability marked down for coho due to poor conditions during several of the inspections.,,5,Walk,
belowe_ck,5,lower_grenville,2002,,600,600,3,Visual,2,,,,4,N (NOV A),"No SILs available. Peak survey was not conducted due to gap in survey period (Oct. 19 - Nov. 10). Numerical estimate seems fair, unclear how it was generated. Recommend classification 4, adequate number of surveys used and spawning period may have been reasonably covered.",The Hartley Bay Hatchery has been given a permit to release coho fry into Belowe Lake since 1982. Adult salmon can not enter into the lake because of a falls. However fry have never been released into the lake. Belowe Lake will be removed from the permit from this point on. This should maintain the integrity of this system as an indicator of wild coho production.,,5,Walk,
belowe_ck,5,lower_grenville,2003,,300,300,3,Visual,1,,,,5,N (OCT C),"No SILs available. Peak survey was not conducted due to gap in survey period (Oct. 15 - Nov. 7). Numerical estimate seems fair, estimate based on 3 or 4 surveys. See annual est. rationale for coho counts by survey. Recommend classification 5 due to provided reliability estimate.",Oct. 15 - 230 coho; Nov. 7 = 108 coho; Nov. 22 = 24 coho. The coho run appeared to be almost over on Nov. 22. Need more inspections to increase coho estimate reliability.,,5,Walk,
belowe_ck,5,lower_grenville,2004,,225,225,3,Visual,Medium,12,,3,4,N (NOV A),"4/6 inspections saw coho. Critical peak survey missed, but survey period covered spawn timing well. Recommend AUC calculation. Recommend classification 4 due to provided reliability estimate.",The coho escapement was estimated by Stan Hutchings. Three inspections were made to estimate the final coho escapement. The actual counts of the entire system were used to derive the final escapement. ,"AUC - 256: use observed totals, RT 40 days, OE 80%.",6,Walk,
belowe_ck,5,lower_grenville,2005,,320,290,3,Visual,,3,4,3,3 / 4,Y (OCT C),"5/7 inspections saw coho. Peak spawn timing is unclear, SILs indicate peak was in OCT C (peak survey Oct. 23). AUC seems appropriate, see AUC recalculation. If using original calculation, classification 4. If using new calculation, classification 3.","Coho: The Auc calculation using inspections October 4, November 2 & 16 with October 3 and November 17 = 1 with a 20 day spawner residency and 90% observer efficiency = 319.","AUC calculation given matches but would represent a minimum estimate due to only using 3 counts around peak. Recommend recalculation with the following parameters: RT 30 days; OE 90; actual counts from Aug. 26, Sep. 9, Sep. 23, Oct. 4, Nov. 2, Nov. 16; do not include artificial zero counts. New AUC = 286.",7,Walk,
belowe_ck,5,lower_grenville,2006,,130,130,5,Visual,,3,4,3,3,Y (OCT C),"6/7 inspections saw coho. The estimated peak period (OCT C) was not inspected, but the survey on Nov. 2 can be used as a peak count. AUC seems appropriate, classificaiton 4 fair, could be upgraded to classification 3 due to good resolution and spawning period coverage.","Coho:  AUC calculation using all counts instream, 35 day residency and 80% observer efficiency = 127.",AUC calculation given matches (132),7,Walk / Float,
belowe_ck,5,lower_grenville,2007,,60,70,4,Visual,,3,3,3,4,Y (OCT C),"4/5 inspections saw coho. Peak spawning was included in the survey period (peak survey Oct. 24). AUC seems appropriate, recommend using new calculation with all counts. Recommend classification 4 due to medium/low resolution.","Coho - AUC calculation using the last three coho counts,residency of 26 days and observer efficiency of 80% = 59.",AUC calculation given matches. Recommend adding count from Sep. 12 inspection. New calculation = 71,5,Walk / Float,
belowe_ck,5,lower_grenville,2008,,150,150,7,Visual,,5,3,3,3,Y (NOV A),"6/8 inspections saw coho. Peak spawning was included in the survey period (peak survey Nov. 9), but highest count was on Oct. 15. AUC seems appropriate, classification 3 fair due to good resolution and spawning period coverage.",Coho: Patrolman's estimate was 150. An AUC calculation with a residency time of 30 days and an observer of 100% also suggests the estimate to be 150.,AUC calculation given matches.,8,Walk / Float,
belowe_ck,5,lower_grenville,2009,,210,210,8,Visual,,3,3,3,3,Y (OCT C),"8/9 inspections saw coho. The estimated peak period (OCT C) was not inspected, but the survey on Oct. 15 can be used as a peak count. AUC seems appropriate, classification 3 fair due to good resolution and spawning period coverage.",High water conditions made it difficult to generate an estimate this year but I feel it is accurate.  Coho were enumerated in Belowe Creek on a regular basis throughout the spawning season. Actual counts were used for each inspection and were entered into the AUC program using a 50 day residency time and a 90% observer efficiency to calculate the final escapement. Residency time was estimated from August 27 (first coho) to October 15 (spawning). August 27 was used as the first coho instead of August 18 to average out the residency timing as it is unusual for only two fish to be in the stream for so long. The AUC program was run using all dates except October 15 and then adding the new fish on October 15. Results were the same even though the 135 new coho on October 15 had a much shorter residency time. The AUC program caluclated a range from a low of 200 to as high as 225.,AUC calculation given matches.,9,Walk / Float,
belowe_ck,5,lower_grenville,2010,,180,180,6,Visual,,3,4,3,4,Y (OCT B),"6/9 inspections saw coho. Peak spawning was included in the survey period (peak survey Oct. 15). AUC seems appropriate, classification 4 fair due to sub-optimal survey conditions.",Coho: August 26 - An AUC calculation using all instream counts with a 35 day residency time and an observer efficiency of 80% suggests the coho estimate to be 180. ,AUC calculation given matches (170),9,Walk / Float,
belowe_ck,5,lower_grenville,2011,,100,100,6,Visual,,3,3,3,3,Y (OCT B),"6/7 inspections saw coho. Peak spawning was included in the survey period (peak survey Oct. 14), but highest count was on Sep. 2 before start of spawning. AUC seems appropriate, classification 3 fair due to good resolution and spawning period coverage. ","Coho - An AUC calculation using six inspections (September 2, 13, 25, October 14, 30 and November 19) with a  40 day residency time and an observer efficiency of 80% suggest the coho estimate to be 100.",AUC calculation given matches.,7,Walk / Float,
belowe_ck,5,lower_grenville,2012,,110,110,5,Visual,,3,3,3,4,Y (OCT C),"5/6 inspections saw coho. Peak spawning was included in the survey period (peak survey Oct. 27). AUC seems appropriate, classification 3 fair due to good resolution and spawning period coverage.",For coho the information collected from the 5 inspections was entered into the AUC program using a 50 day Residency Time and a 90% Observer Efficiency to calculate the final escapement. ,AUC calculation given matches.,6,Walk / Float,
belowe_ck,5,lower_grenville,2013,,100,100,4,Visual,,3,4,3,4,Y (OCT C),"3/4 inspections saw coho. Peak spawning was included in the survey period (peak survey Oct. 27, highest count Oct. 15). AUC may be appropriate, see AUC Recalculation. Classification 4 seems appropriate due to low resolution.",Four inspections were completed to enumerate coho this season. The information collected from each inspection was enered into the AUC program using a 40 day RT and a 90% OE to calculate the final escapement.,"AUC calculated with the following parameters: RT 40 days; OE 90%; actual counts, suggests escapement estimate 96.",4,Walk / Float,
belowe_ck,5,lower_grenville,2014,,25,A/P,3,Visual,,3,3,,6,N (OCT C),All three inspections saw coho. Peak survey was not conducted due to critical gap in survey period (Sep. 24 - Nov. 1). AUC not appropriate due to missing surveys at peak spawning. Recommend estimate changed to A/P due to very small numbers observed and sub-optimal survey conditions reported.,The information collected for coho was entered into the AUC program using 40 day RT and a 80% OE to calculate a final escapement of 25.,,3,Walk / Float,
belowe_ck,5,lower_grenville,2015,,45,50,4,Visual,,3,4,3,4,Y (OCT C),"3/5 inspections saw coho. Peak spawning was included in the survey period (peak survey Oct. 28). AUC seems appropriate, classification 4 fair due to low resolution.",Four coho inspections were completed in 2015. The actual coho counts collected from each inspection were entered into the AUC program using a 40 day RT and a 70% OE to calculate the final escapement 45. The 40 day residence time is the total time instream(arrival to dead).,AUC calculation given matches (51).,5,Walk / Float,
belowe_ck,5,lower_grenville,2016,,115,115,3,Visual,,3,3,3,4,Y (OCT C),"3/5 inspections saw coho. Peak spawning was included in the survey period (peak survey Oct. 27). AUC seems appropriate, recommend classification 4 due to low resolution.",The annual coho escapement is based on the 3 inspections of the creek. The counts collected from each inspection were entered into the AUC program using a  32 day RT and a 90% OE to calculate the final escapement of 115.,AUC calculation given matches.,5,Walk / Float,
belowe_ck,5,lower_grenville,2017,,150,150,3,Visual,,3,3,3,4,N (OCT C),"3/4 inspections saw coho. Peak survey was not conducted due to critical gap in survey period (Oct. 4 - Nov. 4). AUC seems appropriate, recommend classification 4 due to low resolution and missed peak survey.",3 inspections were completed for coho and the actual counts collected from each inspection was entered into the AUC program using a 42 day RT and a 80% OE to calculate the final escapement.,AUC calculation given matches (144).,4,Walk / Float,
belowe_ck,5,lower_grenville,2018,,86,65,3,Visual,,3,4,5,4,N (OCT C),"All three inspections saw coho. Peak spawning was not included in the survey period (last survey Oct. 18). AUC not appropriate due to incomplete coverage of spawning period. Recommend estimate changed to 65 (estimated escapement to date indicated on Oct. 18 SIL), method changed to 5 (expert opinion). Classification 4 seems fair given reportedly favourable survey conditions.",The 2018 coho escapement was derived by entering the actual counts from each inspection into the AUC program using a 40 day RT and a 80% OE to calculate the final escapement of 86. ,,3,Walk / Float,
belowe_ck,5,lower_grenville,2019,,No Record,78,3,Visual,,,3,5,4,Y (OCT C),"All three inspections saw coho. Peak timing is unclear, but many years for this stream estimate peak spawning at OCT C (peak survey Oct. 26). Numerical estimate seems fair, recommend classification 4 due to early end to survey period. Estimate method is the sum of all observed live coho, recommend 5 (expert opinion).",,,3,Walk / Float,
belowe_ck,5,lower_grenville,2020,,9,A/P,5,Visual,,5,6,,6,N (UNK),"1/2 inspections saw coho. Peak spawn timing is unclear, but most years for this stream estimate peak at OCT C (last survey Oct. 13). Recommend estimate changed to A/P due to single survey and small number observed.",On October 13 there were only 8 coho counted in the river. This would have normally been a peak count so recording the mimimum number as the escapement was preferred over stating AP.,,2,Walk / Float,
belowe_ck,5,lower_grenville,2021,,45,A/P,2,Visual,,3,3,3,6,N (OCT C),Both inspections saw coho. AUC not appropriate due to less than 3 surveys completed. Recommend estimate changed to A/P due to few surveys with small numbers observed.,Belowe Creek was inspected twice to enumerate the final escapement. The counts from the 2 inspections were entered into the AUC program using a40 day RT and a 90% OE to calculate the final escapement.,,2,Walk / Float,
belowe_ck,5,lower_grenville,2022,,60,60,1,Visual,,5,5,5,5,N (OCT C),"Both inspections saw coho, annual estimate 60 fair due to good showing of coho on Oct. 9. Classification 5 fair due to only two surveys and early end to survey period (last survey Oct. 9); estimate is a minimum observed escapement and should be treated as a conservative figure.",The coho annual escapement  is the actual count when the majority of coho in the stream. Recording the minimum observed escapement was preferred over stating AP.,,2,Walk / Float,
belowe_ck,5,lower_grenville,2023,,120,120,2,Visual,,1,5,1,5,N (OCT C),"Both inspections saw coho, annual estimate 120 fair due to good showing of coho on Sep. 30. Classification 5 fair due to only two surveys and missed peak survey; estimate is a minimum observed escapement and should be treated as a conservative figure.",The annual coho escapement was a peak count escapement. Recording the mimimum observed escapement was preferred over stating AP,,2,Walk / Float,
belowe_ck,5,lower_grenville,2024,,No Record,N/I,,,,,,,6,,"No record in database, recommend N/I.",,,,,
brim,6,gardner_channel,1980,,750,750,,,,,,,4,Y (OCT),"No SILs available. Peak spawning was included in the survey period (peak survey Oct. 11). Numerical estimate seems fair, recommend classification 4 due to adequate surveys conducted and reasonable coverage of spawning period.",,,5,,
brim,6,gardner_channel,1981,,600,600,,,,,,,5,N (OCT),"No SILs available. Peak survey was not conducted due to early end to survey period (last survey Sep. 8). Numerical estimate may be fair, recommend classification 5 due to incomplete survey coverage of run timing and comments about difficult visibility.","Large glacial system, assessment most difficult.",,4,,
brim,6,gardner_channel,1982,,600,600,,,,,,,5,N (OCT),"No SILs available. Peak survey was not conducted due to early end to survey period (last survey Sep. 2). Numerical estimate may be fair, recommend classification 5 due to incomplete survey coverage of spawning period and comments about difficult visibility.","Observation difficulty due to remoteness, size of stream, and varying degrees of siltiness",,3,,
brim,6,gardner_channel,1983,,400,400,,,,,,,5,N (OCT),"No SILs available. Peak survey was not conducted due to early end to survey period (last survey Sep. 24). Numerical estimate may be fair, recommend classification 5 due to incomplete survey coverage of run timing and comments about difficult visibility.",High water and muddy conditions this year made it difficult for enumeration.,,4,,
brim,6,gardner_channel,1984,,800,800,,,,,,,5,N (OCT),"No SILs available. Unclear if peak survey was conducted due to no inspection dates provided. Numerical estimate may be fair, recommend classification 5 due to lack of information provided.",High water and muddy conditions this year made it difficult for enumeration.,,UNK,,
brim,6,gardner_channel,1985,,300,A/P,1,Visual,B,,,,6,N (OCT),No SILs available. Peak survey was not conducted due to early end to survey period (last survey Sep. 9). Recommend A/P due to single survey with coho observation before peak spawning.,,,3,Walk,
brim,6,gardner_channel,1986,,500,A/P,1,Visual,3,,,,6,N (OCT),No SILs available. Peak survey was not conducted due to early end to survey period (last survey in Oct). Recommend A/P due to single survey with coho observation before peak spawning.,,,5,Walk / Plane,
brim,6,gardner_channel,1987,,400,A/P,1,Visual,1,,,,6,N (OCT),No SILs available. Peak survey was not conducted due to early end to survey period (last survey Sep. 26). Recommend A/P due to provided reliability estimate and very early end to survey period.,,,4,Walk,
brim,6,gardner_channel,1988,,1000,A/P,,Visual,1,,,,6,N (OCT),No SILs available. Peak survey was not conducted due to early end to survey period (last survey in Sep). Recommend A/P due to provided reliability estimate and very early end to survey period.,Spawning mostly in upper reaches. Flood conditions in late september.,,2,Walk,
brim,6,gardner_channel,1989,,1000,A/P,,Visual,1,,,,6,N (OCT),No SILs available. Peak survey was not conducted due to early end to survey period (last survey Aug. 20). Recommend A/P due to provided reliability estimate and very early end to survey period.,Spawning mostly in upper reaches. Low water until early October.,,2,Walk,
brim,6,gardner_channel,1990,,N/I,N/I,,,,,,,6,N (UNK),No SILs available. N/I appropriate (last survey Aug. 27).,Spawning mostly in upper reaches.,,4,,
brim,6,gardner_channel,1991,,75,A/P,1,Visual,1,,,,6,N (UNK),"No SILs available. Peak timing is unclear, arrival in stream estimated as SEP A (last survey this year Sep. 15). Recommend A/P due to provided reliability estimate and very early end to survey period.",Near record floods in early October. The above coho escapement number does not reflect the true year end escapement. Coho data was obtained up to Sep. 15. System needs more inspection to have a greater coho escapement reliability.,,6,Walk / Float / Heli,
brim,6,gardner_channel,1992,,500,A/P,1,Visual,1,,,,6,N (UNK),"No SILs available. Peak timing is unclear, most years for this stream estimate peak in OCT or NOV (last survey this year Aug. 21). Recommend A/P due to very early end to survey period and no provided comments.",,,2,Walk / Float,
brim,6,gardner_channel,1993,,N/I,N/I,,,,,,,,N (UNK),No SILs available. N/I appropriate (last survey Aug. 8).,,,2,,
brim,6,gardner_channel,1994,,250,A/P,,Visual,1,,,,6,N (OCT),No SILs available. Peak survey was not conducted due to early end to survey period (last survey Sep. 25). Recommend A/P due to provided reliability estimate and incomplete survey coverage of spawning period.,Coho spawning to approx. 10 km. Coho count is the actual number xcounted throughout the year. There were no last coho inspections done this year.,,5,Walk / Plane / Heli,
brim,6,gardner_channel,1995,,N/I,N/I,,Visual,1,,,,6,N (OCT),No SILs available. N/I appropriate (last survey Aug. 24).,No coho inspections done this year.,,3,Walk / Heli,
brim,6,gardner_channel,1996,,N/I,N/I,,Visual,,,,,6,N (OCT),No SILs available. N/I appropriate (last survey Aug. 30).,Coho spawning to approx. 10 km. No coho inspections done this year.,,4,Walk / Float / Heli,
brim,6,gardner_channel,1997,,N/I,N/I,,,,,,,6,N (UNK),No SILs available. N/I appropriate (last survey Aug. 30).,Coho spawning to approx. 10 km. No coho inspections were made this season.,,3,,
brim,6,gardner_channel,1998,,175,A/P,1,Visual,1,,,,6,N (NOV),No SILs available. Peak survey was not conducted due to early end to survey period (last survey Sep. 27). Recommend A/P due to single survey with coho observation well before peak spawning.,Coho number is the actual count. No coho counts were done in the upper reaches past the second rapids.,,4,Walk / Heli,
brim,6,gardner_channel,1999,,580,580,2,Visual,3,,,,4,Y (NOV),"No SILs available. Peak spawning was included in the survey period (peak survey Nov. 13). Numerical estimate seems fair, recommend classification 4 due to provided reliability estimate and few surveys included in estimate.","There were no coho observed on Aug. 31. 2 helicopter flights were done to enumerate coho, the first on Oct. 28 the second on Nov. 13. Both flights had ideal conditions for coho enumeration.",,6,Heli,
brim,6,gardner_channel,2000,,1200,1200,2,Visual,2,,,,4,Y (NOV B),"No SILs available, see rationale comments for count details. Peak spawning was included in the survey period (peak survey Nov. 11), though most coho were seen on Oct. 21. Numerical estimate seems fair, recommend classification 4 due to provided reliability estimate.",Highest water level was on Oct. 22. An extra effort was placed on the Brim River to determine the coho escapement. This river was selected because the majority of coho spawn in the mainstem and it is consistantly clear. Two helicopter flights were timed to count in the best conditions to cover the expected peak of the coho run. I feel that the majority of the coho had entered the river by Nov. 11. Coho were well into spawning by Nov. 11. Coho counts: Oct. 21 - 1010; Nov. 11 - 940.,,5,Heli,
brim,6,gardner_channel,2001,,2000,2000,4,Visual,2,,,,3,Y (NOV B),"No SILs available. Peak spawning was included in the survey period (peak survey Nov. 18). Numerical estimate fair, recommend classification 3 due to good coverage of spawning period and adequate number of surveys conducted.",Four dedicated inspections for coho were done by helicopter. The coho escapement was based on the actual counts from the 4 flights. Fresh coho still in pools in the upper river on Dec. 21. Few coho still spawning in upper river on Jan. 8 2002.,,9,Heli,
brim,6,gardner_channel,2002,,1700,1700,3,Visual,3,,,,4,N (OCT C),"No SILs available. Peak survey was not conducted due to gap in survey period (Oct. 14 - Nov. 4). Numerical estimate seems fair, recommend classification 4 due to provided reliability estimate and missed peak survey.",Coho escapement was derived from three helicopter inspections in the fall.,,7,Heli,
brim,6,gardner_channel,2003,,1400,1400,2,Visual,2,,,,4,N (UNK),"No SILs available. Peak timing is unclear, but inspections on Nov. 1 and Nov. 20 had good showings of coho (see rationale comments). Estimate generated using both surveys, recommend classification 4 due to unclear coverage of spawning period and few observations.","Two helicopter inspections were done to enumerate coho in November. The October inspection was cancelled because of bad weather. The final coho escapement was calculated from the actual counts in November and comparing this escapement to previous years for determining the October count. Nov. 1 survey saw 940 coho, Nov. 20 survey saw 713 coho.",,6,Heli,
brim,6,gardner_channel,2004,,1100,1100,1,Visual,LOW,5,,5,5,N (NOV A),"1/6 inspections saw coho. Peak timing was missed in the survey period, but the Nov. 11 count may be compared to estimates in other years. It is unclear how the Nov. 11 count (730) was expanded to reach the final escapement estimate (1100). Recommend classification 5 due to basis of estimate on single survey.",One helicopter inspection for coho was done on November 11. The final escapement estimate was derived from the actual coho count on Nov 11 and  comparing this to all other years information for timing and escapements. The coho escapement estimate is for comparative purposes and is used by management to follow coho trends.,,6,Walk / Heli,
brim,6,gardner_channel,2005,,1400,1400,2,Visual,,5,5,5,5,Y (OCT C),"2/4 inspections saw coho.  Peak spawning was included in the survey period (Oct. 20; see rationale comments). Numerical estimate fair due to good showing of coho on Oct. 20 survey, classification 5 fair due to basis of estimate on single survey.","One coho inspection was done by helicopter. This inspection was completed near the peak of the run. Some coho were starting to spawn and it was believed that the majority of the coho were already in the stream.  The coho estimate was revised from 1300 to 1400 coho after Fred Seiler reported 100 new coho in river on October 27 while helicopter fishing.

Estimates are more comparative numbers than absolute as they are derived in a similar manner each year. Each estimate represents the lower limits of what the actual escapement was.",,4,Walk / Heli,
brim,6,gardner_channel,2006,,700,700,1,Visual,,5,5,5,5,Y (UNK),"1/4 inspections saw coho. Peak timing is unclear, but most years for this stream estimate peak at OCT C (peak survey Oct. 30; see rationale comments). Numerical estimate fair due to good showing of coho on Oct. 30 survey, classification 5 fair due to basis of estimate on single survey.",On October 30 a helicopter inspection was done of the entire river for coho. Conditions were excellent for enumerating coho. All coho were holding in pools in the upper river. No coho were observed from the second cascades to the mouth. The timing appears to be right for the peak count as no other coho seemed to be moving into the system.,,4,Walk / Float / Heli,
brim,6,gardner_channel,2007,,675,675,1,Visual,,5,5,5,5,Y (NOV A),"2/6 inspections saw coho. Peak spawning was included in the survey period (peak spawning Nov. 4). Numerical estimate fair due to good showing of coho on Nov. 4 survey, classification 5 fair due to basis of estimate on a single survey.",On November 4 a helicopter inspection was done of the entire river for coho. Conditions were excellent for enumerating coho. All coho were holding in pools in the upper river. No coho were observed from the second cascades to the mouth. The timing appears to be right for the peak count as no other coho seemed to be moving into the system.,,6,Walk / Float / Heli,
brim,6,gardner_channel,2008,,570,570,1,Visual,,5,5,5,5,Y (OCT),"2/4 inspections saw coho. Peak spawning was included in the survey period (peak spawning Oct. 30). Numerical estimate fair due to good showing of coho on Oct. 30 survey, classification 5 fair due to basis of estimate on single survey.",On October 30 a helicopter inspection was done of the entire river for coho. Conditions were excellent for enumerating coho. All coho were holding in pools in the upper river. No coho were observed in the lower river so it is assumed that all the coho for the year had entered the system.,,4,Walk / Float / Heli,
brim,6,gardner_channel,2009,,1800,1800,1,Visual,,5,5,5,5,N (NOV A),"1/5 inspections saw coho. Peak survey was not conducted due to early end to survey period (last survey Oct. 19). Numerical estimate fair due to good showing of coho on Oct. 19 survey, classification 5 fair due to basis of estimate on a single survey.",On October 20 a helicopter inspection was done of the entire river for coho. Conditions were excellent for enumerating coho. Most all coho were holding in pools in the upper river. A total of 120 coho were observed in the upper portion of the lower river. The helicopter count of October 20 is used for the final escapement.,,5,Walk / Float / Heli,
brim,6,gardner_channel,2010,,430,915,1,Visual,,5,5,3,4,Y (OCT C),"4/7 inspections saw coho. Peak spawning was included in the survey period (peak spawning Oct. 28). Recommend AUC, see ""AUC Recalculation"" for details. If using AUC, classification 4. If using original estimate, classification 5 due to basis of estimate on a single survey.","Coho seen in the river August 18. The only other August sighting was in 1994, most years coho are not seen until late September. This is the lowest recorded number of coho in the system since heli inspections started in 1999.",AUC = 914: RT 35 days; OE 80%; actual counts. ,7,Walk / Float / Heli,
brim,6,gardner_channel,2011,,780,780,2,Visual,,5,5,5,5,Y (OCT),"2/5 inspections saw coho. Peak spawning was included in the survey period (peak survey Oct. 20). Numerical estimate fair due to good showing of coho on Oct. 20 survey, classification 5 fair due to basis of estimate on single survey.",A coho count was conducted on October 20 by helicopter of the entire river. The total count for the one inspection was used as the annual escapement as this count is done annually at a similar timing and the count is used as a comparative number to previous years.,,5,Walk / Float / Heli,
brim,6,gardner_channel,2012,,575,575,1,Visual,,5,5,5,5,N (NOV A),"3/6 inspections saw coho. Peak survey was not conducted due to early end to survey period (last survey Oct. 23). Numerical estimate fair due to good showing of coho on Oct. 23, classification 5 fair due to basis of estimate on single survey.",A Coho count was conducted on October 23 by helicopter of the entire river. The total count for the one inspection was used as the annual escapement as this count is done annually at a similar timing and the count is used as a comparative number to previous years.,,6,Walk / Float / Heli,
brim,6,gardner_channel,2013,,1425,1425,1,Visual,,1,5,1,5,N (NOV A),1/6 inspections saw coho. Peak survey was not conducted due to early end to the survey period (last survey Oct. 23). Original estimate is an unexpanded peak count from the Oct. 23 survey. Classification 5 seems fair due to basis of the estimate on a single survey.,On October 23 a helicopter inspection was done of the entire river for coho. Conditions were excellent for enumerating coho. All coho were holding in pools in the upper river. The total count for the one inspection was used as the annual escapement as this count is done annually at a similar timing and the count is used as a comparative number to previous years.,,6,Walk / Float / Heli,
brim,6,gardner_channel,2014,,1400,1400,2,Visual,,5,5,5,5,Y (OCT C),"3/7 inspections saw coho. Peak spawning was included in the survey period (peak survey Oct. 26). Numerical estimate fair due to good showing of coho on Oct. 26 survey, classification 5 fair due to basis of estimate on single survey.",On October 26 a helicopter inspection was done of the entire river for coho. Conditions were excellent for enumerating coho. The total count for the 1 inspection was used as the annual escapement as this count is done annually at a similar timing and the count is used as a comparative number to previous years. Recording the minimum observed was preferred over stating AP.,,7,Walk / Float / Heli,
brim,6,gardner_channel,2015,,470,470,1,Visual,,5,5,5,5,Y (OCT C),"2/5 inspections saw coho. Peak spawning was included in the survey period (peak survey Oct. 26). Numerical estimate fair due to good showing of coho on both surveys, classification 5 fair due to basis of estimate on single survey.",On October 26 a helicopter inspection was done of the entire river for coho. Conditions were excellent for enumerating coho. The total count for the 1 inspection was used as the annual escapement as this count is done annually at a similar timing and the count is used as a comparative number to previous years. Recording the minimum observed was preferred over stating AP.,,5,Walk / Float / Heli,
brim,6,gardner_channel,2016,,1270,1270,1,Visual,,5,5,5,5,Y (OCT C),"1/5 inspections saw coho. Peak spawning was included in the survey period (Oct. 17; see rationale comments). Numerical estimate fair due to good showing of coho on Oct. 17 survey, classification 5 fair due to basis of estimate on a single survey.",On October 17 a dedicated coho helicopter inspection was completed of the entire river. This count is near the peak of the run and it is assumed that the majority of coho are in the river. The total count for the 1 inspection was used as the annual escapement as this count is done annually at a similar timing and the count is used as a comparative number to previous years. Recording the minimum observed was preferred over stating AP. ,,5,Walk / Float / Heli,
brim,6,gardner_channel,2017,,1000,1000,2,Visual,,5,5,5,5,Y (OCT C),"2/6 inspections saw coho (Oct. 13, 30). Peak spawning was included in the survey period (Oct. 13; see rationale comments). Numerical estimate fair due to good showing of coho on oct. 13 survey, classification 5 fair due to basis of estimate on single survey.",The coho escapement is the actual count of coho on the October 13 helicopter inspection. This count is done annually at a similar timing close to the peak of the run. Recording a miminum escapement was chosen over stating Adults Present.,,6,Walk / Heli,
brim,6,gardner_channel,2018,,650,585,3,Visual,,3,3,1,5,N (NOV A),"3/8 inspections saw coho. Peak survey was not conducted due to early end to survey period (last survey Oct. 23). AUC not appropriate due to missed surveys at peak spawning. Recommend estimate changed to 585 (estimated escapement to date listed on final SIL, represents a peak count). Recommend classification 5 due to basis of estimate on single survey and incomplete survey coverage of spawning period. Estimate represents a minimum observed escapement.",There were 3 helicopter inspections to enumerate coho. The coho count from each inspection was entered into the AUC program using a 50 day RT and a 90% OE to calculate the final escapement of 650. The Oct 23 inspection was to collect coho DNA samples but we did fly the whole river.,,8,Walk / Float / Heli,
brim,6,gardner_channel,2019,,No Record,450,,Visual,,,,1,4,Y (OCT C),"No annual estimate in database. 3/9 inspections saw coho. Estimated escapement to date on final SIL was 450, Oct. 31 (spawning period not indicated). Peak timing is unclear, but many years for this stream estimate peak spawning at OCT C (peak survey Oct. 29, 31). Survey conditions this year were favourable. Recommend estimate 450, estimate method 1 (peak estimate), classification 4 due to few surveys with observations.",,,9,Walk / Float / Heli,
brim,6,gardner_channel,2020,,1070,960,4,Visual,,3,3,3,4,Y (OCT C),"4/9 inspections saw coho. Peak spawning was included in the survey period (peak survey Oct. 22). AUC seems appropriate, recommend classification 4 due to low resolution.",The coho annual estimate is based on the 4 helicopter inspections of the entire river. The actual count from each inspection was entered into the AUC program using a 45 day RT and a 90% OE to calculate the final escapement of 1070.,AUC calculation does not match. Oct. 22 count (960) must be entered with 100% observer efficiency because it is an estimate not an actual count. New AUC calculation = 960.,9,Walk / Float / Heli,
brim,6,gardner_channel,2021,,1450,1450,3,Visual,,3,3,3,4,Y (OCT B),"3/8 inspections saw coho. Peak spawning was included in the survey period (peak survey Oct. 19). AUC seems appropriate, recommend classification changed to 4 due to low resolution.",Three helicopter inspections were completed of the entire river for coho. The actual counts from each inspection was entered into the AUC program using a 50 day RT and a 95% OE to calculate the final escapement of 1450.,AUC calculation given matches (1432).,8,Walk / Float / Heli,
brim,6,gardner_channel,2022,,1350,1430,3,Visual,,3,3,3,4,N (OCT C),"4/9 inspections saw coho. Peak survey was not conducted due to gap between surveys on Oct. 16 (before) and Nov. 2. AUC seems fair, but run timing is not complete. Recommend classification 4 due to incomplete survey coverage of spawning period and low resolution.",The coho final escapement  was the peak count and normally the majority of coho are in the stream by October 20.. Recording the minimum observed escapement was preferred over stating AP,Original AUC calculation not given. New AUC with following parameters: RT 50 days; OE 90%; actual counts (Nov. 2 with 100% OE due to use of estimate). New calculation = 1427.,9,Walk / Float / Heli,
brim,6,gardner_channel,2023,,2200,2340,3,Visual,,3,3,3,4,Y (OCT C),"3/8 inspections saw coho. Peak spawning was included in the survey period (peak survey Oct. 28). AUC seems appropriate, recommend classification changed to 4 due to low resolution.",The 2023 coho escapement was derive from the 3 helicopter inspections. The actual counts were entered into the AUC program using a 40 day RT and a 90% OE to calculate the final escapement.,AUC calculation does not match. New AUC with same described parameters = 2338.,8,Walk / Float / Heli,
brim,6,gardner_channel,2024,,1190,1190,1,Visual,,5,5,5,5,N (NOV A),"2/6 inspections saw coho. Peak survey was not conducted due to early end to survey period (last survey Oct. 24). Numerical estimate fair due to good showing of coho on Oct. 24 survey. Classification 5 appropriate due to incomplete survey coverage of spawning period, estimate represents an observed minimum.",The annual coho escapement was a peak count estimate. Recording the minimum observed estimate in favour of stating Adults Present.,,6,Walk / Float / Heli,
cascade,8,northern_coastal,1980,50,50,A/P,1,,,,,,,N (NOV),"Coho were observed in 1/5 SILs (15 Sep). It is unclear exactly how the annual estimate (50) was generated. The total count of coho for the season was 9. Viewing conditions are not reported. Peak timing is indicated in the SEN as NOV, at which point the survey period had ended. Recommend changing annual estimate to A/P due to low resolution data (only observed in 1 SIL) and poor coverage of run timing.",,,5,,
cascade,8,northern_coastal,1981,NA,N/O,N/O,5,,,,,,,N (NOV),"Coho were not observed in any of the 5 SILs (Aug 1 - Sep 21). Viewing conditions are not reported. Peak timing is indicated in the SEN as NOV, at which point the survey period had ended. ",,,5,,
cascade,8,northern_coastal,1982,NA,10,A/P,1,,,,,,,N (NOV),"Coho were observed in 1/4 SILs (15 Sep). It is unclear exactly how the annual estimate (10) was generated. The total count of coho for the season was 1. Viewing conditions are not reported. Peak timing is indicated in the SEN as NOV, at which point the survey period had ended. Recommend changing annual estimate to A/P due to low resolution data (only observed in 1 SIL) and poor coverage of run timing.",,,4,,
cascade,8,northern_coastal,1983,75,75,A/P,1,,,,,,,N (NOV),"Coho were observed in 1/3 SILs (21 Sep). It is unclear exactly how the annual estimate (75) was generated. The total count of coho for the season was 5. Viewing conditions are not reported. Peak timing is indicated in the SEN as NOV, at which point the survey period had ended. Recommend changing annual estimate to A/P due to low resolution data (only observed in 1 SIL) and poor coverage of run timing.",,,3,,
cascade,8,northern_coastal,1984,200,200,A/P,2,F,C-,,,,,N (DEC B),"Coho were observed in 2/8 SILs (Sep 13, 29). It is unclear exactly how the annual estimate (200) was generated. The total count of coho for the season was 59. Viewing conditions are not reported. Peak timing is indicated in the SEN as DEC B, at which point the survey period had ended. Recommend changing annual estimate to A/P due to low resolution data (only observed in 2 SILs) and poor coverage of run timing.",,,8,,
cascade,8,northern_coastal,1985,100,100,A/P,1,,,,,,,N (NOV C),"Coho were observed in 1/11 SILs (13 Nov). It is unclear exactly how the annual estimate (100) was generated. The total count of coho for the season was 66. Viewing conditions are not reported. Peak timing is indicated in the SEN as NOV C, at which point the survey period had ended. Recommend changing annual estimate to A/P due to low resolution data (only observed in 1 SIL) and incomplete coverage of run timing.",,,11,,
cascade,8,northern_coastal,1986,NA,,F/P,10,,,,,,,N (NOV),"Coho counts are not provided in any of the 10 SILs (Jul 31 - Sep 27). Viewing conditions are not reported. Peak timing is not provided on the SEN. Using the run timing listed in the stream catalogue, peak spawning occurs in NOV. Since the last survey of the season was on 27 Sep, peak spawning was likely missed. In the SEN, the surveyors note that ""very few coho fry [were] observed throughout season. No coho inspections made this year."" It is unclear whether spawners were not present in the system, or if they were simply not counted. Recommend changing annual estimate to F/P due to lack of observation of adults, but presence of fry noted.",Very few coho fry observed throughout season. No coho inspections made this year.,,10,,
cascade,8,northern_coastal,1987,250,250,A/P,UNK,1,2,,,,,Y (OCT C),"Coho were observed in 2/10 SILs (Aug 16, Oct 26). It is unclear exactly how the annual estimate (250) was generated. The total count of coho for the season was 735 (16 Aug - 530; 26 Oct - 205). The annual estimate of 250 may have been generated solely from the 26 Oct count. Viewing conditions are not reported. Survey coverage of run timing is incomplete (large gap between critical surveys), but peak seems to have been captured (OCT C - 26 Oct). Recommend review to determine an appropriate annual estimate, in the meantime, recommend changing annual estimate to A/P.",Log jam on left fork making it difficult for coho to pass small falls. Obstruction should be removed.,,10,,
cascade,8,northern_coastal,1988,NA,UNK,A/P,8,1,LOW,,,,,N (OCT C),"Coho counts are not provided in any of the 8 SILs (Jul 31 - Oct 2), nor is there any mention of coho in the SIL comments. However, the SEN indicates that there was a coho inspection made, and that 12 coho were observed on 8 Nov (no SIL). Viewing conditions are not reported, and survey coverage of run timing is incomplete (peak estimate OCT C; gap in critical period between 2 Oct and 8 Nov). Recommend changing annual estimate to A/P due to lack of observation of adults documented in SILs, but reportedly present in the system.","Log jam on right fork making it difficult for coho to get past falls. Only 1 coho inspection made this season, 12 coho observed on 11/8.",,8,,
cascade,8,northern_coastal,1989,NA,N/I,N/I,,,,,,,,N (NOV),"According to the annual estimates provided from both NuSEDs and the SEN, coho was not inspected this year. As it is unclear from the SILs and SEN whether spawners were not observed in the system or were observed and simply not counted, N/I is likely the appropriate annual estimate as opposed to N/O. Peak timing is not provided on the SEN. Using the run timing listed in the stream catalogue, peak spawning occurs in NOV. Since the last survey of the season was conducted on 7 Sep, peak spawning was likely missed.",Log jam on right for making it difficult for coho and chum to gain access to upper reaches. No coho inspections this season.,,6,,
cascade,8,northern_coastal,1990,NA,N/I,A/P,,,,,,,,N (NOV),"According to the annual estimates provided from both NuSEDs and the SEN, coho was not inspected this year. However, there is a coho count provided on the 25 Sep SIL (1 adult live observed). While there may not have been any inspections specifically to target coho, the count provided clearly shows there were spawners observed in the system. Peak timing is not provided on the SEN. Using the run timing listed in the stream catalogue, peak spawning occurs in NOV. Since the only survey in which coho were observed was on 25 Sep (last survey of the season was 8 Oct), peak spawning was likely missed. Recommend changing annual estimate to A/P.",No coho inspections this year.,,11,,
cascade,8,northern_coastal,1991,375,375,375,UNK,1,1,,,,,N (NOV),"Coho were observed in 3/8* SILs (Sep 15, 24, Oct 13). It is unclear exactly how the estimate was generated. There are no SEN comments this year, and the only mention of coho in SIL comments is from 13 Oct stating that the total to date is 373 which was then rounded up to 375. Viewing conditions are not reported. Peak timing is indicated in the SEN as NOV, at which point the survey period had ended. ",,,8*,,
cascade,8,northern_coastal,1992,NA,6,A/P,UNK,1,1,,,,,N (OCT),"Coho were observed in 3/8* SILs (Sep 3, 17, 18). Peak timing is indicated in the SEN as OCT. There was a survey during this period (2 Oct), but no coho were observed so peak was likely not captured.  The SEN's reported annual estimate of 6 does not match the total to date given in th 18 Sep SIL (26). It is unclear which of these is the appropriate value as no information is available regarding how the estimate was generated. Viewing conditions are not reported. Recommend review to determine an appropriate annual estimate, in the meantime, recommend changing annual estimate to A/P.",No coho inspections made after Sep 18.,,8*,,
cascade,8,northern_coastal,1993,38,38,N/O,1,1,2,,,,,N (OCT),"Coho were not observed in the single survey conducted this year (7 Oct). It is unclear how the annual estimate (38) was generated; it does not match the information given on the SIL, which lists no observed coho and does not mention an estimate in comments. The SEN indicates in comments that ""the coho estimate is what was observed during inspections only."" If this is true, then there must be more data that was not entered into the Access database. Based on the SIL data currently available, it seems more likely that coho were not observed this year. Viewing conditions are not reported. Although the survey was conducted in the SEN's indicated peak timing (OCT), it seems unlikely that peak was captured due to no spawners observed. Recommend review to determine an appropriate annual estimate, in the meantime, recommend changing annual estimate to N/O.",Water level was low during the spawning period. The coho estimate is what was observed during inspections only.,,1,,
cascade,8,northern_coastal,1994,NA,N/I,N/I,,,,,,,,,Coho not inspected this year.,,,,,
cascade,8,northern_coastal,1995,NA,UNK,A/P,1,,,,,,,N (NOV),"Coho were observed in 1/5 SILs (Sep 16). Peak timing is not provided on the SEN. Using the run timing listed in the stream catalogue, peak spawning occurs in NOV. Since the only survey in which coho were observed was on 16 Sep, peak spawning was likely missed. Viewing conditions are not reported. Recommend changing annual estimate to A/P.",,,5,,
cascade,8,northern_coastal,1996,NA,,N/O,5,,,,,,,N (NOV),"Coho were not observed in any of the 5 SILs (Aug 2 - Sep 17). Peak timing is not provided on the SEN. Using the run timing listed in the stream catalogue, peak spawning occurs in NOV. Since the last survey of the season was on 17 Sep, peak spawning was likely missed. Viewing conditions are not reported. Recommend changing the annual estimate to N/O.",,,5,,
cascade,8,northern_coastal,1997,NA,N/I,A/P,1,,,,,,,N (NOV),"According to the annual estimates provided from both NuSEDs and the SEN, coho was not inspected this year. However, there is a coho count provided on the 19 Sep SIL (10 adult live observed). While there may not have been any inspections specifically to target coho, the count provided clearly shows there were spawners observed in the system. Peak timing is not provided on the SEN. Using the run timing listed in the stream catalogue, peak spawning occurs in NOV. Since the only survey in which coho were observed was on 19 Sep, peak spawning was likely missed. Recommend changing annual estimate to A/P.",,,8,,
cascade,8,northern_coastal,1998,200,300,200,2,1,2,,,,,Y (SEP C),"Coho were observed in 3/10 SILs (Aug 20, Sep 17, 30). It is unclear how the annual estimate was generated, but surveyors note in the Annual Est. Rationale that they estimated 200 coho on the 30 Sep inspection. This description best matches the annual estimate of 200 from NuSEDs, not the estimate of 300 from the SEN. Comments from the SEN indicate that ""the [coho] escapement estimate is a best guess given the fact that coho are difficult to count and may spawn over a long period of time."" Viewing conditions are not reported. Recommend changing annual estimate to 200. ",More effort was directed at coho enumeration this year. The escapement estimate is a best guess given the fact that coho are difficult to count and may spawn over a long period of time. Individual counts were conducted as follows: Sep 17 - 25 coho estimated;  Sep 30 - 200 coho estimated.,,10,,
cascade,8,northern_coastal,1999,NA,150,A/P,UNK,1,2,,,,,N (SEP C),"Coho were observed in 4/7 SILs (Aug 30, Sep 12, 17, 30). Although there was a survey conducted in SEP C (peak timing as indicated on the SEN), the provided coho count of 1 and previous similar single-digit counts indicate that perhaps peak was not captured. Comments from the SEN indicate that the annual coho estimate was generated via undocumented expansion, though I am unsure of how a season total of 9 observed coho (some of which may be the same fish) can be reliably expanded to an estimate of 150. Viewing conditions are not reported. Recommend changing annual estimate to A/P.","Final Estimate calculation
Coho - undocumented expansion",,7,,
cascade,8,northern_coastal,2000,100,200,A/P,UNK,1,1,,,,,N (OCT B/C),"Coho were observed in 3/8 SILs (Aug 31, Sep 15, Oct 4). Although there was a survey conducted in mid-late Oct, there were no coho observed indicating that perhaps peak was not captured. There was a higher count from the 4 Oct survey (55), but it is unclear if this represents peak. There are no relevant comments in the SEN or SILs to explain how the estimate of 100 (NuSEDs) or 200 (SEN) was calculated. Viewing conditions are not reported. Recommend changing annual estimate to A/P.",,,8,,
cascade,8,northern_coastal,2001,250,250,A/P,1,,,,,,,N (NOV),"Coho were observed in 2/6 SILs (Sep 3, Oct 6). Peak timing is not provided on the SEN. Using the run timing listed in the stream catalogue, peak spawning occurs in NOV. Since the last survey was conducted on 6 Oct, peak was likely missed. There are no relevant comments in the SEN or SILs that explain how the annual estimate (250) was generated, but matches the value listed for 'Coho Adults' on the 6 Oct SIL. Viewing conditions varied significantly over the season and Coho Reliability is listed as 0. Recommend changing annual estimate to A/P due to incomplete survey coverage of run timing, multiple surveys done in poor viewing conditions, and low reliability score for coho.",,,6,,
cascade,8,northern_coastal,2002,160,160,A/P,UNK,,,,,,,N (NOV),"Coho were observed in 3/5 SILs (Aug 29, Sep 11, 22), though comments for the final survey on 27 Sep indicate that the surveyors did not count for coho (may have been spawners present). Peak timing is not provided on the SEN. Using the run timing listed in the stream catalogue, peak spawning occurs in NOV. Since the last survey was conducted on 27 Sep, peak spawning was likely missed. There are no relevant comments in the SEN or SILs that explain how the estimate was generated. The survey on 22 Sep survey listed 48 as the Coho Total, which was expanded to 100 Coho Adults. It is not clear how the annual estimate of 160 was generated. In-stream viewing conditions were Excellent for the surveys that counted coho, but there is a large disparity between recorded Coho Totals and Coho Adults (i.e. 11 Sep - 3 coho total to 50 coho adults), and it is unclear how these expansions were made. Recommend changing annual estimate to A/P due to incomplete survey coverage of run timing and lack of information regarding the estimate generation.",Combination of Charter Patrol- Hank Winning instream inspections and fixed wing aerial surveys- Fish Management.  Peak count estimates for coho and sockeye- low reliability.,,5,,
cascade,8,northern_coastal,2003,270,270,A/P,1,1&3,2,,,,,N (NOV),"Coho were observed in 2/7 SILs (Sep 26, Oct 13). Peak timing is listed on the SEN, but comments indicate peak as NOV A. Since the last survey was conducted on 13 Oct, peak spawning was likely missed. Surveyors note in Annual Est. Rationale that the coho estimate is ""an instream inspection of holding fish"". The final survey on 13 Oct survey listed 270 as the Coho Adults, which matches the provided annual estimate. In-stream viewing conditions were largely Poor - Fair this season. Recommend changing annual estimate to A/P due to incomplete survey coverage of run timing and poor viewing conditions.",Charter Patrol instream inspections and Fish Management/StAD overflights.  Coho inspections (1 flight and 2 walks) were early and peak is early November.  Escapement was an instream inspection of holding fish (as in previous years).,,7,,
cascade,8,northern_coastal,2004,500,500,500,1,,,12,4,5,,N (NOV),"Coho were observed in 4/7 SILs (Sep 3, 17, 28, Oct 16). Peak timing is not indicated on the SEN. Using the stream catalogue, peak spawning is estimated as NOV, at which point the survey period had ended. Estimate reliability and fish countability scores for these surveys seem decent, likely classified as Medium Resolution due to poor survey coverage of spawning period. The annual estimate (500) was generated based on the 16 Oct inspection. Coho spawning had reportedly just begun when this inspection was conducted, and the surveyor indicates that the annual escapement estimate is likely on the right order of magnitude (less than 1000), but probably conservative due to incomplete survey coverage of spawning period (AnnualEstRationale). Recommend changing estimate method from 12 (other) to 5 (expert opinion).","Coho were observed holding during 4 inspections.  For the inspection on Oct 16, it was just at the beginning of the coho spawn.  The West Fork was too silty to enumerate, so the coho count was expanded from 400 to 500 to account for fish that were missed.  As it was still early in the run timing for coho, this estimate was probably of the right order of magnitude, just at the lower end of the scale.  A flight of the system in mid-November was during poor conditions and no fish were observed. ",N/A,7,,
cascade,8,northern_coastal,2005,250,250,250,1,,,12,4,,,N (NOV),"Coho were observed in 3/7 SILs (Sep 15, 27, Oct 18). Peak timing is not indicated in the SEN. Using the stream catalogue, peak spawning is estimated as NOV, at which point the survey period had ended. Estimate reliability and fish countability scores for these surveys seem decent overall, likely classified as Medium Resolution due to poor survey coverage of spawning period. The annual estimate (250) was generated as an estimated total of holding coho from the 18 Oct inspection. The surveyor indicates that due to the lack of survey coverage later in the spawning period, this estimate should be viewed as conservative (AnnualEstRationale). "," The coho estimate was the number of fish estimated holding on October 18.  It was still early in the run timing, so this estimate should be viewed as conservative.",N/A,7,,
cascade,8,northern_coastal,2006,100,100,100,1,,,12,5,,4,N (OCT B),"Coho were observed in 5/6 SILs (Aug 29, Sep 8, Oct 3, 11, Nov 22). Peak timing is indicated in the SEN as OCT B, during which there were no surveys. The annual estimate (100) was reportedly generated as a combination of holding, spawning, and dead coho for the 13 Oct inspection (AnnualEstRationale), but a SIL for this date could not be located. The surveyors may have intended to reference the 11 Oct inspection where estimated adult live and dead coho are indicated as 90 and 10 respectively to yield a total of 100. Aside from the 8 Sep inspection, overall reliability and countability scores seem decent, unsure of why this is classified as a Low Resolution estimate. Recommend review to determine an appropriate classification, in the meantime, recommend estimate classification changed to 4. ","The coho estimate is the number of fish observed holding, spawning, and dead during the inspection on October 13.  Similar methodolgy has been used in recent years as an index of escapement, however, in 2006 some fish were spawning and dead already- usually at this time they are all holding.  There was a last attempt to enumerate coho on November 22, but there were no coho observed in the mainstem or the West Fork.",N/A,6,,
cascade,8,northern_coastal,2007,100,100,100,1,,,5,5,,,N (NOV),"Coho were observed in 4/6 SILs (Aug 17, 23, Sep 16, 23), though reportedly only one of these inspections was full-length. Estimate reliability and fish countability for these surveys seem less than ideal, likely classified as Low Resolution due to poor survey conditions and poor survey coverage of spawning period. Annual estimate (100) was generated as a 'peak' count from the 11 Sep inspection (though this occurred before active spawning had begun). The surveyors indicate that this estimate was used only as an index of abundance (AnnualEstRationale).","
Coho were counted 3 times, but only 1 walk was full length (no extrapolations possible-- or desirable, here). 100 coho was the maximum full length estimate (84 counted).  All of the coho were holding and it was still early in the run timing, therefore this estimate was used only as an index of abundance. ",N/A,6,,
cascade,8,northern_coastal,2008,NA,A/P,A/P,3,,,,6,,,N (NOV),"Coho were observed in 3/7 SILs (Sep 8, 16, Nov 22). Peak timing is not indicated in the SEN. Using the stream catalogue, peak spawning is estimated as NOV, though the 22 Nov inspection only saw dead coho. The highest showing of live coho was on the 16 Sep inspection (17 coho), which the surveyors note is too early in the spawning period to base an estimate off of (AnnualEstRationale). It is unclear if peak was captured this season. Surveyors opted to list ""A/P"" as the estimate due to missing peak surveys, and indicate that the coho return this year was likely small (AnnualEstRationale).","
Coho were seen twice, the highest count was on Sept 16 for a count of 17,  not late enough to make an annual estimate from. The last count on Nov 22 found no coho although evidence of redds was recorded. The inspections seemed to have missed the run although the return was likely small . ",N/A,7,,
cascade,8,northern_coastal,2009,400,400,400,1,,,1,5,,,Y (NOV B),"Coho were observed in 4/8 SILs (Sep 11, 22, Nov 13, 24), estimate reliability and fish countability scores seem decent. Peak timing is indicated in the SEN as NOV B, during which there was a survey conducted (13 Nov). SEN comments indicate the annual estimate (400) was generated from 24 Nov helicopter flight, however, it seems more likely from the SILs that the primary survey used to create the estimate was a helicopter flight on 13 Nov. This also aligns better with the estimate method listed as ""Peak Live Plus Dead"". The annual estimate matches the estimated escapement to date listed on both the 13 and 24 Nov SILs. Likely classified as Low Resolution due to long period of time between critical surveys (e.g. 22 Sep - 13 Nov). ","
Coho were seen twice, with a maximum walk estimate of 120 and a helicopter flight estimate of 400.",N/A,10,,
cascade,8,northern_coastal,2010,200,200,200,1,,,1,4,,,N (NOV),"Coho were observed in 7/9 SILs (Aug 21, Sep 1, 9, 19, 30, Oct 26, 28). Peak timing is not indicated in the SEN. Using the stream catalogue, peak spawning is estimated as NOV, at which point the survey period had ended. The annual estimate (200) was generated from 19 Sep inspection (AnnualEstRationale). This estimate matches the Coho Adult Live Estimated Total listed on the corresponding SIL. For inspections when coho were observed, conditions seem decent overall, likely classified as Medium Resolution due to missing peak and end surveys.",Coho were seen on 7 occasions and unattended redds were noted on the last walk. The September 19 inspection recorded good conditions (counted 191 coho and estimated 200 with medium reliability). No carcasses were seen. This number is entered above and should be considered a conservative estimate although four later inspections (with long periods between) counted less coho.,N/A,9,,
cascade,8,northern_coastal,2011,100,100,100,1,,,1,5,,,Y (NOV),"Coho were observed in 2/5 SILs (Nov 8, 16). Peak timing is not indicated on the SEN. Using the stream catalogue, peak spawning is estimated as NOV. Since there were two surveys conducted in Nov, it seems likely that peak was captured this season. The annual estimate (100) seems to have been generated from 16 Nov inspection, corresponding to the estimated escapement to date indicated as 104 on the SIL. Low Resolution is likely an appropriate classification due to few surveys with coho counted and potentially poor survey conditions.","Coho - Estimate is likely low but does reflect that returns were  poor to this system, unlike most other streams in the the area for 2011.",N/A,5,,
cascade,8,northern_coastal,2012,100,100,100,5,,,5,5,,,Y (NOV),"Coho were observed in 5/5 SILs (Aug 20, 31, Sep 14, 25, Nov 25). Peak timing is not indicated in the SEN. Using the stream catalogue, peak spawning is estimated as NOV, during which there was a survey conducted (25 Nov). The annual estimate (100) was generated based on run timing (AnnualEstRationale), but it is unclear how this was done. Additionally, the final SIL (25 Nov) lists the estimated escapement to date as 65. All but the final survey seem to have been conducted in good viewing conditions. Likely classified as Low Resolution due to poor conditions on the peak survey (25 Nov) and long time between critical surveys (e.g. 25 Sep - 25 Nov).","Coho were seen on all five walks. The high count of 52 coho was made on September 14 but there were still 30 live, 12 dead and 10 unaccompanied redds estimated on November 25. A residency time was difficult to estimate and there were gaps in inspections making the annual estimation difficult to formalize. Reliability is low, however an estimate was made based on run timing which is thought to be similar to Elcho Harbour Creek.",N/A,5,,
cascade,8,northern_coastal,2013,180,180,180,1,,,5,5,,,N (NOV A),"Coho were observed in 4/5 SILs (Sep 7, 15, 26, Nov 23). Peak timing is indicated in the SEN as NOV A, during which there were no surveys. It seems unlikely that peak was captured this season. The annual estimate (180) was generated as an Expert Opinion based primarily on the final inspection on 23 Nov (AnnualEstRationale). This estimate matches the estimated escapement to date listed on the corresponding SIL. All but the final survey seem to have been conducted in reasonable viewing conditions. Likely classified as Low Resolution due to poor conditions on the final survey (23 Nov) and long time between critical surveys (e.g. 26 Sep - 23 Nov).","Coho were seen 4 times, the last late-season walk specifically targeted coho but mostly saw unaccompanied redds (87). Carcasses (100 estimated) were also seen and 4 live coho were estimated. The coho annual escapement is an expert opinion, derived mostly from this last walk and should be considered a minimum.",N/A,5,,
cascade,8,northern_coastal,2014,200,200,200,1,,,1,5,,,N (NOV C),"Coho were observed in 3/4 SILs (Aug 28, Sep 23, Nov 16). Peak timing is indicated in the SEN as NOV C, at which point the survey period had ended. The annual estimate (200) was generated as an Expert Opinion based primarily on the final inspection on 16 Nov (AnnualEstRationale), matching the estimated escapement to date listed on the corresponding SIL. All surveys seem to have been conducted in decent viewing conditions. Likely classified as Low Resolution due to long time between critical surveys (e.g. 23 Sep - 16 Nov) and missed peak survey.",The coho estimate is a conservative expert opinion based mostly on the last walk of November 16.,N/A,4,,
cascade,8,northern_coastal,2015,290,290,290,1,,,5,5,,,N (NOV A),"Coho were observed in 4/5 SILs (Aug 15, 26, Sep 6, 17, Nov 22). Peak timing is indicated in the SEN as NOV A, during which no surveys were conducted. The annual estimate (290) was generated from a combination of unaccompanied redds and adult live estimates from the final inspection on 22 Nov, though it is noted to be relatively unreliable (AnnualEstRationale). This estimate matches the estimated escapement to date listed on the corresponding SIL. In general, survey conditions this year seem to have been less than ideal. Likely classified as Low Resolution due to poor viewing conditions and long time between critical surveys (e.g. 17 Sep - 22 Nov).","The last walk, which was specific to coho escapements, allowed the making of an annual coho estimate, though in is relatively unreliable. 

Coho were also seen on all the walks. The annual estimate is a compilation of unaccompanied redds and live estimates from the last walk of November 22. ",N/A,5,,
cascade,8,northern_coastal,2016,NA,A/P,A/P,2,,,,6,,,N (NOV A),"Coho were observed in 2/3 SILs (Sep 21, Nov 29). Peak timing is indicated in the SEN as NOV A, during which no surveys were conducted. Classified as Presence / Absence Category Only because of the long period of time between surveys and missed peak survey (reportedly by approx. 3 weeks). See AnnualEstRationale for more information.","There were 3 inspections of Cascade River this year, all were by CP; one of these, the last, was a late-season walk, targeting coho.

Coho were seen twice, on both last walks. The time between these last two walks spans over 2 months (September 21 to November 29) and the peak of spawn was missed (apparently by about 3 weeks). On September 21, 160 total coho were estimated; by November 29, 10 coho plus 2 carcasses and 40 redds were estimated (for a one-day total of 92 coho. Given the large time span between these walks, the annual coho escapement estimate is probably a minimum of the addition of these two walk estimates-- a total of approximately 250 coho-- however, there is sufficient uncertainty in the total to put some doubt as to its validity (considering the peak of the run was missed and the length of time between walks) and so there is no annual estimate for coho. ",N/A,3,,
cascade,8,northern_coastal,2017,NA,A/P,A/P,1,,,,6,,,N (NOV),"Coho were observed in 1/2 SILs (Sep 3). Peak timing is not indicated in the SEN. Using the stream catalogue, peak spawning is estimated as NOV, at which point the survey period had ended. Classified as Presence / Absence Category Only because of lack of data and poor survey conditions. The surveyors note, however, that this is not necessarily indicative of a poor return year.","Additional walks targeting coho were planned for this (and other) creek(s) but were not possible due to other priorities. Coho were only seen the once, on September 3, the second walk date, when 2 were seen in the ocean and 1 instream. Coho visibility was difficult and countability of coho poor in the schools of other species, so these low numbers may not be indicative of a poor coho run. ",N/A,2,,
cascade,8,northern_coastal,2018,35,35,A/P,1,,,5,5,,6,N (NOV A),"Coho were observed in 2/3 SILs (Aug 25, Oct 16). Peak timing is indicated in the SEN as NOV A, during which there were no surveys. The annual estimate (35) was generated from the 16 Oct inspection (AnnualEstRationale) where the estimated escapement to date is listed as 34 (not including one jack). Note that the provided annual estimate (35) does not seem to be expanded to account for observer efficiency. Likely classified as Low Resolution due to the long period of time between critical surveys (e.g. 16 Oct - 1 Dec) and poor fish countability conditions on the 16 Oct inspection. Recommend changing annual estimate to A/P due to poor survey conditions and incomplete survey coverage of run timing.","Coho were seen on the first walk only as ocean holding fish and on the second there were 34 live coho and 1 jack. Spawning had not begun by the date of this walk, October 16th, but it looked imminant. On the last walk of December 1, no adult coho were seen. ",N/A,3,,
cascade,8,northern_coastal,2019,115,115,115,2,,,5,4,,,Y (NOV B),"Coho were observed in 3/4 SILs (Sep 6, Oct 17, Nov 20). Peak timing is indicated in the SEN as NOV B, during which there was a survey conducted (20 Nov). The annual estimate (115) was generated primarily from the 20 Nov helicopter inspection, but accounts for the portion of Coho seen on 27 Oct that were expected to spawn (AnnualEstRationale). This estimate matches the estimated escapement to date listed on the 20 Nov SIL. Likely classified as Medium Resolution due to variable viewing conditions and estimate reliability. See AnnualEstRationale for more information.","There were 4 inspections of the Cascade River this year, all were by CP. The last was a helicopter flight examination, was done on November 20th and was specifially targeted to coho. 

Coho were seen on the 2 walks and the last inspection, a helicopter flight. The annual estimate is the last inspection helicopter flight estimate with half of the last walk estimate number added, the number which is thought to have spawned. It should be noted that the LH Fork is not normally inspected very far upstream as it used to be more glacially silted and is often very high and opaque (glacial melt) and fish were mostly invisible and few. In addition, the creek is long and additional mileage often difficult to fit into the day. It is felt that 7 of the coho in the LH Fork helicopter flight would normally not have been seen, seeing as they were so far upstream in the LH Fork. ",N/A,4,,
cascade,8,northern_coastal,2020,500,500,500,UNK,Streamwalk / Bank walk / Float (Boat) / Helicopter,,5,4,,,N (OCT C),"Coho were observed in 4/5 SILs (Aug 25, Sep 20, Oct 16, Nov 7). Peak timing is indicated in the SEN as OCT C. There were no surveys during this period, though it is bracketed by surveyed periods (OCT B, NOV A). It is unclear if peak was captured this season. It is unclear exactly how the annual estimate (500) was generated, though it is reportedly an Expert Opinion of reasonable reliability (AnnualEstRationale). Viewing conditions in all but the 25 Aug inspection seem to be decent. ","Coho were seen 4 times, the last by helicopter, and three of these were in good conditions around the time of peak of spawn, and before and after. An expert opinion was used to generate an annual escapement estimate of reasonable reliability. The last inspection (by helicopter) saw many fewer coho in the lower river (implying none, or few, later-arriving coho.",N/A,5,,
cascade,8,northern_coastal,2021,NA***,F/P,F/P,3,Streamwalk / Bank walk ,,,6,,,N (NOV),"Coho adults were not observed in any of the SILs (Aug 5, 26, Sep 14). Coho fry were observed, but later season inspections were aborted such that coho adults could not be enumerated this year. Peak timing is not provided on the SEN. Using the run timing listed in the stream catalogue, peak spawning occurs in NOV. Since the last survey was conducted on 13 Oct, peak spawning was likely missed. Visibility was noted in majority of SILs to be very low.","Coho were seen as fry but later season walks which were planned were not possible. An additional helicopter flight was aborted in mid flight due to the sudden onset of very gusty weather, making the machine uncontrollable. As a result there is no annual escapement estimate for coho.",,3,,
cascade,8,northern_coastal,2022,240,240,240,3,Streamwalk / Bank walk,,,5,,,N,"Coho were observed in 3/3 SILs (Aug 26, Sep 13, Oct 13). Peak timing is not provided on the SEN, but surveyors indicate on all SILs that surveys were conducted before the start of active spawning. The annual estimate (240) was generated as an Expert Opinion and reflects 10% expansion of the estimated escapement to date indicated on the 13 Oct SIL. Likely classified as Low Resolution due to poor countability conditions, low estimate reliability, and incomplete survey coverage of run timing. May be a candidate for A/P categorization.",Coho were also seen on all 3 occasions. The annual escapment estimate is an expert opinion of approximately 10% over the October 13th estimated total to date to account for the possibility of later arrivals. The estimate should be seen as a low reliability minimum. ,,3,,
cascade,8,northern_coastal,2023,350,350,350,2,,,5,5,,,N,"Coho were observed in 2/3 SILs (Sep 11, Oct 8). Peak timing is not provided on the SEN, but surveyors indicate on the final SIL (8 Oct) that active spawning was starting (before peak). The annual estimate (350) was generated as a low-reliability Expert Opinion based on the peak live count of 8 Oct. Likely classified as Low Resolution due to poor countability conditions, low estimate reliability, and incomplete survey coverage of run timing. May be a candidate for A/P categorization.","Coho were seen twice this year: an additional inspection by helicopter was planned but the flight was aborted because of inclement flying weather. The annual escapement estimate is, as a result, of low reliability and should be seen as a minimum: it is an expert opinion, based on the peak of live count of October 8.",,3,,
cascade,8,northern_coastal,2024,NA***,A/P,A/P,1,,,,6,,,N,"Coho were observed in 2/3 SILs (Sep 20, Oct 9), only one of which (Sep 20) includes a count of coho observed. Peak timing is not provided on the SEN, and it is unclear if peak spawning was captured. Surveyors note the 20 Sep SIL was conducted at the start of spawning, but no such information is given for the 9 Oct survey. Due to poor survey conditions and only one survey with a count for coho, A/P is likely appropriate.","Coho  were seen twice, but the second time inspection conditons were very poor and no numerical estimate could be made. On September 20th 90 coho were estimated, along with 6 holding in the estuary. A later walk would have been necessary to make a coho estimate from, unfortunately, continuous rains caused persistent floods. Later flights, specific to coho were planned but didn't happen. ",,3,,
chuckwalla,9,rivers_inlet,1980,300,300,A/P,,,,,,,,N (Oct C - Nov B),"No rationale, method, or reliability stated, peak was not seen. Unsure of how this estimate was reached, recommend switch to A/P.",The second last coho inspection saw no coho  possibly due to muddy floodwater conditions (December 3); the last walk confirmed a low abundance or absence of coho instream on December 9th. ,,7,,
chuckwalla,9,rivers_inlet,1981,450,450,A/P,,,,,,,,N (Oct C - Nov B),"No rationale, method, or reliability stated, peak was not seen. Unsure of how this estimate was reached, recommend switch to A/P.","Coho and their redds were seen 3 times this year and the annual escapement estimate is an expert opinion, based on live and dead coho and their unattended redds. Reliability of the counts was fairly good, but the last walks and coho that may have arrived late were not enumerated (well), nece the unscertainty in end -of-run timing.",,3,,
chuckwalla,9,rivers_inlet,1982,1000,1000,A/P,,,,,,,,N (Oct C - Nov B),"No rationale, method, or reliability stated, peak was not seen. Unsure of how this estimate was reached, recommend switch to A/P.",,,3,,
chuckwalla,9,rivers_inlet,1983,2500,2500,A/P,,,,,,,,N (Oct C - Nov B),"No rationale, method, or reliability stated, peak was not seen. Unsure of how this estimate was reached, recommend switch to A/P.",,,5,,
chuckwalla,9,rivers_inlet,1984,2500,2500,A/P,4,A/D,B,,,,,N (Oct C - Nov B),"6 inspections done this year, 4 used to generate coho estimate. Medium reliability of B, peak timing was not seen on the inspections. Chuckwalla inspections are usually focused on chinook, pink, and chum, run timing of coho does not seem to be priority. Data available is not strong enough to generate an accurate estimate without a rationale, recommend switch to A/P.",,,6,,
chuckwalla,9,rivers_inlet,1985,400,400+,A/P,5,D/B,B,,,,,N (Oct C - Nov B),"8 inspections done this year, 5 used to generate coho estimate. Medium reliability of B, peak timing was not seen on the inspections. Chuckwalla inspections are usually focused on chinook, pink, and chum, run timing of coho does not seem to be priority. Data available is not strong enough to generate an accurate estimate without a rationale, recommend switch to A/P.",,,8,,
chuckwalla,9,rivers_inlet,1986,200,200,A/P,,1/2/4,2,,,,,N (Oct C - Nov B),"6 inspections done this year, unkown how many were used to generate the coho estimate. Low reliability of 2, peak timing was not seen on the inspections. Chuckwalla inspections are usually focused on chinook, pink, and chum, run timing of coho does not seem to be priority. Data available is not strong enough to generate an accurate estimate without a rationale, recommend switch to A/P.",,,6,,
chuckwalla,9,rivers_inlet,1987,NA,Unk.,A/P,,1/2/3/4,,,,,,N (Oct C - Nov B),"6 inspections done this year. No rationale, method or reliability included, peak timing was not seen on the inspections. Original estimate of A/P is valid.",,,6,,
chuckwalla,9,rivers_inlet,1988,550,550,A/P,2,1/2/4,2,,,,,N (Oct C - Nov B),"5 inspections done this year, 2 used to generate the coho estimate. Low reliability of 2, peak timing was not seen on the inspections. Chuckwalla inspections are usually focused on chinook, pink, and chum, run timing of coho does not seem to be priority. Data available is not strong enough to generate an accurate estimate without a rationale, recommend switch to A/P.",,,5,,
chuckwalla,9,rivers_inlet,1989,NA,6,6,1,1/2/3/6,1,,,,,N (Oct C - Nov B),"5 inspections done this year, 1 used to generate the coho estimate. Low reliability of 2, peak timing was not seen on the inspections. Chuckwalla inspections are usually focused on chinook, pink, and chum, run timing of coho does not seem to be priority. Discrepancy between the NuSEDS estimate value of NA and the database estimate value of 6.  Data available is not strong enough to generate an accurate estimate without a rationale, recommend switch to A/P.",,,5,,
chuckwalla,9,rivers_inlet,1990,500,500,A/P,3,1/2/6,1,,,,,N (Oct C - Nov B),"8 inspections done this year, 3 used to generate the coho estimate. Low reliability of 1, peak timing was not seen on the inspections. Chuckwalla inspections are usually focused on chinook, pink, and chum, run timing of coho does not seem to be priority.  Data available is not strong enough to generate an accurate estimate without a rationale, recommend switch to A/P.",,,8,,
chuckwalla,9,rivers_inlet,1991,NA,Unk.,A/P,,,,,,,,N (Oct C - Nov B),"8 inspections done this year. No rationale, method, or reliability stated, peak timing was not seen. Chuckwalla inspections are usually focused on chinook, pink, and chum, run timing of coho does not seem to be priority. A/P estimate is valid.",,,7,,
chuckwalla,9,rivers_inlet,1992,NA,Unk.,A/P,,,,,,,,Y (Oct C - Nov B),"6 inspections done this year. No rationale, method, or reliability stated, peak timing was seen. Chuckwalla inspections are usually focused on chinook, pink, and chum, run timing of coho does not seem to be priority. A/P estimate is valid.",,,6,,
chuckwalla,9,rivers_inlet,1993,NA,Unk. ,A/P,,,,,,,,N (Oct C - Nov B),"7 inspections done this year. No rationale, method, or reliability stated, peak timing was not seen. Chuckwalla inspections are usually focused on chinook, pink, and chum, run timing of coho does not seem to be priority. A/P estimate is valid.",,,7,,
chuckwalla,9,rivers_inlet,1994,NA,Unk.,A/P,,1/10,,,,,,N (Oct C - Nov B),"5 inspections done this year. No rationale, method, or reliability stated, peak timing was not seen. Chuckwalla inspections are usually focused on chinook, pink, and chum, run timing of coho does not seem to be priority. A/P estimate is valid.",,,5,,
chuckwalla,9,rivers_inlet,1995,NA,Unk.,A/P,,,,,,,,N (Oct C - Nov B),"3 inspections done this year. No rationale, method, or reliability stated, peak timing was not seen. Chuckwalla inspections are usually focused on chinook, pink, and chum, run timing of coho does not seem to be priority. A/P estimate is valid.",,,3,,
chuckwalla,9,rivers_inlet,1996,NA,,N/I,,,,,,,,N (Oct C - Nov B),"Only 1 inspection done this year. No rationale, method, or reliability stated, peak timing was not seen. Chuckwalla inspections are usually focused on chinook, pink, and chum, run timing of coho does not seem to be priority. N/I is recommended.",,,1,,
chuckwalla,9,rivers_inlet,1997,NA,N/I,N/I,,,,,,,,N (Oct C - Nov B),"Coho were not inspected this year, N/I is valid.",,,6,,
chuckwalla,9,rivers_inlet,1998,2180,5000,5000,,3,2,,,,,Y (Oct C - Nov B),"4 inspections done this year, not stated how many were used to generate coho estimate. Peak timing was seen, but there was a low reliability of 2. There is a discrepancy between the original escapement estimate of 2180 found in NuSEDs and the database estimate of 5000. 5000 was the escapement estimate done during  the October 22nd peak inspection. Recommend switching to the 5000 database estimate, as it can be considered a peak count, which is a valid estimate method. ",,,4,,
chuckwalla,9,rivers_inlet,1999,3000,N/I,3000,,,,,,,,N (Oct C - Nov B),"6 inspections done this year, number of inspections used in estimate not stated. No rationale, method, or reliability stated, peak timing was not stated. Chuckwalla inspections are usually focused on chinook, pink, and chum, run timing of coho does not seem to be priority. There is a discrepancy between the original escapement estimate of 3000 found in NuSEDs and the database estimate of N/I. 3000 was the escapement estimate done during  the September 17th pre-peak inspection. Recommend staying with the 3000 database estimate, as it can be considered a unreliable minimum count.",,,6,,
chuckwalla,9,rivers_inlet,2000,1100,Unk.,1100,,,,,,,,N (Oct C - Nov B),"10 inspections done this year, number of inspections used in estimate not stated. No rationale, method, or reliability stated, peak timing was not stated. Chuckwalla inspections are usually focused on chinook, pink, and chum, run timing of coho does not seem to be priority. There is a discrepancy between the original escapement estimate of 1100 found in NuSEDs and the database estimate of Unk. 1100 was the escapement estimate done during  the October 5th start peak inspection. Recommend staying with the 1100 database estimate, as it can be considered a unreliable minimum count.",,,10,,
chuckwalla,9,rivers_inlet,2001,NA,N/O,N/O,,3,1,,,,,N (Oct C - Nov B),"Only 1 inspection done this year. Peak timing was not seen. Chuckwalla inspections are usually focused on chinook, pink, and chum, run timing of coho does not seem to be priority. N/O estimate is valid.",,,1,,
chuckwalla,9,rivers_inlet,2002,1200,1200,1200,4,3,2,,,,,Y (Oct C - Nov B),"11 inspections done this year, 4 used to generate coho estimate. Weak reliability of 2, but peak timing was seen. Data is strong enough to generate an accurate estimate, original estimate is likely valid.",,,11,,
chuckwalla,9,rivers_inlet,2003,NA,N/O,N/O,2,3/4,1,,,,,N (Oct C - Nov B),"5 inspections done this year, 2 used for coho estimate. Peak timing was not seen. Chuckwalla inspections are usually focused on chinook, pink, and chum, run timing of coho does not seem to be priority. N/O estimate is valid.",,,5,,
chuckwalla,9,rivers_inlet,2004,2000,2000,2000,2,,,12,4,5,4,Y (Oct C - Nov B),"8 inspections done this year, 2 used to generate coho estimate. Weak reliability classification of 4, but peak timing was seen. Data is strong enough to generate an accurate estimate, original estimate is likely valid. However, estimate method of 12 seems innapropriate, as it was not explained why this was the case in the rationale. Switch of estimate method to 5 may be more appropriate."," During the swim 1,164 coho were counted and during the flight 500 coho were estimated in the same section (canyon to mouth).  During the flight, another 500 were estimated above the canyon.  The counting conditions are more favorable (good vis, less fish, etc.) above the canyon, so the number counted in that section during the Sept 15 flight was assumed to be about 800 instead of 500.  Using all of the latter information the annual estimate would have been 1,200 lower + 800 upper = 2,000.  The latter estimate should be viewed as conservative because it is based on observations early in the run timing.  Anecdotal information (Lyle Enderud) from a flight in mid-November suggested the annual estimate was closer to 3,000. ",,8,,
chuckwalla,9,rivers_inlet,2005,2000,2000,2000,1,,,12,4,5,4,Y (Oct C - Nov B),"6 inspections done this year, only 1 used to generate coho estimate. Weak reliability classification of 4, but peak timing was seen. Data is strong enough to generate an accurate estimate, original estimate is likely valid. However, estimate method of 12 seems innapropriate, as it was not explained why this was the case in the rationale. Switch of estimate method to 5 may be more appropriate.","The coho moved into the Chuckwalla early again this year.  During a flight on September 6, there were an estimated 2000 coho holding in pools throughout the entire system.  As in previous years, the peak count of holding coho was used as an index of escapement.  There was a late flight for coho on November 30 and 1000 coho were observed.  The coho were all holding and there was no evidence of any spawn- no empty redds or spawning fish.  Coho were only enumerated below the canyon, yet a substantial number were seen above the canyon during the September 6 flight.  For future flights, I would suggest flying the entire length of the system (well past John's Creek) when enumerating coho.",,6,,
chuckwalla,9,rivers_inlet,2006,NA,A/P,A/P,1,,,,6,,6,N (Oct C - Nov B),Escapement estimate of A/P is valid due to lack of reliable data.,There was 1 coho observed during the drift on September 8.  Visibility was poor and the drift did not cover the entire river.  Obviously the coho did not show early as they have in the previous couple of years.  The coho timing looks similar to most streams in the Central Coast- late.  No sockeye were observed in 2006.,,5,,
chuckwalla,9,rivers_inlet,2007,1000,1000,1000,1,,,1,5,1,5,Y (Oct C - Nov B),"5 inspections done this year, only 1 used to generate coho estimate. Weak reliability classification of 5, but peak timing was seen. Data is strong enough to generate an accurate estimate, original estimate is likely valid. Estimate was done by way of a peak live plus dead aerial count on November 22nd.","Coho were present in 2007.  Casey Ardley (River's Lodge) sent photos of coho that were caught while angling in the lower river in early to mid-September.  A helicopter overflight on November 22 counted 651 holding, 48 spawning, 3 carcasses, 30 redds, and estimated 1,050 coho (originally reported as 934 so left annaul estimate at 1,000).  Conditions for counting were excellent and a final index of the escapement was reported.  ",,5,,
chuckwalla,9,rivers_inlet,2008,1000,1000,1000,4,,,5,5,5,5,Y (Oct C - Nov B),"7 inspections done this year, 4 used to generate coho estimate. Weak reliability classification of 5, but peak timing was seen. Data is strong enough to generate an accurate estimate, original estimate is likely valid. Estimate was done by way of an expert opinion expanded from an aerial count.",Coho - Were first observed on the September 15 and 23rd chinook flights. Subsequent flights on October 27 and November 8 targetted coho alone but little evidence of spawning was identified and the schools of fish were difficult to assess in the deeper pools where they often scattered before a good estimate could be obtained. Considering all coho observations and in relation to previous years coho assessment flights I prefer to provide a low resolution estimate of abundance rather than post an A/P. Inspections covered the mouth to Johns Creek only.,,7,,
chuckwalla,9,rivers_inlet,2009,11000,11000,11000,2,,,1,4,1,4,Y (Oct C - Nov B),"7 inspections done this year, 2 used to generate coho estimate. Weak reliability classification of 4, but peak timing was seen. Data is strong enough to generate an accurate estimate, original estimate is likely valid. Estimate was done by way of a peak live plus dead aerial count on November 13th.","Coho peak count estimate of 11000  was documented on November 13th. During this flight, coho were observed in abundance within most suitable habitat. An earlier flight on October 19th documented a massive school of coho in the tailout of the ten mile canyon. The estimate was 5000 adults but noted as conservative. On the November 13 flight, coho were observed in large schools throughout the system. Of note were the larger schools observed just below the canyon and the relatively low amount of fish observed in the ten mile pool. Considering these observations it is estimated the peak coho population was observed.  Spawning was noted but it was obviously early in the event.",,7,,
chuckwalla,9,rivers_inlet,2010,2000,2000,2000,1,,,1,5,1,5,Y (Oct C - Nov B),"3 inspections done this year, only 1 used to generate coho estimate. Weak reliability classification of 5, but peak timing was seen. Data is strong enough to generate an accurate estimate, original estimate is likely valid. Estimate was done by way of a peak live plus dead aerial count on November 28th.","Coho - Estimate based on one flight on November 28 before the start of spawning.. 
",,3,,
chuckwalla,9,rivers_inlet,2011,3500,3500,3500,1,,,1,6,1,5,Y (Oct C - Nov B),"3 inspections done this year, only 1 used to generate coho estimate. Peak timing was seen. Data is strong enough to generate an accurate estimate, original estimate is likely valid. Estimate was done by way of a peak live plus dead aerial count on November 6th. recommending switching the non appropriate method of 6 to 5.","Coho - Estimate based on a heli flight of Nov 06 near to start of spawning. Assessment and estimation methods similar from year to year.
",,3,,
chuckwalla,9,rivers_inlet,2012,2500,2500,2500,1,,,5,5,5,5,Y (Oct C - Nov B),"4 inspections done this year, only 1 used to generate coho estimate. Weak reliability classification of 5, but peak timing was seen. Data is strong enough to generate an accurate estimate, original estimate is likely valid. Estimate was done by way of an expert opinion expanded from an aerial count on November 26th.",Coho - Estimate is based on the helicopter inspection on Nov 26th. Although no spawning was observed the predator activity would suggest that spawning had started recently. It is likely that most of the spawning coho for the year were alive and in the system at the time of the inspection. Visibility was described as medium. The actual count was 2050 and the estimate of 2500 is believed to be conservative. ,,4,,
chuckwalla,9,rivers_inlet,2013,1200,1200,A/P,1,,,5,5,5,5,N (Oct C - Nov B),"3 inspections done this year, only 1 used to generate coho estimate. Weak reliability classification of 5, peak timing was not seen, no rationale stated. Escapement estimate was done by a expert opinion. Data available is not strong enough to create a reliable escapement estimate, recommend switch to A/P.",,,3,,
chuckwalla,9,rivers_inlet,2014,NA,A/P,A/P,,,,,6,,6,N (Oct C - Nov B),Escapement estimate of A/P is valid due to lack of reliable data.,"Coho - 500 seen during on one of the chinook assessment flights otherwise no inspections done.
",,3,,
chuckwalla,9,rivers_inlet,2015,NA,N/I,N/I,,,,,6,,6,N (Oct C - Nov B),"Escapement estimate of  N/I is valid, coho were not inspected this year.",Chuckwalla River was not inspected this year.,,1,,
chuckwalla,9,rivers_inlet,2016,NA,,,,,,,,,,N (Oct C - Nov B),No data available for this year.,,,2,,
chuckwalla,9,rivers_inlet,2017,NA,N/I,N/I,,,,,6,,6,N (Oct C - Nov B),"Escapement estimate of  N/I is valid, coho were not inspected this year.",,,2,,
chuckwalla,9,rivers_inlet,2018,NA,N/I,N/I,,,,,6,,6,N (Oct C - Nov B),"Escapement estimate of  N/I is valid, coho were not inspected this year.",,,2,,
chuckwalla,9,rivers_inlet,2019,NA,,,,,,,,,,N (Oct C - Nov B),No data available for this year.,,,7,,
chuckwalla,9,rivers_inlet,2020,NA,N/I,N/I,,,,,6,,6,Y (Oct C - Nov B),"Escapement estimate of  N/I is valid, coho were not inspected this year.",,,3,,
chuckwalla,9,rivers_inlet,2021,,,,,,,,,,,,No data available for this year.,,,,,
chuckwalla,9,rivers_inlet,2022,N/I,N/I,N/I,,,,,6,,6,N (Oct C - Nov B),"Escapement estimate of  N/I is valid, coho were not inspected this year.",,,,,
chuckwalla,9,rivers_inlet,2023,,N/I,N/I,,,,,6,,6,N (Oct C - Nov B),"Escapement estimate of  N/I is valid, coho were not inspected this year.",,,4,,
chuckwalla,9,rivers_inlet,2024,,N/I,N/I,,,,,6,,6,N (Oct C - Nov B),"Escapement estimate of  N/I is valid, coho were not inspected this year.",,,6,,
dala,6,kitimat_arm,1980,,3000,3000,,,,,,,4,Y (OCT A),"No SILs available. Peak spawning was included in survey period (peak survey in Oct.). Numerical estimate may be fair, recommend classification 4 due to lack of detail around estimate.",,,UNK,,
dala,6,kitimat_arm,1981,,2000,2000,,,,,,,4,Y (OCT),"No SILs available. Peak spawning was included in survey period (peak survey Oct. 10). Numerical estimate may be fair, recommend classification 4 due to lack of detail around estimate.","Water was silty much of the summer, making assessment difficult.",,UNK,,
dala,6,kitimat_arm,1982,,3000,3000,,,,,,,4,UNK (OCT),"No SILs available. Unclear if peak survey was conducted due to no provided survey dates. Numerical estimate may be fair, recommend classification 4 due to lack of detail around estimate.",,,UNK,,
dala,6,kitimat_arm,1983,,3000,3000,,,,,,,5,N (OCT),"No SILs available. Peak survey was not conducted due to early end to survey period (last survey in Sep.). Numerical estimate may be fair, recommend classification 5 due to very early end to survey period.",,,2,,
dala,6,kitimat_arm,1984,,2000,2000,,,,,,,4,UNK (OCT),"No SILs available. Unclear if peak survey was conducted due to no provided survey dates. Numerical estimate may be fair, recommend classification 4 due to lack of detail around estimate.",,,UNK,,
dala,6,kitimat_arm,1985,,2000,2000,,,,,,,5,Y (OCT A),"Two different SENs available for this year. No SILs available. I have chosen to report the estimate of 2000 due to the survey period aligning better with spawn timing and slightly better reliability estimate. Peak spawning was included in the survey period (Oct. 7). Numerical estimate may be fair, recommend classification 5 due to provided reliability estimate and uncertainty around true estimate. Alternate estimate 4000.",,,,,
dala,6,kitimat_arm,1986,,4000,4000,5,Visual,4,,,,3,UNK (OCT A),"No SILs available. Unclear if peak survey was conducted due to no provided survey dates. Numerical estimate may be fair, recommend classification 3 due to provided reliability estimate.",,,UNK,Walk / Float / Plane,
dala,6,kitimat_arm,1987,,2000,2000,6,Visual,2,,,,5,N (OCT C),"No SILs available. Peak survey was not conducted due to early end to survey period (last survey Sep. 14). Numerical estimate may be fair, recommend classification 5 due to very early end to survey period.",,,9+,Walk / Plane,
dala,6,kitimat_arm,1988,,1000,A/P,,Visual,1,,,,6,UNK (OCT C),No SILs available. Unclear if peak survey was conducted due to limited survey dates provided. Recommend A/P due to provided reliability estimate and lack of details given.,,,UNK,Float / Plane,
dala,6,kitimat_arm,1989,,2000,2000,4,Visual,4,,,,3,UNK (OCT C),"No SILs available. Unclear if peak survey was conducted due to limited survey dates provided. Numerical estimate may be fair, recommend classification 3 due to provided estimate reliability.",,,UNK,Walk / Heli,
dala,6,kitimat_arm,1990,,3000,3000,,Visual,3,,,,4,UNK (OCT C),"No SILs available. Unclear if peak survey was conducted due to limited survey dates provided. No details given regarding coho estimate. Numerical estimate may be fair, recommend classification 4 due to provided reliability estimate.",,,UNK,Walk / Heli,
dala,6,kitimat_arm,1991,,1500,1500,1,Visual,2,,,,5,Y (OCT C),"No SILs available. Peak spawning is included in survey period (peak survey Oct. 28). Numerical estimate seems fair, recommend classification 5 due to provided estimate reliability.",Extreme high water from Oct. 10 -16 due to heavy rains.,,2,Heli,
dala,6,kitimat_arm,1992,,UNK,N/I,,,,,,,6,,No SILs available. Recommend estimate changed to N/I as there are no comments regarding coho observation.,,,,,
dala,6,kitimat_arm,1993,,UNK,N/I,,,,,,,6,,No SILs available. Recommend estimate changed to N/I as there are no comments regarding coho observation.,,,,,
dala,6,kitimat_arm,1994,,A/P,A/P,,,,,,,6,,"No SILs available. Unclear whether N/I or A/P is the better estimate here, A/P may be fair.",No coho inspections done this season. Sports fishing for coho was good in August and September.,,,,
dala,6,kitimat_arm,1995,,N/I,N/I,,,,,,,6,,No SILs available. N/I appropriate.,No coho inspections done this year.,,,,
dala,6,kitimat_arm,1996,,N/I,N/I,,,,,,,6,,No SILs available. N/I appropriate.,No coho inspections done this year.,,,,
dala,6,kitimat_arm,1997,,N/O,N/O,,,,,,,6,,No SILs available. N/O appropriate.,Only one inspection done by helicopter. No coho observed.,,,,
dala,6,kitimat_arm,1998,,N/I,N/I,,,,,,,6,,No SILs available. N/I appropriate.,,,,,
dala,6,kitimat_arm,1999,,1000,1000,1,Visual,2,,,,5,Y (NOV),"No SILs available. Peak spawning is included in the survey period (peak survey Nov. 13). Numerical estimate seems fair, recommend classification 5 due to provided estimate reliability.","Coho escapement is based on the actual counts from 3 helicopter flights: Oct. 4, Oct. 28, Nov. 13. Conditions for coho enmeration were ideal on all flights.",,9,Heli,
dala,6,kitimat_arm,2000,,3500,3500,2,Visual,2,,,,5,Y (NOV B),"No SILs available. Peak spawning is included in the survey period (peak survey Nov. 11). Numerical estimate seems fair, recommend classification 5 due to provided estimate reliability.",An extra effort was placed on the Dala River to determine the coho escapement. This river was selected because the majority of coho spawn in the mainstem and it is consistently clear throughout the season. Two helicopter flights were timed to count in the best conditinos to cover the expected peak of the coho run. I feel the majority of the coho had entered the river by Nov. 11. Lots of spawning was taking place throughout the river on Nov. 11.,,6,Heli,
dala,6,kitimat_arm,2001,,3200,3200,4,Visual,2,,,,5,N (NOV C),"No SILs available. Peak survey was not conducted due to gap in survey period (Nov. 18 - Dec. 21). Numerical estimate seems fair, recommend classification 5 due to provided estimate reliability.",Four inspections were made by helicopter to enumerate coho. Peak coho count was 2230. The actual counts were used and the percentage of new coho added. The heli count on Dec. 21 was near the end of spawning. No coho seen on Jan. 8 inspection.,,9,Heli,
dala,6,kitimat_arm,2002,,2800,2800,4,Visual,2,,,,5,Y (OCT C),"No SILs available. Peak spawning is included in the survey period (peak survey Oct. 28). Numerical estimate seems fair, recommend classification 5 due to provided estimate reliability.",The coho escapement estimate was derived from 3 fall helicopter inspections. Peak adult coho count was 2540.,,9,Walk / Heli,
dala,6,kitimat_arm,2003,,2400,2400,2,Visual,2,,,,5,N (OCT C),No SILs available. Peak survey was not conducted due to critical gap in survey period (Aug. 25 - Nov. 1). Numerical estimate fair due to good showing of coho on two Nov. surveys. Recommend classification 5 due to provided estimate reliability.,Two helicopter inspections to enumerate cohowere done in November. The October inspection done in previous years was cancelled because of bad weather. The final coho escapement was calculated from the actual counts in November and comparing this escapement to previous years for determining the October count. Coho counts are as follows: Nov. 1 = 1290; Nov. 20 = 945.,,6,Heli,
dala,6,kitimat_arm,2004,,A/P,A/P,1,Visual,,,,,6,Y (NOV),1/10 inspections saw coho. Peak spawning is included in survey period (peak survey Nov. 11). A/P fair due to comments about difficult visibility and low reliability. , A total of 380 coho were counted but the deeper pools were too coloured to see into.,,10,Walk / Float / Heli,
dala,6,kitimat_arm,2005,,5500,5500,1,Visual,,5,5,5,5,Y (OCT C),1/5 inspections saw coho. Peak spawning is included in survey period (peak survey Oct. 20). Numerical estimate fair due to good showing of coho on Oct. 20 survey. Classification 5 fair due to basis of estimate on single survey.,"One coho inspection was done by helicopter on October 20. The final escapement for coho is based on the one inspection, assuming the majority of the coho were already in the river. This assumption was based on previous years when several inspections were made.",,5,Walk / Float / Heli,
dala,6,kitimat_arm,2006,,1700,1700,1,Visual,,5,5,5,5,Y (OCT C),"1/6 inspections saw coho. Peak timing is not specified, but many years for this stream estimate peak around OCT C (peak survey Oct. 30). Numerical estimate fair due to good showing of coho on Oct. 30 survey. Classification 5 fair due to basis of estimate on single survey.",One helicopter inspection was done to enumerate coho on October 30. The entire river was flown and an actual count was completed. The majority of coho were holding in pools. The timing appeared to be right for the peak count as most of the coho were further up the system with very few further down moving into the system.,,6,Walk / Float / Heli,
dala,6,kitimat_arm,2007,,1500,1500,1,Visual,,5,5,5,5,Y (NOV A),1/5 inspections saw coho. Peak spawning is included in survey period (peak survey Nov. 4). Numerical estimate fair due to good showing of coho on Nov. 4 survey. Classification 5 fair due to basis of estimate on single survey.,One helicopter inspection was done to enumerate coho on October 30. The entire river was flown and an actual count was completed. The majority of coho were holding in pools and it was determined that most of the coho were already in the stream. The timing appeared to be right for the peak count as no other coho seem to be moving into the system.,,5,Walk / Float / Heli,
dala,6,kitimat_arm,2008,,900,900,1,Visual,,5,5,5,5,Y (OCT C),2/5 inspections saw coho. Peak spawning is included in survey period (peak survey Oct. 30). Numerical estimate fair due to good showing of coho on Oct. 30 survey. Classification 5 fair due to basis of estimate on single survey.,The coho final escapement was derived from the peak count from the helicopter on October 30. It is assumed the majority of coho are in the system as no fish were observed in the lower portion of the river.,,5,Walk / Float / Heli,
dala,6,kitimat_arm,2009,,5230,5230,1,Visual,,5,5,5,5,N (OCT C),1/5 inspections saw coho. Peak survey was not conducted due to early end to survey period (last survey Oct. 19). Numerical estimate fair due to good showing of coho on Oct. 19 survey. Classification 5 fair due to basis of estimate on single survey before peak spawning., A coho inspection was done on October 19.The actual count was used for the annual estimate. This escapement estimate for coho is used as an annual comparison of abundance.,,5,Walk / Float / Heli,
dala,6,kitimat_arm,2010,,980,980,1,Visual,,5,5,5,5,N (NOV A),2/5 inspections saw coho. Peak survey was not conducted due to early end to survey period (last survey Oct. 29). Numerical estimate fair due to good showing of coho on Oct. 29 survey. Classification 5 fair due to basis of estimate on single survey before peak spawning.,,,5,Walk / Float / Heli,
dala,6,kitimat_arm,2011,,2840,2840,1,Visual,,5,5,5,5,Y (OCT C),"1/9 inspections saw coho. Peak timing is not specified, but many years for this stream estimate peak around OCT C (peak survey Oct. 20). Numerical estimate fair due to good showing of coho on Oct. 20 survey. Classification 5 fair due to basis of estimate on single survey.",A coho count was conducted on October 20 by helicopter of the entire river. The total count for the one inspection was used for the annual escapement as this count is done annually at a similar timing and the count is used as a comparative number to previous years.,,9,Walk / Float / Heli,
dala,6,kitimat_arm,2012,,860,860,1,Visual,,5,5,5,5,N (NOV A),2/7 inspections saw coho. Peak survey was not conducted due to early end to survey period (last survey Oct. 23). Numerical estimate fair due to good showing of coho on Oct. 23 survey. Classification 5 fair due to basis of estimate on single survey.,A Coho count was conducted on October 23 by helicopter of the entire river. The total count for the one inspection was used as the annual escapement as this count is done annually at a similar timing and the count is used as a comparative number to previous years.,,7,Walk / Float / Heli,
dala,6,kitimat_arm,2013,,2640,2640,1,Visual,,1,5,1,5,Y (OCT C),1/6 inspections saw coho. Peak spawning is included in the survey period (peak survey Oct. 23). Original estimate is an unexpanded peak count from the Oct. 23 survey. Classification 5 seems fair due to basis of the estimate on a single survey.,A coho count was conducted on October 23 by helicopter of the entire river. The total count for the one inspection was used as the annual escapement as this count is done annually at a similar timing and the count is used as a comparative number to previous years.,,6,Walk / Float / Heli,
dala,6,kitimat_arm,2014,,"1,550","1,550",1,Visual,,5,5,5,5,Y (OCT C),1/6 inspections saw coho. Peak spawning is included in survey period (peak survey Oct. 26). Numerical estimate fair due to good showing of coho on oct. 26 survey. Classification 5 fair due to basis of estimate on single survey.,On October 26 a helicopter inspection was done of the entire river for coho. Conditions were excellent for enumerating coho. The total count for the 1 inspection was used as the annual escapement as this count is done annually at a similar timing and the count is used as a comparative number to previous years. Recording the minimum observed escapement was preferred over stating AP.,,6,Walk / Float / Heli,
dala,6,kitimat_arm,2015,,1140,1140,2,Visual,,5,5,5,5,Y (OCT C),3/8 inspections saw coho. Peak spawning is included in survey period (peak survey Oct. 26). Numerical estimate fair due to good showing of coho on Oct. 26 survey. Classification 5 fair due to basis of estimate on single survey.,On October 26 a helicopter inspection was done of the entire river for coho. Conditions were excellent for enumerating coho. The total count for the 1 inspection was used as the annual escapement as this count is done annually at a similar timing and the count is used as a comparative number to previous years. Recording the minimum observed escapement was preferred over stating AP.,,8,Walk / Float / Heli,
dala,6,kitimat_arm,2016,,3060,3060,1,Visual,,5,5,5,5,N (NOV A),1/6 inspections saw coho. Peak survey was not conducted due to early end to survey period (last survey Oct. 17). Numerial estimate fair due to good showing of coho on Oct. 17 survey. Classification 5 fair due to single survey with coho observation before peak spawning.,On October 17 a dedicated coho helicopter inspections was completed of the entire river.  Conditions were excellent for enumerating coho. The total count for the 1 inspection was used as the annual escapement as this count is done annually at a similar timing and the count is used as a comparative number to previous years. Recording the minimum observed escapement was preferred over stating AP. ,,6,Walk / Float / Heli,
dala,6,kitimat_arm,2017,,3840,3840,1,Visual,,5,5,5,5,N (OCT C),1/9 inspections saw coho. Peak survey was not conducted due to early end to survey period (last survey Oct. 13). Numerical estimate fair due to good showing of coho on Oct. 13 survey. Classification 5 fair due to basis of estimate on a single survey with coho observation before peak spawning.,On October 13 a dedicated coho helicopter inspection was completed of the entire river.  Conditions were excellent for enumerating coho. The total count for the 1 inspection was used as the annual escapement as this count is done annually at a similar timing and the count is used as a comparative number to previous years. Recording the minimum observed escapement was preferred over stating AP.,,9,Walk / Float / Heli,
dala,6,kitimat_arm,2018,,1950,1950,1,Visual,,5,5,5,5,N (OCT C),1/8 inspections saw coho. Peak survey was not conducted due to early end to survey period (last survey Oct. 16). Numerical estimate fair due to good showing of coho on Oct. 16 survey. Classification 5 fair due to single survey with coho observation before peak spawning.,The coho escapement is the actual count of coho on the October 16 helicopter inspection. This escapement is used as the final escapement as it compares with other years as the same method is used. Using the minimum observed escapement was favored over stating AP. ,,8,Walk / Float / Heli,
dala,6,kitimat_arm,2019,,No Record,1350,,Visual,,,,3,4,Y (OCT C),"No annual estimate in database. 3/7 inspections saw coho. Estimated escapement to date on final SIL was 1100, Oct. 29 (spawning period not indicated). Peak timing is unclear, but many years for this stream estimate peak spawning at OCT C (peak survey Oct. 29, highest count Oct. 9). Survey conditions this year were favourable. Recommend AUC (see AUC Recalculation), classification 4 due to low resolution.",,"AUC calculation using RT 50 days, OE 80%, and actual counts suggests escapement estimate 1350.",,Walk / Float / Heli,
dala,6,kitimat_arm,2020,,2350,2350,4,Visual,,3,3,3,4,Y (OCT C),"4/10 inspections saw coho. Peak spawning is included in survey period (peak survey Oct. 22). AUC fair, recommend classification 4 due to low resolution.",The annual coho estimate is based on the counts from 3 helicopter inspection of the entire river. The actual counts from each inspection was entered into the AUC program using a 50 day RT and a 95% OE to calculate the final escapement of 2350.,AUC calculation given matches.,10,Walk / Float / Heli,
dala,6,kitimat_arm,2021,,3940,3940,3,Visual,,3,3,3,4,Y (OCT C),"3/9 inspections saw coho. Peak survey was not conducted due to gap in survey period, but Nov. 1 survey can represent peak. AUC calculation fair, recommend classification 4 due to low resolution.",The final coho escapement was derived from the counts from 3 helicopter inspections of the entire river. The actual counts from the 3 inspections was entered into the AUC program using a 50 day RT and a 95% OE to calculate the final escapement.,AUC calculation given matches (3919).,9,Walk / Float / Heli,
dala,6,kitimat_arm,2022,,1800,1800,3,Visual,,3,3,3,4,Y (OCT B),"4/10 inspections saw coho. Peak spawning is included in survey period (peak survey Oct. 16, highest count Oct. 3). AUC fair, recommend classification 4 due to low resolution.",The coho annual escapement was determined by using the actual counts from the 3 helicopter inspections.  The counts were entered into the AUC program using a 50 day RT and a 90 % OE to calculate the final escapement.,AUC calculation given matches.,10,Walk / Float / Heli,
dala,6,kitimat_arm,2023,,2200,4200,2,Visual,,3,3,3,4,Y (OCT A),4/8 inspections saw coho (only 3 with counts). Peak spawning is included in survey period (peak survey Oct. 6; highest count on Oct. 28). AUC needed adjustment (see AUC recalculation). Recommend classification 4 due to low resolution.,There were 2 helicopter inspections of the Dala River for coho in 2023. The 2 counts were entered into the AUC program using a 45 day RT and a 90% OE to calculate the final escapement. ,"New AUC: RT 45 days, OE 90%, actual counts from 3 heli surveys. Suggests escapement estimate 4196.",8,Walk / Float / Heli,
dala,6,kitimat_arm,2024,,2400,2400,2,Visual,,5,5,5,5,N (NOV A),2/6 inspections saw coho. Peak survey was not conducted due to early end to survey period (last survey Oct. 24). Numerical estimate fair due to good showing of coho on Oct. 24 survey. Classification 5 fair due to basis of estimate on single survey before peak spawning.,The annual coho escapement was a peak count estimate. Recording a minmum observed escapement in favour of stating Adults Present.,,6,Walk / Float / Heli,
east_arm,6,hecate_strait_mainland,1980,NA,N/O,N/O,,,,,,,,N (Oct B),"Only 1 inspection this year before peak, N/O estimate is valid.",,,1,,
east_arm,6,hecate_strait_mainland,1981,200,200,A/P,,,,,,,,N (Oct B),"Only 2 inspections this year, both done before peak. No rationale included, no method or reliability. Pink and chum were the target species, estimate likely just the amount of Coho seen on inspections. Could be switched to A/P.",,,2,,
east_arm,6,hecate_strait_mainland,1982,600,600,A/P,,,,,,,,N (Oct B),"Only 1 inspection this year, done before peak. No rationale included, no method or reliability. Pink and chum were the target species, estimate likely just the amount of Coho seen on inspection. Could be switched to A/P.",,,1,,
east_arm,6,hecate_strait_mainland,1983,NA,N/I,N/I,,,,,,,,,"Stream not inspected this year, N/I is valid.",,,,,
east_arm,6,hecate_strait_mainland,1984,250,250,A/P,,,,,,,,,"Only 1 inspection this year, done before peak. No rationale included, no method or reliability. Pink and chum were the target species, estimate likely just the amount of Coho seen on inspection. Could be switched to A/P.",,,1,,
east_arm,6,hecate_strait_mainland,1985,500,500,A/P,,F,B,,,,,N (Oct B),"Only 2 inspections this year, both done before peak. No rationale included. Pink and chum were the target species, estimate likely just the amount of Coho seen on inspections. Could be switched to A/P.",,,2,,
east_arm,6,hecate_strait_mainland,1986,500,500,A/P,,1,3,,,,,N (Oct B),"Only 1 inspection this year, done before peak. No rationale included. Pink and chum were the target species, estimate likely just the amount of Coho seen on inspection. Could be switched to A/P.",,,1,,
east_arm,6,hecate_strait_mainland,1987,300,300,A/P,,1,1,,,,,Y (Oct B),"Only 1 inspection this year. No rationale included. Pink and chum were the target species, estimate likely just the amount of Coho seen on inspection. Could be switched to A/P.",,,1,,
east_arm,6,hecate_strait_mainland,1988,NA,N/O,N/O,,1,1,,,,,Y (Oct B),"Only 1 inspection this year, low reliability of 1, N/O estimate is valid.",,,1,,
east_arm,6,hecate_strait_mainland,1989,NA,N/O,N/O,,1,1,,,,,N (Oct B),"Only 2 inspections this year, low reliability of 1, N/O estimate is valid.",,,2,,
east_arm,6,hecate_strait_mainland,1990,NA,Unk.,N/O,,,,,,,,N (Oct B),"Only 1 inspection this year, no method or reliability. Estimate of Unk. could be switched to N/O as an inspection took place.",,,1,,
east_arm,6,hecate_strait_mainland,1991,NA,N/O,N/O,,,,,,,,N (Oct B),"Only 1 inspection this year, no method or reliability. N/O is valid.",,,1,,
east_arm,6,hecate_strait_mainland,1992,NA,N/O,N/O,,1,1,,,,,N (Oct B),"Only 1 inspection this year, low reliability of 1. N/O is valid.",,,1,,
east_arm,6,hecate_strait_mainland,1993,NA,Unk.,A/P,,1,1,,,,,Y (Oct B),"Three inspections this year, no method or reliability. Estimate of Unk. could be switched to A/P as an inspection took place.",One coho seen July 07.,,3,,
east_arm,6,hecate_strait_mainland,1994,NA,N/I,N/I,,,,,,,,N (Oct B),"No inspections took place, N/I is valid.",,,0,,
east_arm,6,hecate_strait_mainland,1995,31,31,N/I,,1,1,,,,,N (Oct B),"Only 1 inspection this year, done before peak. Rationale states no coho inspection was made this season. Pink and chum were the target species, estimate likely just the amount of Coho seen on inspection. Could be switched to N/I.",No coho inspection made this season.,,2,,
east_arm,6,hecate_strait_mainland,1996,150,150,A/P,,1&2,2,,,,,N (Oct B),"Only 1 inspection this year, done before peak. Rationale was not stated. Pink and chum were the target species, estimate likely just the amount of Coho seen on inspection. Could be switched to A/P.",,,1,,
east_arm,6,hecate_strait_mainland,1997,100,100,A/P,,2,1,,,,,N (Oct B),"Only 1 inspection this year, done before peak. Rationale was not stated. Pink and chum were the target species, estimate likely just the amount of Coho seen on inspection. Could be switched to A/P.",,,1,,
east_arm,6,hecate_strait_mainland,1998,360,360,A/P,,2,2,,,,,N (Oct B),"Only 2 inspections this year, both done before peak. No rationale included. Pink and chum were the target species, estimate likely just the amount of Coho seen on inspections. Could be switched to A/P.",Escapement estimate from observation near end of spawning period for pink and chum. Coho estmate from holding fish found in lower two thirds of system.,,2,,
east_arm,6,hecate_strait_mainland,1999,300,300,A/P,,1,2,,,,,N (Oct B),"Only 1 inspection this year, done before peak. Rationale was not stated. Pink and chum were the target species, estimate likely just the amount of Coho seen on inspections before peak. Could be switched to A/P.","Escapement estimate from observations during peak spawning period for pink and chum, coho from observation in holding pools below and above falls.",,1,,
east_arm,6,hecate_strait_mainland,2000,425,425,A/P,,2,2,,,,,N (Oct B),"Only 1 inspection this year, done before peak. Rationale was not stated. Pink and chum were the target species, estimate likely just the amount of Coho seen on inspections before peak. Could be switched to A/P.",Escapement estimate from end of escapement period for pink & chum and for coho from observations of coho found holding in upper reaches.,,1,,
east_arm,6,hecate_strait_mainland,2001,1900,1900,1900,,1,2,,,,,Y (Oct B),"Four inspections were done this year, beginning of peak was seen. Estimate rationale was not stated. Estimate is likely valid.","Coho estimate from observations during enterance, start and the beginning of the peak spawning period.",,4,,
east_arm,6,hecate_strait_mainland,2002,600,600,600,,12,1,,,,,N (Oct B),"Four inspections were done this year, peak was not seen. Estimate rationale was not stated. Estimate is likely valid, but could be switched to A/P.",Coho estimate from observation of 95% of watershed above falls with coho holding deeper pools. Conducted capture and mark sample of coho fry.,,3,,
east_arm,6,hecate_strait_mainland,2003,800,800,A/P,,1,1,,,,,N (Oct B),"Two inspections were done this year, peak was not seen. Estimate rationale was not stated. Estimate could be switched to A/P.","Escapement estimate for pink and chum from observations at peak of spawning period, for coho from observations of holding fish throughout creek. Checked to falls near lake and found last of holding coho in the open meadow reach about 1.5km downstream of falls. Coho juvenile survey completed this year again.",,2,,
east_arm,6,hecate_strait_mainland,2004,650,650,650,3,,,,,,,Y (Oct B),"No estimate method or classification provided. Unsure what was originally used to calculate the escapement. Three inspections were done and peak was seen, estimate was likely expert opinion.  Original escapement assessment is likely valid.","Coho estimate from holding fish through lower half and from few near riffles, middle reaches.",,3,,
east_arm,6,hecate_strait_mainland,2005,NA,A/P,A/P,2,,,,6,,6,N (Oct B),"Escapement estimate is valid. Peak timing was not seen, Only 2 streamwalks conducted, not enough inforrmation to generate an escapement estimate.",Observed 180 coho holding below falls and found indication of coho passing falls. ,,2,,
east_arm,6,hecate_strait_mainland,2006,NA,A/P,A/P,3,,,,6,,6,N (Oct B),"Escapement estimate is valid. Peak timing was not seen, not enough information to generate an escapement estimate.","Coho highest inspection count was 220, spawning had not started at the time of the last inspection. ",,3,,
east_arm,6,hecate_strait_mainland,2007,NA,A/P,A/P,2,,,,6,,6,N (Oct B),"Escapement estimate is valid. Peak timing was not seen, Only 2 streamwalks conducted, not enough information to generate an escapement estimate.","Coho - highest count 13. Observation from arrival, start, peak and end for pinks and chums.
Inspection to lower reaches suggest a weak return of coho to this system. Late fall water too high to carry out inspection of upper reaches for coho.",,3,,
east_arm,6,hecate_strait_mainland,2008,500,500,500,4,,,5,4,5,4,N (Oct B),"4 inspections done this year, all 4 used in estimate. Estimate was done by expert opinion, mainly based on the last inspection where 470 coho were seen. Peak was not seen, but the inspection used was done relatively close. Original estimate is likely valid.",The estimate for coho is mainly based on the last inspection (to the head waters at 9320 meters) of the system for a count of 470 scattered and holding throughout at the time. There was one section above the cascades at 9320 which was not inspected (has 3 or 4 holding sites) however checked the last holding site below this last passable cascade and saw only 1 coho.  Estimate few if any coho in section not inspected because of the poor return this year. In years of high abundance have found as many as a hundred above the last cascades. The estimate is considered to be for the total system.,,4,,
east_arm,6,hecate_strait_mainland,2009,1500,1500,1500,2,,,5,4,5,4,Y (Oct B),"Estimate method was an expert opinion, with a classification of 4. 6 inspections were done but only 2 were used to create estimate. Peak was seen however,  original escapement estimate is likely valid.","Coho estimate based on the  last two inspections, one count before spawning and one near the peak. Estimate is for the area inspected (to 8km), coho can get to 9320 meters. The estimate likely represents over 95% of the coho spawning. 
",,6,,
east_arm,6,hecate_strait_mainland,2010,NA,A/P,A/P,3,,,5,6,5,6,N (Oct B),"Escapement estimate is valid. Peak timing was not seen, not enough inofrmation to generate an escapement estimate.",Found coho on each inspection except the last one in October. During late September inspection found an estimated  675 coho holding over shallows off creek mouth and through estuary channel to pool above falls. ,,4,,
east_arm,6,hecate_strait_mainland,2011,770,770,770,5,,,5,3,5,3,Y (Oct B),"Estimate method was an expert opinion, with a classification of 3. 10 inspections were done but only 5 were used to create estimate. Peak was seen however,  original escapement estimate is likely valid.","Coho - Based on four counts between August 24th and Nov 4. Highest individual count was 575.
",,10,,
east_arm,6,hecate_strait_mainland,2012,425,425,425,4,,,3,3,3,3,Y (Oct B),"Estimate method was an AUC, the only one for East Arm Creek, with a classification of 4. AUC recalculation was done (Sheet 2). Observer efficiency and residency time were found from the estimate rationale. An escapement of 434 was calculated, 9 more than the Original AUC. This is likely due to the original leaving out the 2nd walk, where 38 Coho were seen. Visibility was moderate on this inspection, and countability was fair. It makes sense to leave out this walk, so original assessment is valid. However if leaving it out is an inappropriate practice, then estimate should be switched to the newly recalculated 434.","Coho -  Observations in stream during arrival and start of spawning period for Coho combined. An AUC calculation was done using the observations with a 90% Observer Efficiency and a 65 day Residency Time resulting in the estimate of 425. 
",434,5,,
east_arm,6,hecate_strait_mainland,2013,586,,A/P,,,,,,,6,,"No SILs or SENs available, estimate should be switched to A/P.",,,,,
east_arm,6,hecate_strait_mainland,2014,NA,N/I,N/I,,,,,6,,6,N (Oct B),"Coho were not inspected in 2014, original assessment is valid.",,,4,,
east_arm,6,hecate_strait_mainland,2015,350,350,350,2,,,5,5,1,5,Y (Oct B),"5 inspections done this year, with only 1 peak count being used for the estimate. Estimate stated was meant to be a minimum observed estimate. Estimate is likely valid, however an estimate method of 1 may be more appropriate, given that it was derived from a peak count.",One coho inspection was completed of the entire river on October 15. The count from this inspections was used as the 2015 annual escapement. The October 15 inspection would be close to having the majority to coho in the river holding in pools. Recording the minimum number of coho observed was preferred over stating Adults Present.,,5,,
east_arm,6,hecate_strait_mainland,2016,550,550,A/P,2,,,1,5,1,6,N (Oct B),"Original escapement estimate was peak live plus dead. However peak was not actually seen and the estimate stated was meant to be a minimum observed estimate. Recorded dead numbers are not available, highest live recorded was 546. Original escapement assessment could be switched to A/P.",The coho annual escapement is the actual count from October 11 when the entire system was inspected. Recording a minimum observed escapement was choosen over stating A/P.,,2,,
east_arm,6,hecate_strait_mainland,2017,NA,A/P,A/P,,,,,6,,6,N (Oct B),"Escapement estimate is valid. Peak timing was not seen, not enough inofrmation to generate an escapement estimate.",,,3,,
east_arm,6,hecate_strait_mainland,2018,95,95,95,2,,,5,5,1,5,Y (Oct B),"Estimate method was an expert opinion, with a classification of 5. Escapement was the actual number of coho observed on October 20.  Estimate stated was meant to be a minimum observed estimate, but it was a low resolution peak count. An estimate method of 1 may have been more appropriate. Original escapement assessment is likely valid.",The coho final escapement was the actual number of coho observed on October 20. Normally the majority of coho would be in the stream holding in pools by this date. Recording the minimum observed escapement was preferred over stating AP.,,4,,
east_arm,6,hecate_strait_mainland,2019,NA,,,,,,,,,,N (Oct B),No data available for 2019.,,,3,,
east_arm,6,hecate_strait_mainland,2020,NA,A/P,N/I,,,,,6,,6,N (Oct B),"Orignial estimate is valid, could be switched to N/I as the rationale stated that coho were not inspected this season.","No coho inspections were completed this season, coho recorded on SIL's were observed in the lower river.
",,3,,
east_arm,6,hecate_strait_mainland,2021,A/P,A/P,A/P,,,,,6,,6,N (Oct B),"No rationale stated, peak timing was missed. Original estimate of A/P is valid.",,,4,,
east_arm,6,hecate_strait_mainland,2022,A/P,A/P,A/P,,,,,6,,6,N (Oct B),"No rationale stated, peak timing was missed. Original estimate of A/P is valid.",,,2,,
east_arm,6,hecate_strait_mainland,2023,A/P,A/P,A/P,,,,,6,,6,N (Oct B),"No rationale stated, peak timing was missed. Original estimate of A/P is valid.",,,3,,
east_arm,6,hecate_strait_mainland,2024,,,,,,,,,,,,No data available for 2024.,,,,,
elcho,8,northern_coastal,1980,500,500,A/P,UNK,Plane / Helicopter / Walk,,,,,,N (NOV),"Coho were observed in 1/6 SILs (13 Sep) where 38 coho were observed. Though the comments on this SIL indicate the estimated total escapement to date as 500 (matches provided annual estimate), it is unclear how this estimate was generated. A numerical estimate, let alone one of this magnitude, does not seem appropriate due to the single observation and incomplete survey coverage of run timing. The SEN indicates peak timing as NOV. The last survey was conducted on 13 Sep, it is unlikely that peak was captured during the survey period. Recommend changing annual estimate to A/P.",,,6,,
elcho,8,northern_coastal,1981,200,200,A/P,UNK,,,,,,,N (NOV),"Coho were observed in 2/9 SILs (Sep 15, 21) where 35 coho were observed in each. It is unclear how the annual estimate (200) was generated. A numerical estimate, let alone one of this magnitude, does not seem appropriate due to the single observation (likely same fish) and incomplete survey coverage of run timing. The SEN indicates peak timing as NOV. The last survey was conducted on 21 Sep, it is unlikely that peak was captured during the survey period. Recommend changing annual estimate to A/P.",,,9,,
elcho,8,northern_coastal,1982,250,250,A/P,UNK,,,,,,,N (NOV),"Coho were observed in 1/6 SILs (14 Sep) where 6 coho were observed. Reportedly, the annual estimate (250) was generated ""by taking 1/3 of brood year escapement."" I am not very familiar with this method of estimation, but I would be inclined to recommend A/P over a numerical estimate due to the single observation and incomplete survey coverage of run timing. The SEN indicates peak timing as NOV. The last survey was conducted on 14 Sep, it is unlikely that peak was captured during the survey period. Recommend changing annual estimate to A/P.",Above mentioned coho figure arrived at by taking 1/3 of brood year escapement. Rock slide at top end of stream has totally blocked fish passage to the lake.,,6,,
elcho,8,northern_coastal,1983,750,750,A/P,UNK,,,,,,,N (DEC),"Coho were observed in 1/10* SILs (20 Sep*) where 34 coho were observed. It is unclear how the annual estimate (750) was generated. A numerical estimate, let alone one of this magnitude,  does not seem appropriate due to the single observation and incomplete survey coverage of run timing. The SEN indicates peak timing as DEC. The last survey was conducted on 30 Sep (N/O) it is unlikely that peak was captured during the survey period. Recommend changing annual estimate to A/P.",,,10*,,
elcho,8,northern_coastal,1984,500,500,A/P,UNK,"C, F",C-,,,,,N (DEC B),"While the SEN indicates an annual estimate of 500, there are no SILs available for this year. The SEN reports the first inspection date as 25 Jul, the final inspection being on 30 Sep, with 11 inspections in between for a total of 13 surveys. Without SIL data, it is difficult to comment on the viability of the annual estimate beyond to state that peak timing (DEC B) was not captured and the reliability score recorded is C- (below 'Low'). Recommend changing annual estimate to A/P until SILs can be consulted and a review of the annual estimate can be done.",,,UNK,,
elcho,8,northern_coastal,1985,75,75,A/P,1,,,,,,,N (NOV C),"Coho were observed in 1/11 SILs (1 Oct). Comments on this SIL indicate that there were numerous carcasses observed, but there was no attempt to count them. It is unclear how the annual estimate (75) was generated, though it was likely an expansion of the 1 Oct observed total count of 38. A numerical estimate may not be appropriate due to the single observation and incomplete survey coverage of run timing. The SEN indicates peak timing as NOV C. The last survey was conducted on 1 Oct, it is unlikely that peak was captured during the survey period. Recommend changing annual estimate to A/P.",,,11,,
elcho,8,northern_coastal,1986,NA,11,A/P,1,Plane / Walk / Other,1,,,,,N (NOV C),"Coho were observed in 1/11* SILs (26 Sep). Annual Est. Rationale notes that while coho were present, inspections were not made late enough in the season. A numerical estimate is likely not appropriate due to the single observation with small showing (11 total for the season) and incomplete survey coverage of run timing. The SEN indicates peak timing as NOV C. The last survey was conducted on 26 Sep, it is unlikely that peak was captured during the survey period. Recommend changing annual estimate to A/P.","Coho fry observed. Coho present, inspections not made late enough in the season.",,11*,,
elcho,8,northern_coastal,1987,NA,Present,A/P,8,Walk / Other,,,,,,N (NOV C),"Coho were observed in 2/8 SILs (Sep 6, 22), but only counted in small single digits. Annual Est. Rationale notes that no inspections specific to coho were made this season. A numerical estimate is likely not appropriate due to the small showing (3 total for the season) and incomplete survey coverage of run timing. The SEN indicates peak timing as NOV C. The last survey was conducted on 26 Oct (N/O), it is unlikely that peak was captured during the survey period. Recommend changing annual estimate from ""present"" to A/P.",No coho inspections were made this season.,,8,,
elcho,8,northern_coastal,1988,NA,N/O,A/P,13,1,LOW,,,,,UNK (NOV),"Coho counts are not provided in any of the stream inspections conducted this year (Aug 1 - Oct 19), but the 19 Oct SIL indicates the estimated total to date as 'present'. It should be noted that Annual Est. Rationale indicates a coho inspection on 9 Nov (N/O) that does not have a corresponding SIL. Peak timing is not indicated in the SEN or mentioned in any comments. Using the stream catalogue, peak spawning is in NOV. Since the last survey was reportedly conducted on 9 Nov, peak may be captured but no coho were observed so coverage of peak is unclear. Recommend changing annual estimate from N/O to A/P.","Coho inspection made on Nov. 9, walked to braided section, no coho were observed.",,13,,
elcho,8,northern_coastal,1989,NA,N/I,A/P,9,,,,,,,N (NOV),"According to the SEN, coho were not inspected this year. However, coho counts are provided in 2/9 SILs (Sep 10, 23). Even if coho were not specifically inspected this year, the provided counts clearly indicate spawners were present in the system. Peak timing is not indicated in the SEN, or mentioned in any comments. Using the stream catalogue, peak timing is in NOV. It seems unlikely that peak was captured during the survey period as the final survey of the season was conducted on 26 Sep. Recommend changing annual estimate to A/P.",No coho inspections made this season.,,9,,
elcho,8,northern_coastal,1990,NA,N/I,N/I,,Other,,,,,,,"According to the SEN, coho were not inspected this year. While the system was inspected 8* times, no coho counts are provided, nor are coho mentioned in any comments. It is unclear if there were not spawners present or if they were simply not counted.",No coho inspections made this season.,,8*,,
elcho,8,northern_coastal,1991,1100,1100,1100,1,1,2,,,,,N (NOV),"Coho were observed in 3/11* SILs (Sep 17*, Oct 3*, 14*). The comments from the 14 Oct SIL indicate that the surveyors estimated 900 total coho which was expanded to an estimated total to date of 1100 (matches provided annual estimate). The SEN indicates peak timing as NOV. The last survey was conducted on 14 Oct, it is unlikely that peak was captured during the survey period.",,,11*,,
elcho,8,northern_coastal,1992,200,200,200,UNK,1,2,,,,,N (NOV),"Coho were observed in 3/11* SILs (Sep 18, 19, Oct 7*). The comments from the 7 Oct survey indicate that the estimated total to date is 200 (matches provided annual estimate), but there is no indication of how this estimate was generated. The SEN indicates peak timing as NOV. The last survey was conducted on 7 Oct, it is unlikely that peak was captured during the survey period.",,,11*,,
elcho,8,northern_coastal,1993,NA,45,A/P,UNK,1,1,,,,,N,"The SEN indicates coho annual estimate as 45, however, the SIL available this year (14 Sep) does not report any coho counts. Annual Est. Rationale states that ""coho enumeration was too early for any accurate numbers"" which may imply that there were spawners in the system that simply weren't counted. Recommend review to determine appropriate estimate, in the meantime, recommend changing annual estimate to A/P.",Coho enumeration was too early for any accurate numbers. The number recorded for coho was what was counted during inspections only.,,1,,
elcho,8,northern_coastal,1994,NA,N/I,N/I,,,,,,,,,"No SILs available this year, it is likely the system was not inspected.",,,,,
elcho,8,northern_coastal,1995,NA,UNK,A/P,4,Walk,,,,,,N (NOV),"Coho were observed in 1/4 SILs (17 Sep). It should be noted that the reported coho count on the 17 Sep SIL is in contradiction with the Annual Est. Rationale which states there were 50 coho counted on the same date. There is no numerical estimate this year, which seems appropriate due to the single observation and incomplete survey coverage of run timing. Peak timing is not indicated in the SEN, or mentioned in any comments. Using the stream catalogue, peak timing is in NOV. It seems unlikely that peak was captured during the survey period as the final survey of the season was conducted on 17 Sep.  Recommend changing annual estimate from UNK to A/P.",Counted 50 coho on Sep 17.,,4,,
elcho,8,northern_coastal,1996,NA,,A/P,5,Float / Walk,,,,,,N (NOV),"Coho were observed in 1/5 SILs (11 Sep). There is no annual estimate provided on the SEN, and a numerical estimate may not be appropriate due to only a single observation and poor survey coverage of run timing. Peak timing is not indicated in the SEN, or mentioned in any comments. Using the stream catalogue, peak timing is in NOV. It seems unlikely that peak was captured during the survey period as the final survey of the season was conducted on 11 Sep.  Recommend changing annual estimate to A/P.",,,5,,
elcho,8,northern_coastal,1997,NA,N/I,A/P,6,Walk,,,,,,N (NOV),"According to the SEN, coho were not inspected this year. However, coho counts are provided in 2/6 SILs (Sep 18, 25). Even if coho were not specifically inspected this year, the provided counts clearly indicates spawners were present in the system. Peak timing is not indicated in the SEN, or mentioned in any comments. Using the stream catalogue, peak timing is in NOV. It seems unlikely that peak was captured during the survey period as the final survey of the season was conducted on 5 Oct (no coho count provided).  Recommend changing annual estimate to A/P.",,,6,,
elcho,8,northern_coastal,1998,200,300,A/P,1,Walk / Plane,,,,,,Y (OCT C),"Coho were observed in 4/13 SILs (Aug 29, Sep 16, Oct 2, 21). It is unclear how the annual estimate (NuSEDs - 200; SEN - 300) was generated, though surveyors note that as of 21 Oct 200 coho were estimated. Peak timing is indicated in the SEN as OCT C, during which there was a survey conducted (21 Oct). It seems likely that peak was captured during the survey period.  Recommend review to determine which annual estimate should be used, and in the meantime recommend changing annual estimate to A/P.",More effort was directed at Coho enumeration this year. The escapement is a best guess given the fact that coho are difficult to count and may spawn over a long period of time. Individual counts were conducted as follows: Aug 29 - 1 coho estimated; Sep 16 - 20 coho estimated; Oct 2 - 75 coho estimated; Oct 21 - 200 coho estimated. One pool 800m up is filling in as compared to observations 5 years ago. Coho were seen throughout but most coho were seen near the top end. Coho fry throughout the system. ,,13,,
elcho,8,northern_coastal,1999,NA,UNK,A/P,5,Plane / Walk,1,,,,,N (NOV),"Coho were observed in 3/5 SILs (Aug 31, Sep 11, 19). There is no numerical estimate this year, which seems appropriate due to the small showing (max count 9) and incomplete survey coverage of run timing. Peak timing is not indicated in the SEN, and not mentioned in any comments. Using the stream catalogue, peak timing is in NOV. Since the last survey was conducted on 19 Sep, it seems unlikely that peak was capptured during the survey period.  Recommend changing annual estimate to A/P.",,,5,,
elcho,8,northern_coastal,2000,NA,150,A/P,UNK,Plane / Walk / Float,1,,,,,N (OCT C),"Coho were observed in 4/8 SILs (Aug 30, Sep 14, Oct 2, 14). It is unclear how the annual estimate (150) was generated, though a designation of A/P may be more appropriate due to the small showing (max count 16) and incomplete survey coverage of run timing. Peak timing is indicated in the SEN as OCT C, which is after the last survey was conducted on 14 Oct. It seems unlikely that peak was captured during the survey period. Recommend changing annual estimate to A/P.",,,8,,
elcho,8,northern_coastal,2001,NA,UNK,A/P,6,Walk / Helicopter,2,,,,,N (NOV),"Coho were observed in 3/6 SILs (Aug 18, Sep 5, Oct 10). There is no numerical estimate this year, which seems appropriate due to the small showing (max count 14) and incomplete survey coverage of run timing. Peak timing is not indicated on the SEN or mentioned in any comments. Using the stream catalogue, peak spawning is in NOV. Since the last survey was conducted on 10 Oct, it seems unlikely that peak was captured during the survey period. Recommend changing annual estimate from UNK to A/P.",,,6,,
elcho,8,northern_coastal,2002,1800,1800,1800,1,Plane / Walk / Helicopter,3,,,,,N (NOV),"Coho were observed in 5/8 SILs (Sep 5, 21, 27, 30, Oct 19). It is unclear how the annual estimate (1800) was generated, though it may be an expansion of the observed total from 19 Oct (1582). Peak timing is not indicated on the SEN or mentioned in any comments. Using the stream catalogue, peak spawning is in NOV. Since the last survey was conducted on 19 Oct, it seems unlikely that peak was captured during the survey period. ",,,8,,
elcho,8,northern_coastal,2003,1050,1050,1050,UNK,Plane / Walk / Helicopter,3,,,,,UNK (NOV),"Coho were observed in 5/8* SILs (Aug 22, Sep 6*, Sep 12, Oct 5, Nov 14). It is unclear how the annual estimate (1050) was generated, though it may be an expansion of the observed total from 5 Oct (1012). Peak timing is not indicated on the SEN or mentioned in any comments. Using the stream catalogue, peak spawning is in NOV. There was a survey conducted on 14 Nov, though it is unclear if this was used to generate the estimate.",,,8*,,
elcho,8,northern_coastal,2004,1200,1200,1200,1,Streamwalk / Plane / Helicopter / Other,,1,4,5 or 12,,N,"Coho were observed in 8/11 SILs (Aug 1, 21, 24, Sep 10, 27, 28, Oct 18, Nov 11). The annual estimate (1200) was generated from the 18 Oct survey and represents the estimated total adult live from this inspection. Likely classified as Medium Resolution due to poor survey coverage of spawning period (reportedly coho still holding when final survey was conducted on 11 Nov). Very few spawners indicated on any SILs indicates peak spawning was likely missed, Peak Live Plus Dead is likely not a viable method to estimate annual escapement. Recommend change in method to ""Expert Opinion"" or ""Other"".","Coho were present holding for a long period of time.  The escapement estimate was from the Oct 18 inspection of coho holding at the beginning of the spawn.  This estimate is conservative as there were still fish observed holding outside the stream.  Plus, a flight of the system in mid-November observed coho holding in the upper sections.  Without more frequent inspections, it was assumed that these fish were the same fish as observed in October.",,11,,
elcho,8,northern_coastal,2005,900,900,900,2,Streamwalk / Plane / Bank Walk,,12,4,1 or 5,,N (DEC A),"Coho were observed in 8/9 SILs (Aug 5, 13, 25, Sep 10, 16, 27, Oct 21, Nov 27). The annual estimate (900) was generated from a combination of the 21 Oct and 27 Nov surveys. The estimated number of new fish from the 27 Nov SIL (300) was added to the estimated adult live total from the prior survey on 21 Oct (600) to produce the annual estimate of 900. Peak timing is indicated in the SEN as DEC A, the last survey was conducted on 27 Nov. Peak spawning was likely missed this year. Estimate method is indicated as ""Other"", maybe ""Expert Opinion"" or ""Peak Live Plus Dead"" would be a better fit.","As in previous years, coho were present and holding for a long period of time.  On October 21 there were 600 coho holding throughout the system.  A later walk on November 27 reported 700 coho holding and 120 unoccupied redds (based on conservative spacing).  Of the 700 coho holding, 300 were estimated as new since the last inspection.  Therefore, the escapement estimate was from the October 21 number  of coho holding (600) + the November 27 number new (300) = 900.  This estimate should be viewed as conservative b/c an unknown number of coho did make it above the falls (September 16 and November 28 inspections). ",,9 ,,
elcho,8,northern_coastal,2006,540,540,540,2,Streamwalk / Bank Walk,,12,4,5,,N (NOV A),"Coho were observed in 7/9 SILs (Aug 19, 26, Sep 4, 22, Oct 3, 10, Nov 23). The annual estimate (540) was generated by adding the estimated number of new fish on 23 Nov (66) was added to the estimated total of both live and dead coho from the prior survey on 10 Oct (475). Peak timing is indicated in the SEN as NOV A, there were no surveys conducted within this period. Peak spawning was likely missed this year. Estimate method is indicated as ""Other"", maybe ""Expert Opinion"" would be a better fit.","A conservative index of escapement was available for coho this year.  This has been done in previous years, but usually by enumerating holding fish between early October and mid-November.  This year, during an inspection on October 10, coho were observed holding, spawning, and dead.  There was an estimated total of 450 holding (a few of which were spawning), and 25 dead.  Another inspection was conducted late in the spawn (November 23) to enumerate coho.  Ralph Nelson (Charter Patrol) observed 207 coho spawning and holding and estimated 240 in total.  It was difficult to get a good feeling for new fish b/c of the long duration between inspections, but Ralph estimated that there were 66 new fish.  The total coho escapement for 2006 was determined by adding the number of new fish on November 23 to those counted on October 10.",,9 ,,
elcho,8,northern_coastal,2007,850,850,850,2,Float (Boat) / Bank Walk / Streamwalk / Plane,,12,3,5,,N (DEC A),"Coho were observed in 8/13 SILs (Aug 2, 28, Sep 9, 15, 22, Oct 25, Nov 20, 26). The annual estimate (850) was generated as a combination of two foot surveys. The estimated total from 25 Oct (600) was added to the estimated new (250) from 26 Nov. The surveyors note that the provided annual estimate is not for the entire system as the portion above the falls was not inspected and it is unknown how many coho ascend the falls. Viewing conditions and estimate reliability varied considerably throughout the season. The SEN indicates peak spawning as occuring in DEC A. Since the last survey was conducted on 26 Nov, it is unlikely that peak spawning was captured. Recommend changing estimate method from ""Other"" to ""Expert Opinion"".","No coho and sockeye enumeration possible above falls this year. Coho are known to ascend these falls; it is possible that sockeye might also, but this is not known (so recorded entire stream estimate as ""no"").

The coho escapement was a combination two foot surveys.  During a walk on October 25, there were 406 coho observed and a total of 600 estimated.  Countability was fair (high water and snow), but Ralph Nelson (Charter Patrol) expanded his count based on experience and knowledge of the typical coho distribution.  An opportunistic flight on November 20 oberved 420 fish holding, which was later confirmed by a foot survey on November 26, when 554 were observed with a total of 620 estimated.  Ralph Nelson estimated that 250 fish were new since the last inspection in October.  Based on this, the annual escapement was 600 (October 25) + 250 (November 26).  This estimate was not for the entire system, as the area above the falls was not enumerated.  It is unknown just how many coho ascend the falls and spawn below/above the lake.",,13,,
elcho,8,northern_coastal,2008,500,500,500,2,Streamwalk / Plane / Bank Walk,,5,4,,,UNK (NOV C),"Coho were observed in 7/9 SILs* (Aug 6, 15, 31, Sep 7, 15, Oct 11, Nov 21). The surveyors note that only the final 2 inspections (11 Oct, 21 Nov) were used to generate the annual estimate (500), but the conditions were fair at best and there was too long a gap between them (evidence of spawning and die off between the surveys). Peak timing is not indicated in the SEN, but there is an estimate of NOV C provided on the final SIL. It would seem there was a survey conducted at peak (21 Nov), but the comments available in Annual Est. Rationale indicate that perhaps peak was missed. It is unclear whether peak spawning was captured.","One SIL is a flight done on the same day as a walk, of which the  latter was used in the estimate (greater accuracy).
Coho were seen 7 times but only the last 2 inspections were useful in making an estimate. Conditions for the two counts were at best fair and the gap between them too long with evidence that spawning and die off had occurred prior to the last inspection. Estimate should be considered a minimum.",,9 ,,
elcho,8,northern_coastal,2009,1100,1100,1100,1,Streamwalk / Helicopter / Float (Boat) / Bank Walk,,1,5,,,Y (NOV),"Coho were observed in 7/11 SILs (Jul 30, Aug 31, Sep 12, 18, 20, Nov 15, Dec 1). The annual estimate (1100) was reportedly generated primarily from the 1 Dec survey conducted via helicopter. The 1 Dec SIL does not match the description provided in Annual Est. Rationale. It is likely that the date referenced in the rationale is an error, instead intending to refer to the 15 Nov survey which matches the description. Peak timing is not provided on the SEN. Using the run timing listed in the stream catalogue, peak spawning occurs in NOV. It seems there was a survey conducted at peak that observed coho (15 Nov), peak was likely captured. Estimate classification is likely listed as Low Resolution due the basis of the annual estimate on a single survey.","Coho were seen 7 times. Estimate is based mainly on the Dec. 01 heli inspection for a flight estimate of 1,100 (from a count of 1,056). A walk was done Sept 20 for an estimate of 400 instream, another walk was done Dec 01 for a estimate of 450 coho instream.",,11,,
elcho,8,northern_coastal,2010,570,570,570,1,Streamwalk / Bank Walk / Helicopter,,1,4,5 or 12,,UNK (NOV),"Coho were observed in 8/9 SILs (Aug 7, 31, Sep 8, 18, Oct 1, 25, 28, Nov 27). The annual estimate (570) was reportedly generated via peak live plus dead calculation, though it is unclear which survey they used as peak. It seems most likely that the 18 Sep survey was used (adult live estimated total matches the annual estimate of 570), but the surveyors note this inspection occured before the start of spawning and no dead count is provided. Additionally, estimated escapement to date is listed as 570 on the final survey (27 Nov). Peak timing is not provided on the SEN and survey coverage of run timing is unclear. Surveyors note that the 25 Oct survey was conducted before the start of spawning, but no such information is provided for later SILs. The stream catalogue indicates peak spawning as occuring in NOV during which one survey was conducted (27 Nov), but it is unclear is this survey was used to generate the estimate. Recommend changing estimate method from ""Peak Live Plus Dead"" to ""Expert Opinion"" or ""Other"" as there is no indication of dead being included in the calculation.",Coho were seen on 8 occasions. On 2 inspections the stream above the falls was inspected but no coho were seen there (probably water conditions prevented access there this year). A peak live plus dead was used to arrive at the estimated annual escapement.,,9 ,,
elcho,8,northern_coastal,2011,1500,1500,1500,2,Streamwalk / Helicopter / Bank Walk,,5,5,,,Y (NOV B),"Coho were observed in 3/6 SILs (Aug 6, Nov 8, 17). The annual estimate (1500) seems to have been generated as a combination of the 8 Nov and 17 Nov inspections, the latter is indicated as having been conducted at peak. Unfortunately, viewing conditions for the 17 Nov inspection are recorded as Low stream visibility and Poor fish countability, with the estimate reliability for that survey indicated as Low. Likely the adult live estimated total from the 8 Nov inspection (1200) was added to a portion of the adult live estimated total for the 17 Nov inspection (900) that was believed to be new to the system since the previous survey (no % new provided).  Likely classified as Low Resolution due to the poor viewing conditions for the peak survey (17 Nov).",Coho - Had good conditions for the helicoter inspection but poor for the foot inspection which suggest a higher return. The estimate of 1500 is likely conservative.,,6 ,,
elcho,8,northern_coastal,2012,1300,1300,1300,1 / 2,Streamwalk / Bank Walk / Helicopter,,5,5,,,Y (NOV C),"Coho were observed in 6/7 SILs** (Aug 7, Sep 1, 15, 24, Nov 26**). The annual estimate (1300) was generated as a combination of adult live estimates and redd counts from the last inspections, likely referring to the two surveys conducted on 26 Nov. Likely the adult live estimated total (700-750) was added to an estimate of dead spawners (two spawners per unaccompanied redd = ~500) to achieve the annual estimate of 1300. The SEN indicates NOV C as peak spawning, during which the survey(s) used to generate the estimate was conducted (26 Nov). Likely classified as Low Resolution due to the basis of the estimate on a single survey date and long gap between critical surveys (i.e. 24 Sep - 26 Nov).",Coho - Saw Coho on the six stream walks and one helicopter flight inspections. The last two inspections (flight and walk) were both on November 26 and very similar numbers of coho (700 to 750) were seen as well as 246 unaccompanied redds. The total estimate was derived from the live and redd counts from the last inspections. ,,7 ,,
elcho,8,northern_coastal,2013,700,700,700,1,Streamwalk / Bank Walk,,5,5,,,N (NOV A),"Coho were observed in 5/6 SILs (Aug 17, Sep 8, 14, 25, Nov 24). The annual estimate (700) was generated as a combination of adult live and dead estimates (350 and 200 respectively) along with unaccompanied redds (148) from the final survey (24 Nov). It seems this was likely done by adding the estimated live and dead counts (550 total) to the unaccompanied redd count (148) to generate an annual estimate of ~700. Surveyors note that due to poor viewing conditions, the estimate should be treated as ""an unreliable minimum"". Peak timing is indicated on the SEN as NOV A during which there were no surveys conducted, peak was likely missed. Likely classified as Low Resolution due to the basis of the estimate on a single survey conducted in poor conditions and long gap between critical surveys (i.e. 25 Sep - 24 Nov).","Coho were seen 5 times; the last walk of November 24 was specifically targeted at coho. Unfortunately the walk was conducted under less than ideal conditions and reliability suffered accordingly. 350 live coho and 200 dead were estimated. 148 unaccompanied redds were also counted. The annual estimate is a composite of these numbers and should be seen as an unreliable minimum. The previous walks saw a high count of 85 coho only, so most of the estimate rests with the last walk. ",,6 ,,
elcho,8,northern_coastal,2014,1325,1325,1325,1,Plane / Streamwalk / Bank Walk,,5,5,,,UNK (NOV C),"Coho were observed in 5/6 SILs (Aug 27, Sep 6, 14, 24, Nov 17). The annual estimate (1325) was generated as a combination of adult live estimate (1175) and redd count (76) from the final survey (17 Nov). The redd count was likely expanded to account for two spawners per redd (~150). The adult live estimate and expanded redd count add to ~1325 which matches the provided annual estimate. Surveyors note that the final survey (17 Nov) was conducted close to peak, though may have been somewhat early according to the estimate of peak timing provided in the SEN (NOV C). Likely classified as Low Resolution due to the basis of the estimate on a single survey and long gap between critical surveys (i.e. 25 Sep - 17 Nov).",Coho were counted 5 times. The last count was considered close to the peak and the estimate from that count in addition to the redd count was the basis for the annual estimate entered above.,,6 ,,
elcho,8,northern_coastal,2015,1350,1350,1350,1,Float (Boat) / Streamwalk / Bank Walk,,5,5,,,Y (NOV C),"Coho were observed in 5/6 SILs (Aug 14, 25, Sep 5, 16, Nov 21). The annual estimate (1350) was generated as a combination of adult live estimate (850) and estimated unaccompanied redds (250) from the final survey (21 Nov). The redd count was likely expanded to account for two spawners per redd (~500). The adult live estimate and expanded redd count add to ~1350 which matches the provided annual estimate. The estimate-generating survey (21 Nov) was conducted during the estimate of peak timing provided in the SEN (NOV C). Likely classified as Low Resolution due to the basis of the estimate on a single survey and long gap between critical surveys (i.e. 16 Sep - 21 Nov).","Coho were seen 5 times, the annual estimate being based on the highest count of November 21. Live plus unaccompanied redd estimates were added and entered above as the annual estimate.",,6 ,,
elcho,8,northern_coastal,2016,NA,A/P,A/P,5,Streamwalk / Bank Walk,,,6,,,N (NOV),"Coho were observed in 4/5 SILs (Aug 14, Sep 8, 22, Dec 1). There was no numerical estimate generated this year due to poor viewing conditions and incomplete coverage of run timing. The surveyors note that the adult live estimated total (230) from the 22 Sep SIL was too early to base an annual estimate from. Peak timing is not provided in the SEN. According to the stream catalogue, peak spawning should occur in NOV.","Coho were seen 3 times. The last walk was incomplete and of very low quality because of rising snow-melt waters. The first coho count was of a carcass, the next (incomplete walk) saw only (8) ocean fish, the last recorded 230 coho. This number from a walk on September 22, is not close enough to the peak of run timing to be useful in a walk estimate and none was made. ",,5 ,,
elcho,8,northern_coastal,2017,NA,A/P,A/P,2,Streamwalk / Bank Walk,,,6,,,N (NOV),"Coho were observed in 1/2 SILs (4 Sep). There was no numerical estimate generated this year due to poor viewing conditions and incomplete coverage of run timing. Peak timing is not provided in the SEN. According to the stream catalogue, peak spawning should occur in NOV.","Coho were also seen once, but on the 2nd walk, under poor viewing conditons. No annual estimate could be made without later-season walks. On September 4th, 2 ocean coho and 1 instream were seen, under very poor conditions. ",,2 ,,
elcho,8,northern_coastal,2018,130,130,130,2,Streamwalk / Bank Walk,,5,5,,,N (NOV A),"Coho were observed in 3/5 SILs (Aug 24, Oct 15, Nov 30). The annual estimate (130) was generated as a combination of the final two surveys (15 Oct, 30 Nov), though peak spawning was missed. The surveyors indicate they added the estimates of live and dead adults after the flood (40 total; from 30 Nov) to the estimated escapement to date indicated in the prior survey (90; from 15 Oct), the sum of which matches the provided annual estimate of 130. ","Coho were seen on 3 occasions. The annual escapement estimate is an expert opinion based primarily on the last 2 observations. The peak of spawn was missed and a flood intervened, which may have caused an even greater inaccuracy, but it was felt that in the absence of new redds on the last walks and the few coho seen on the last walk (poor conting conditions, notwithstanding) the annual estimate of live plus dead, post-flood, plus the total to date from the walk prior is reasonably accurate, given the few observations.",,5 ,,
elcho,8,northern_coastal,2019,350,350,350,2,Float (Boat) / Streamwalk / Bank Walk / Helicopter,,5,4,,,Y (NOV B),"Coho were observed in 4/6 SILs (Aug 6, Sep 5, Oct 16, Nov 20), though there are no counts or estimates provided for the 6 Aug inspection. The annual estimate (350) was generated from the estimated live adults in the 16 Oct (190) and 20 Nov (240) inspections, but accounts for ~80 individuals that are thought to have been seen in both surveys (190+240-80 = 350; see Annual Est. Rationale). The 20 Nov survey was conducted during the estimate of peak timing provided in the SEN (NOV B).","There were 6 inspections of Elcho Creek this year, all by CP. The last, later season inspection was a helicopter flight, specific to coho enumerations.
Coho were seen on 3 occasions but the September 12 walk (which was bracketed by walks observing coho) was done in poor conditions, was incomplete, and saw none. An expert opinion, which estimated that 110 of the October 16th observed coho had spawned and died (and added these to the November 20th flight) is entered above as a reasonably reliable (for coho) annual estimate. The estimate of earlier spawners was based on where coho were seen, holding, the amount of elapsed time and the several significant flood events between the walks and the last inspection (flight). ",,6 ,,
elcho,8,northern_coastal,2020,450,450,450,2,,,5,4,,,N (OCT C),"Coho were observed in 5/7 SILs (Aug 21, 26, Sep 19, Oct 15, Nov 7). The annual estimate (450) was generated as an expert opinion based primarily on the 15 Oct and 7 Nov surveys. These surveys bracket the peak timing provided in the SEN (OCT C), but do not fall within it.","Coho were seen 5 times, though most of them were seen on the last 2 walk dates and the helicopter flight. The annual estimate is an expert opinion, based primarily on those  inspections and bearing in mind the lack of lower system coho during the helicopter flight (implying few to none of later-season coho arrivals).",,7 ,,
elcho,8,northern_coastal,2021,NA***,600,600,3,,,5,4,,,Y (OCT C),"Coho were observed in 3/5 SILs (Aug 25, Sep 13, Oct 24). The annual estimate (600) was reportedly generated as an expert opinion considering all three surveys in which coho were observed. Peak timing is provided in the SEN as OCT C, during which one of the surveys was conducted (24 Oct). In all SILs, estimate reliability is listed as Low, and countability listed as Fair at best.","Coho were seen on 3 occasions: the 1st was too early and the 2nd to last walk was aborted because of zero visibility and accessibility issues. The annual escapement is an expert opinion based largely on the September 13th and October 24 inspections, but also considering August 25 observations. Confidence in the accuracy of this estimate is medium. ",,5 ,,
elcho,8,northern_coastal,2022,230,230,230,1,,,5,5,,,N,"Coho were observed in 3/3 SILs (Aug 25, Sep 14, Oct 11). The annual estimate (230) was generated as a 15% expansion of the estimated adult live total from the final inspection (11 Oct). The intention of the 15% expansion was to account for any spawners entering the system after the last survey. Peak timing is not provided in the SEN, but surveyors note that the last survey (11 Oct) was conducted at the start of spawning (before peak). In all SILs, estimate reliability is listed as Low, and countability listed as Poor.","Coho were seen on all 3 examinations. 
1 coho was seen spawning on September 1, but this individual was surely an aberration; the rest of the coho seemed to start spawning October 11. The annual escapement estimate is an expert opinion of 15% above the last walk (October 11th) estimate, to allow for later-season arrivals (there were 3 seen on that last walk date).",,3,,
elcho,8,northern_coastal,2023,400,400,400,1,Streamwalk / Float (Boat) / Bank Walk,,5,5,,,N,"Coho were observed in 3/3 SILs (Aug 19, Sep 12, Oct 7). The annual estimate (400) was reportedly generated as an expert opinion (seemingly based primarily on the 7 Oct survey) of low reliability that should be treated as a minimum. Peak timing is not provided in the SEN, but surveyors note that the last survey (7 Oct) was conducted at the start of spawning (before peak). ","Coho were seen three times, but only twice instream. An expert opinion was used to arrive at the coho number entered above, as the annual escapement estimate; it should be seen as a minimum, of low reliability.",,3,,
elcho,8,northern_coastal,2024,NA***,A/P,A/P,5,Float (Boat) / Bank Walk,,,6,,,N,"Coho were observed in 3/5 SILs (Aug 25, Sep 13, Oct 8). No numerical estimate was generated this year due to incomplete survey coverage of run timing. Peak timing is not provided in the SEN, but surveyors note that surveys later in the season would be necessary to enumerate coho. In SILs that report coho counts, estimate reliability is listed as Low, and countability listed as Poor.","Coho were seen 3 times, but only countable twice. Later season counts would have been necessary to make an annual estimate from, but these weren't possible and a helicopter flight, which was expected, was after all cancelled. NO annual estimate. ",,5,,
evelyn_ck,6,douglas_ursula_devastation_channels,1980,,50,50,,,,,,,5,N (OCT A),"No SILs available. Peak survey was not conducted due to early end to survey period (last survey Sep. 25). Numerical estimate may be fairr, recommend classification 5 due to missed peak survey and lack of information available. ",,,5,,
evelyn_ck,6,douglas_ursula_devastation_channels,1981,,200,200,,,,,,,5,N (OCT A),"No SILs available. Peak survey was not conducted due to early end to survey period (last survey Sep. 23). Numerical estimate may be fair, recommend classification 5 due to missed peak survey and lack of information available.",,,4,,
evelyn_ck,6,douglas_ursula_devastation_channels,1982,,200,200,,,,,,,5,N (OCT B/C),"No SILs available. Peak survey was not conducted due to early end to survey period (last survey Sep. 12). Numerical estimate may be fair, recommend classification 5 due to missed peak survey and lack of information available.",,,6,,
evelyn_ck,6,douglas_ursula_devastation_channels,1983,,200,200,,,,,,,5,N (OCT A),"No SILs available. Peak survey was not conducted due to early end to survey period (last survey Sep. 23). Numerical estimate may be fair, recommend classification 5 due to missed peak survey and lack of information available.",,,7,,
evelyn_ck,6,douglas_ursula_devastation_channels,1984,,300,300,,,,,,,5,UNK (OCT A),"No SILs available. It is unclear if surveys were conducted during peak spawning, no inspection dates provided. Numerical estimate may be fair, recommend classification 5 due to lack of information available.",,,UNK,,
evelyn_ck,6,douglas_ursula_devastation_channels,1985,,300,300,3,Visual,B,,,,4,Y (OCT A),"No SILs available. Peak spawning was included in the survey period (peak survey Oct. 7). Numerical estimate seems fair, recommend classification 4 due to provided reliability estimate.",,,7,Walk,
evelyn_ck,6,douglas_ursula_devastation_channels,1986,,200,200,2,Visual,3,,,,5,N (OCT A),"No SILs available. Peak survey was not conducted due to early end to survey period (last survey Sep. 28). Numerical estimate may be fair, recommend classification 5 due to poor coverage of run timing (estimate represents minimum).",,,11,Walk / Float,
evelyn_ck,6,douglas_ursula_devastation_channels,1987,,200,200,4,Visual,4,,,,5,N (OCT A),"No SILs available. Peak survey was not conducted due to early end to survey period (last survey Sep. 27). Numerical estimate may be fair, recommend classification 5 due to poor coverage of run timing (estimate represents minimum). ",,,15,Walk,
evelyn_ck,6,douglas_ursula_devastation_channels,1988,,300,300,,Visual,3,,,,5,N (OCT A),"No SILs available. Peak survey was not conducted due to early end to survey period (last survey Sep. 15). Numerical estimate may be fair, recommend classification 5 due to poor coverage of run timing (estimate represents minimum). ",,,5,Walk,
evelyn_ck,6,douglas_ursula_devastation_channels,1989,,100,A/P,,Visual,2,,,,6,N (NOV),No SILs available. Peak survey was not conducted due to early end to survey period (last survey Sep. 21). Recommend A/P designation due to very early end to survey period.,,,5,Walk,
evelyn_ck,6,douglas_ursula_devastation_channels,1990,,UNK,A/P,3,Visual,0,,,,6,N (OCT C),"No SILs available. Peak timing is unclear, but many years for this stream estimate peak around OCT C (no peak survey, last survey Oct. 19). Recommend A/P due to coho observation noted in comments.",4 adult coho seen Sep. 30.,,11,Walk,
evelyn_ck,6,douglas_ursula_devastation_channels,1991,,250,A/P,1,Visual,1,,,,6,N (OCT C),"No SILs available. Peak timing is unclear, but many years for this stream estimate peak around OCT C (no peak survey, last survey Sep. 28). Recommend A/P designation due to very early end to survey period and basis of numerical estimate primarily on coho observed holding out front of the stream. ","The above coho escapement does not reflect true year-end escapement. Coho data was obtained up to Sep. 28, 50 adult coho were counted in system, approx. 200 holding out front.",,6,Walk,
evelyn_ck,6,douglas_ursula_devastation_channels,1992,,N/O,N/I,,,,,,,6,,"No SILs available. Coho estimate listed as N/O, but stream was not inspected this year, recommend N/I.",Stream not inspected.,,,,
evelyn_ck,6,douglas_ursula_devastation_channels,1993,,100,A/P,1,Visual,1,,,,6,N (OCT C),"No SILs available. Peak timing is unclear, but many years for this stream estimate peak around OCT C (no peak survey, last survey Sep. 23). Recommend A/P designation due to very early end to survey period.",,,4,Walk,
evelyn_ck,6,douglas_ursula_devastation_channels,1994,,75,A/P,,Visual,1,,,,6,N (OCT C),No SILs available. Peak survey was not conducted due to early end to survey period (last survey Sep. 29). Recommend A/P designation due to very early end to survey period.,,,7,Walk,
evelyn_ck,6,douglas_ursula_devastation_channels,1995,,N/I,,,,,,,,6,,No SILs available. N/I appropriate (last survey Aug. 6).,,,3,Walk,
evelyn_ck,6,douglas_ursula_devastation_channels,1996,,80,A/P,,Visual,2,,,,6,N (OCT C),No SILs available. Peak survey was not conducted due to early end to survey period (last survey Sep. 25). Recommend A/P designation due to very early end to survey period.,,,6,Walk,
evelyn_ck,6,douglas_ursula_devastation_channels,1997,,5,A/P,1,Visual,1,,,,6,N (NOV),No SILs available. Peak survey was not conducted due to early end to survey period (last survey Sep. 10). Recommend A/P due to poor coverage of spawning period and very low reported estimate.,No coho inspections made this season.,,5,Walk,
evelyn_ck,6,douglas_ursula_devastation_channels,1998,,420,420,1,Visual,2,,,,5,N (OCT C),"No SILs available. Peak survey was not conducted due to gap in survey period (Sep. 23 - Nov. 9). Numerical estimate may be fair, recommend classification 5 due to basis of estimate on a single survey.",,,5,Walk,
evelyn_ck,6,douglas_ursula_devastation_channels,1999,,140,A/P,2,Visual,2,,,,6,N (NOV),No SILs available. Peak survey was not conducted due to early end to survey period (last survey Sep. 30). Recommend A/P designation due to very early end to survey period.,Coho escapement was an actual count in the stream and an estimate of the fish holding in the lake.,,6,Walk,
evelyn_ck,6,douglas_ursula_devastation_channels,2000,,225,200,3,Visual,3,,,,4,Y (OCT C),"No SILs available. Peak spawning was included in the survey period (peak survey Oct. 26). Recommend estimate changed to 200, see AUC Recalculation. Recommend classification 4 due to low resolution.","An extra effort was placed on Evelyn creek to determine the coho escapement. The entire river was walked three times throughout the coho run, the first on Sep. 24, the second Oct. 26, and the third on Nov. 7. Spawning was almost finished on the last inspection. Coho counts are as follows: Sep. 24 - 73; Oct. 26 - 156 (170 est.); Nov. 7 - 51 live, 2 dead. Estimated escapement to date 225.",AUC calculation: RT 40 days; OE 80%; reported counts. Suggests escapement estimate 195.,5,Walk,
evelyn_ck,6,douglas_ursula_devastation_channels,2001,,600,600,6,Visual,2,,,,4,Y (OCT C),"No SILs available. Peak spawning was included in the survey period (peak survey Oct. 21). Numerical estimate seems fair, recommend classification 4 due to provided reliability estimate.","Coho escapement is based on regular inspections of the entire system. It was estimated that the count from October 1 moved into the lake by October 21. the coho in the lower creek on october 21 would have been new fish. The November 20 inspection was added to the total, these fish were holding in the lake on October 21. An inspection was conducted on Dec. 11 for coho. Only 2 coho were observed from the mouth to the lake. Evelyn lake was frozen at time of inspection. 35 coho DNA samples were collected from stream.",,11,Walk,
evelyn_ck,6,douglas_ursula_devastation_channels,2002,,500,500,5,Visual,1,,,,5,N (NOV A),"No SILs available. Peak survey was not conducted due to gap in survey period (Oct. 29 - Nov. 16). Numerical estimate seems fair, recommend classification 5 due to provided reliability estimate.",Coho escapement was derived from actual counts in the creek and an estimate of the coho holding in the lake. Because of the low water levels in October the coho were holding in the lake longer than in normal years. Coho peak count was 159.,,9,Walk,
evelyn_ck,6,douglas_ursula_devastation_channels,2003,,250,250,4,Visual,1,,,,4,N (OCT C),No SILs available. Peak survey was not conducted due to gap in survey period (Oct. 13 - Nov. 3). Numerical estimate seems fair. Recommend classification 5 due to provided reliability estimate.,"Coho counts were low throughout the season in the mainstem and the tributary stream. There were not many coho observed holding in the lake. The final escapement estimate was based on the actual counts and a comparison to previous years. Coho counts are as follows: Sep. 3 - 34; Sep. 27 - 58; Oct. 13 - 59; Nov. 3 - 42 live, 3 dead (estimate to date 200); Nov. 23 - 6 (estimate to date 250).",,9,Walk,
evelyn_ck,6,douglas_ursula_devastation_channels,2004,,400,285,4,Visual,MEDIUM,11,,3,4,Y (NOV A),"5/9 inspections saw coho. Peak survey was not conducted due to gap in survey period (Oct. 25 - Nov. 20), but Oct. 25 survey may represent peak. Recommend AUC, estimate changed to 285 (see AUC Recalculation). Recommend classification 4 due to uncertainty of peak survey inclusion.",The coho escapement estimate was derived from the actual counts of spawning and holding coho in the creek and the tributary stream. On each inspection an estimate was made on the coho holding in the lake. These holding coho were counted again when they started spawning. On the last inspection of Nov 20 there were no coho holding in the lake and spawning was coming to an end.,AUC calculation: RT 40 days; OE 80%; actual counts. Suggests escapement estimate 283.,9,Walk ,
evelyn_ck,6,douglas_ursula_devastation_channels,2005,,650,700,6,Visual,,3,3,3,3,Y (OCT C),"6/9 inspections saw coho. Peak spawning was included in the survey period (peak survey Oct. 31, highest count Oct. 14). Recommend estimate changed to 700, see AUC Recalculation. Classification 3 fair due to adequate number of surveys and good coverage of spawning period.",The actual counts were used for the coho final escapement and  these escapement numbers were entered into the Area Under the Curve program to verify the escapement estimate.  Using a 40 day RT and 80% OE for coho the AUC estimate is 693.,"AUC calculation given matches, suggests escapement estimate 700.",9,Walk / Float,
evelyn_ck,6,douglas_ursula_devastation_channels,2006,,410,410,6,Visual,,3,3,3,3,Y (NOV A),"6/9 inspections saw coho. Peak spawning was included in the survey period (peak surveys Nov. 3, 10). AUC calculation fair, classification 3 fair due to adequate number of surveys and good coverage of spawning period.","Final escapement for coho was derived from the counts on the individual inspection and entering this information into the AUC program using a 40 day residency time and an 80% observer efficiency. Most (90%+) of the coho spawn in the stream below the lake with the highest use area being at the lake outlet & just below. There is some evidence to suggest additional coho spawning deeper in the lake. 10% or less of the coho spawn in the trib that flows into the lake, the same trib most of the sockeye spawn.",AUC calculation given matches.,9,Walk / Float,
evelyn_ck,6,douglas_ursula_devastation_channels,2007,,220,220,6,Visual,,3,3,3,3,Y (OCT B),"6/10 inspections saw coho. Peak spawning was included in the survey period (peak survey Oct. 20). AUC calculation fair, classification 3 fair due to adequate number of surveys and good coverage of spawning period.",The final escapement for coho was derived from the counts on the individual inspections and entering this information into the AUC program using a 40RT and a 80%OE.,AUC calculation given matches.,10,Walk / Float,
evelyn_ck,6,douglas_ursula_devastation_channels,2008,,250,250,6,Visual,,3,3,3,4,N (OCT B),"7/10 inspections saw coho. Peak survey was not conducted due to gap in survey period (Oct. 7 - Oct. 25). AUC calculation fair, recommend classification 4 due to uncertainty of peak survey inclusion.",The final escapement for coho was derived from the actual counts made from the individual inspections and entering this information into the AUC program using a 40 day residency time and an 80% observer efficiency.,AUC calculation given matches.,10,Walk / Float,
evelyn_ck,6,douglas_ursula_devastation_channels,2009,,800,720,7,Visual,,3,3,3,3,Y (OCT B),"9/15 inspections saw coho. Peak spawning was included in the survey period (peak survey Oct. 12). Recommend estimate changed to 720, see AUC Recalculation. Classification 3 fair due to adequate number of surveys and good coverage of spawning period.",The final escapement for coho was derived from the counts on the individual inspections and entering this information into the AUC program using a 40 day residency time  and an  80% observer efficiency.,"AUC calculation given does not match. New AUC: RT 40 days; OE 80%; actual counts from Aug. 24, 26, Sep. 7, 22, 28, Oct. 12, 26, Nov. 8, 23. New AUC calculation suggest escapement estimate 716.",15 (17 SILs),Walk / Float,
evelyn_ck,6,douglas_ursula_devastation_channels,2010,,160,120,5,Visual,,3,3,3,4,N (OCT C),"7/12 inspections saw coho (6 with counts). Peak survey was not conducted due to gap in survey period (Oct. 17 - Nov. 5). Recommend estimate changed to 120, see AUC Recalculation. Recommend classification 4 due to missed peak survey.","The final escapement for coho was derived from the counts on the individual inspections and entering this information into the AUC program using a 40 day residency time and a 80% observer efficiency. Lowest recorded coho escapement estimate since start of comprehensive surveys in 2000, brood year escapement was 220. 

Coho juvenile depletion survey done Oct 05 for first trapping 130, 2nd 71 and 33 on the last for a total catch of 234.","AUC calculation given does not match. New AUC: RT 40 days; OE 80%; actual counts from Sep. 4, 7, 20, Oct. 17, Nov. 5, 18. New AUC calculation suggest escapement estimate 120.",12,Walk / Float,
evelyn_ck,6,douglas_ursula_devastation_channels,2011,,310,310,6,Visual,,3,3,3,3,Y (OCT C),"7/14 inspections saw coho. Peak spawning was included in the survey period (peak survey Oct. 24). AUC calculation fair, classification 3 fair due to adequate number of surveys and good coverage of spawning period.","Six inspections were completed to enumerate coho this season and the information collected from the six  inspections was entered into the AUC program using a 40 day Residency Time and  80% Observer Efficiency to calculate the final escapement. The juvenile completion survey was completed Sept 22 - 1st trapping was 24, 2nd was 2, 3rd was 6 and fourth was 1 for a total of 33 juveniles.",AUC calculation given matches.,14,Walk / Float,
evelyn_ck,6,douglas_ursula_devastation_channels,2012,,200,200,9,Visual,,3,4,3,3,Y (NOV A),"10/13 inspections saw coho. Peak spawning was included in the survey period (peak survey Nov. 5, highest count Sep. 14). AUC calculation fair. Unclear why classification 4 was chosen, recommend classification 3 due to adequate number of surveys and good coverage of spawning period.",9 inspections were completed to enumerate coho this season. The information collected from the 9 inspections was entered into the AUC program using a 36 day RT and a 75% OE to give the final escapement of 192 coho. This was rounded up to 200.,AUC calculation given matches.,13,Walk / Float,
evelyn_ck,6,douglas_ursula_devastation_channels,2013,,315,175,5,Visual,,3,4,3,3,Y (OCT C),"6/12 inspections saw coho. Peak spawning was included in the survey period (peak survey Oct. 29, highest count Oct. 1). Recommend estimate changed to 175, see AUC Recalculation. Unclear why classification 4 was chosen, recommend classification 3 due to adequate number of surveys and good coverage of spawning period.",5 inspections were completed to enumerate coho this season. The information collected from the 5 inspections were entered into the AUC program using a 15 day RT and a 70% OE to give the final escapement of 315coho. The 15 day RT was for spawning coho only.,"Unable to match AUC calculation. Original AUC (RT 15 days; OE 70%; actual counts from Sep. 6, 13, Oct. 1, 10, 29) suggests escapement estimate 420. New AUC (RT 40 days; OE 70%; actual counts from same surveys) suggests escapement estimate 175.",12,Walk / Float,
evelyn_ck,6,douglas_ursula_devastation_channels,2014,,600,490,4,Visual,,3,3,3,3,UNK (OCT B),"5/11 inspections saw coho. It is unclear whether peak spawning was included in the survey period.  Despite the Oct. 23 SIL indicating peak spawning, the highest count was on Oct. 2. Recommend estimate changed to 490, see AUC Recalculation. Recommend classification 4 due to uncertainty of peak survey inclusion.",There were 4 coho inspections completed in 2014. The counts from each inspection was entered into the AUC program using a 40 day RT and a 70 % OE to calculate the final escapement of 600.,"AUC calculation given does not match. New AUC: RT 40 days; OE 70%; actual counts from Aug. 19, Sep. 11, 18, Oct. 2, 23. New AUC calculation suggest escapement estimate 486.",11,Walk / Float,
evelyn_ck,6,douglas_ursula_devastation_channels,2015,,400,375,8,Visual,,3,3,3,3,Y (OCT C),"7/11 inspections saw coho. Peak spawning was included in the survey period (peak survey Oct. 25, highest count Sep. 17). Recommend estimate changed to 375, see AUC Recalculation. Classification 3 fair due to adequate number of surveys and good coverage of spawning period.",A total of 8 inspections were completed for coho in 2015. The actual counts from each inspection was entered into the AUC program using a 38 day RT and a 60% OE to calcalute the final escapement.,"AUC calculation given does not match. New AUC: RT 38 days; OE 6Aug. 26, Sep. 15, 17, 28, Oct. 7, 25. New AUC calculation suggest escapement estimate 372.",11,Walk / Float,
evelyn_ck,6,douglas_ursula_devastation_channels,2016,,200,200,5,Visual,,5,6,5,5,N (NOV A),"5/11 inspections saw coho. Peak survey was not conducted due to early end to survey period (last survey Oct. 25 marked as start of spawning, highest count Sep. 27). Numerical estimate fair, recommend classification 5 due to recording minimum observed escapement.", Five coho inspections were completed through the season. This was a best guess estimate of what was observed on each inspection. This system is inspected annually for coho so recording a minimum observed escapement was better then stating AP. ,,11,Walk / Float,
evelyn_ck,6,douglas_ursula_devastation_channels,2017,,200,200,5,Visual,,5,5,5,5,Y (OCT C),"5/9 inspections saw coho. Peak spawning was included in the survey period (peak survey Oct. 26). Numerical estimate fair, classification 5 fair due to recording minimum observed escapement as a result of poor viewing conditions.",There were 5 inspections done to enumerate coho. The final escapement estimate was a best guess as the creek visibility was poor after the heavy rains in Sept and Oct. Recording the mimimum observed escapement was preferred over stating Adults Present. ,,9,Walk / Float,
evelyn_ck,6,douglas_ursula_devastation_channels,2018,,130,130,4,Visual,,3,3,3,4,N (OCT C),"4/12 inspections saw coho. Peak survey was not conducted due to gap in survey period (Oct. 10 - Nov. 1). The highest count was on Sep. 25, but this survey is marked as before start of spawning. Check AUC calculation. Recommend classification 4 due to low resolution and missed peak survey.",The 2018 coho escapement was derived from entering the individual counts from each inspections into the AUC using a 40 day RT and a 70% OE to calculate the final escapement of 130. ,AUC calculation given matches.,12,Walk / Float,
evelyn_ck,6,douglas_ursula_devastation_channels,2019,,No Record,285,,Visual,,,,3,4,Y (OCT C),"No annual estimate in database. 4/9 inspections saw coho. Peak timing is unclear, but many years for this stream estimate peak at OCT C (peak survey Oct. 22, highest count Oct. 2). Recommend AUC calculation for estimate (see AUC Recalculation), recommend classification 4 due to low resolution.",,AUC calculation: RT 40 days; OE 80%; actual counts. Suggests escapement estimate 284.,9,Walk / Float,
evelyn_ck,6,douglas_ursula_devastation_channels,2020,,135,135,7,Visual,,3,3,3,3,Y (OCT C),"8/9 inspections saw coho. Peak spawning was included in the survey period (peak survey Oct. 28). AUC calculation fair, classification 3 fair due to adequate number of surveys and good coverage of spawning period.",A total of 7 inspections were completed for coho. The individual counts were entered into the AUC program using a 40 day RT and a 80% OE to calculate the final escapement of 135.,AUC calculation given matches.,9,Walk / Float,
evelyn_ck,6,douglas_ursula_devastation_channels,2021,,115,115,5,Visual,,3,3,3,4,N (OCT C),"5/9 inspections saw coho. Peak survey was not conducted due to early end to survey period (last survey Oct. 14). AUC calculation fair, recommend classification 4 due to missed peak survey.",A total of 5 inspections were completed to enumerate coho. The actual counts from each inspection was entered into the AUC program using a 40 day RT and a 80% OE to calculate the final escapement of 115.,AUC calculation given matches.,9,Walk / Float,
evelyn_ck,6,douglas_ursula_devastation_channels,2022,,250,250,5,Visual,,3,3,3,4,UNK (OCT B),"5/9 inspections saw coho. It is unclear whether peak spawning was included in the survey period. Despite the Oct. 21 SIL indicating peak spawning, the highest count was on Sep. 15. AUC calculation fair, recommend classification 4 due to uncertainty of peak survey inclusion.",The annual coho escapement was derived by entering the actual counts from each inspection into the AUC program using a 40 day RT and a 75% OE to determine the final escapement,AUC calculation given matches.,9,Walk / Float,
evelyn_ck,6,douglas_ursula_devastation_channels,2023,,160,160,3,Visual,,3,4,3,4,Y (OCT C),"3/8 inspections saw coho. Peak spawning was included in the survey period (peak survey Oct. 30, highest count Sep. 25). AUC calculation fair, classification 4 fair due to low resolution.",The annual coho escapement was derived from entering the actual coho counts from the 3 inspections into the AUC program using a 40 day RT and a 75% OE.,AUC calculation given matches.,8,Walk / Float,
evelyn_ck,6,douglas_ursula_devastation_channels,2024,,A/P,A/P,,Visual,,,6,,6,N (OCT C),"4/7 inspections saw coho. Peak timing is unclear, but many years for this stream estimate peak around OCT C. Peak survey was likely not conducted due to early end to survey period (last survey Oct. 3, highest count Sep 18). A/P designation seems fair.",,,7,Walk / Float,
fish_creek,8,bella_coola_system,1980,,100,100,,,,,,,5,UNK,No SILs available. Unclear if this figure is included in the Bella Coola River estimate. Recommend classification 5 due to lack of information provided.,,,,,
fish_creek,8,bella_coola_system,1981,,50,50,,,,,,,5,UNK,No SILs available. Unclear if this figure is included in the Bella Coola River estimate. Recommend classification 5 due to lack of information provided.,,,,,
fish_creek,8,bella_coola_system,1982,,N/I,N/I,,,,,,,6,,Fish Creek not inspected this year.,,,,,
fish_creek,8,bella_coola_system,1983,,50,50,,,,,,,5,UNK,No SILs available. Unclear if this figure is included in the Bella Coola River estimate. Recommend classification 5 due to lack of information provided.,,,,,
fish_creek,8,bella_coola_system,1984,,300,300,,,,,,,5,UNK,No SILs available. Unclear if this figure is included in the Bella Coola River estimate. Recommend classification 5 due to lack of information provided.,,,,,
fish_creek,8,bella_coola_system,1985,,75,75,,,,,,,5,UNK,No SILs available. Unclear if this figure is included in the Bella Coola River estimate. Recommend classification 5 due to lack of information provided.,,,,,
fish_creek,8,bella_coola_system,1986,,,,,,,,,,,,No SILs available. No annual estimate generated specific to this stream.,,,,,
fish_creek,8,bella_coola_system,1987,,17,17,,,,,,,5,UNK,No SILs available. Unclear if this figure is included in the Bella Coola River estimate. Recommend classification 5 due to lack of information provided. Candidate for A/P.,,,,,
fish_creek,8,bella_coola_system,1988,,,,,,,,,,,,No SILs available. No annual estimate generated specific to this stream.,,,,,
fish_creek,8,bella_coola_system,1989,,50,50,,,,,,,5,UNK,No SILs available. Unclear if this figure is included in the Bella Coola River estimate. Recommend classification 5 due to lack of information provided.,,,,,
fish_creek,8,bella_coola_system,1990,,,,,,,,,,,,No SILs available. No annual estimate generated specific to this stream.,,,,,
fish_creek,8,bella_coola_system,1991,,,,,,,,,,,,No SILs available. No annual estimate generated specific to this stream.,,,,,
fish_creek,8,bella_coola_system,1992,,,,,,,,,,,,No SILs available. No annual estimate generated specific to this stream.,,,,,
fish_creek,8,bella_coola_system,1993,,,,,,,,,,,,No SILs available. No annual estimate generated specific to this stream.,,,,,
fish_creek,8,bella_coola_system,1994,,,,,,,,,,,,No SILs available. No annual estimate generated specific to this stream.,,,,,
fish_creek,8,bella_coola_system,1995,,,,,,,,,,,,No SILs available. No annual estimate generated specific to this stream.,,,,,
fish_creek,8,bella_coola_system,1996,,,,,,,,,,,,No SILs available. No annual estimate generated specific to this stream.,,,,,
fish_creek,8,bella_coola_system,1997,,,,,,,,,,,,No SILs available. No annual estimate generated specific to this stream.,,,6,,
fish_creek,8,bella_coola_system,1998,,,,,,,,,,,,No SILs available. No annual estimate generated specific to this stream. See Annual Est. Rationale for available count data.,"Counts are as follows:
Oct. 12 - 51 live coho
Oct. 21 - 63 live, 6 dead coho
Oct. 28 - 186 live, 25 dead coho
Nov. 4 - 68 live, 18 dead coho
Nov. 19 - 33 live, 14 dead coho
Nov. 23 - 30 live, 54 dead coho
Dec. 7 - 8 live, 6 dead coho
Dec. 16 - 28 live, 39 dead coho.",,13,,
fish_creek,8,bella_coola_system,1999,,,,,,,,,,,,No SILs available. No annual estimate generated specific to this stream.,Ecapement figures for this stream are included on the BC16 for Bella Coola River.,,13,,
fish_creek,8,bella_coola_system,2000,,,,,,,,,,,,No SILs available. No annual estimate generated specific to this stream.,Escapement figures for this stream are included on the BC16 for Bella Coola River.,,15,,
fish_creek,8,bella_coola_system,2001,,65,65,3,Visual,,,,,5,UNK,"3/9 inspections saw coho. Peak timing unknown, highest count Oct. 30. No comments regarding estimate available. Estimate may be appropriate, recommend classification 5 due to lack of information available.",,,9,Walk,
fish_creek,8,bella_coola_system,2002,,270,270,6,Visual,3,,,,4,Y (NOV B),"6/11 inspections saw coho. Peak spawning was included in the survey period (peak survey Nov. 15). AUC may be fair, cannot recalculate without OE and RT values. Recommend classification 4 due to provided reliability estimate.",Coho escapement based on AUC.,Could not recalculate AUC due to missing information.,11,Walk,
fish_creek,8,bella_coola_system,2003,,109,109,3,Visual,3,,,,4,UNK,"3/8 inspections saw coho. Peak timing unknown, highest count Oct. 27. AUC seems fair, see AUC Recalculation. Recommend classification 4 due to low resolution.","The above estimates are included in the Bella Coola River estimate (these numbers are for reference only).  Charter Patrol and Nuxalk Fisheries inspected and made weekly instream estimates for pinks, chums, and coho. The coho estimate was based on an AUC with 11 d residence.","Could not match original AUC. New AUC calculated with the following parameters: RT 11 days; OE 80%; coho total counts from Oct. 27, Nov. 21, 26. Suggests escapement estimate 170. Recommend retaining original estimate due to missing information about the original AUC, calculation may be fair.",8,Walk,
fish_creek,8,bella_coola_system,2004,,100,100,3,Visual,,10,4,12,4,Y (NOV B),"3/8 inspections saw coho. Peak spawning was included in the survey period (peak survey Nov. 11). Numerical estimate seems fair, classification 4 seems appropriate.","The above estimates are included in/were used to calculate the total escapements to the Bella Coola River (the above numbers are for reference only).  Charter Patrol, Snootli Hatchery, and Nuxalk Fisheries made instream inspections for pinks, chums, and coho.  The residence time for coho this year was estimated to be < 11 days.  With the excessive high water events, when water conditions did stabilize, the fish turned over quickly.  Therefore, the coho escapement was the summation of the number of fish new to the system on each of the counts from November 3 (25), 11 (64), and 19 (7).",Candidate for AUC,8,Walk,
fish_creek,8,bella_coola_system,2005,,80,80,4,Visual,,12,4,12,4,Y (OCT C),"4/10 inspections saw coho. Peak spawning was included in the survey period (peak survey Oct. 24). Numerical estimate seems fair, classification 4 seems appropriate.","The above estimates are included in/were used to calculate the total escapements to the Bella Coola River (the above numbers are for reference only).  Charter Patrol, Snootli Hatchery, and Nuxalk Fisheries made instream inspections for pinks, chums, and coho. Coho were observed from October 24 until November 16.  The largest count was the first inspection on October 24, at which time there were already dead fish and a few empty redds present.  For the estimate used the live + dead from the first inspection (50 + 4) plus the new to the system on each successive inspection (4 + 12).  Charter Patrol expanded the estimate from 70 to 80 to account for fish that were missed early and late in the run timing.",,10,Walk,
fish_creek,8,bella_coola_system,2006,,80,80,4,Visual,,12,4,12,4,Y (OCT C),"4/13 inspections saw coho. Peak spawning was included in the survey period (peak survey Oct. 30, highest count Nov. 8). Numerical estimate seems fair, classification 4 seems appropriate.","The above estimates are included in/were used to calculate the total escapements to the Bella Coola River (the above numbers are for reference only).  Charter Patrol, Snootli Creek Hatchery, and Nuxalk Fisheries made instream inspections for pinks, chums, and coho.  Ralph Nelson estimated estimated 70 coho for 2006, based on new to the system, carcasses, and empty redds during the 1st inspection.  A later walk by Nuxalk Fisheries enumerated 2 more coho, and the final estimate was 80.  For coho only the middle and upper reaches were checked so the estimate is not for the entire system (although maybe a very small percentage [<5%] would spawn below the inspected reaches).",,13,Walk,
fish_creek,8,bella_coola_system,2007,,45,45,3,Visual,,5,4,5,4,Y (NOV A),"3/9 inspections saw coho. Peak spawning was included in the survey period (peak survey Nov. 7). Numerical estimate seems fair, classification 4 seems appropriate.","The above estimates are included in/were used to calculate the total escapements to the Bella Coola River (the above numbers are for reference only).  Charter Patrol and Nuxalk Fisheries made instream inspections for pinks, chums, and coho.  For coho, Ralph Nelson (Charter Patrol) reported a final coho escapement estimate of 40 based on unoccupied redds during the 1st inspection, the number of carcasses, the number of live fish observed, and the number of new fish between inspections.  From his three inspections with coho present, he felt that there was a high probability that coho were missed both before and after the inspections this year.  Based on those assumptions, a conservative estimate of 45 was made for 2007.  As coho inspections only include the middle and upper reaches of Fish Creek (index sites), the coho estimate was not for the entire stream (although probably encompasses >95% of the spawn).",,9,Walk,
fish_creek,8,bella_coola_system,2008,,20,20,6,Visual,,5,4,5,5,UNK (NOV B),"3/13 inspections saw coho. Many years for this stream estimate Peak in NOV B, peak survey may have been Nov. 11, 14, or 19. Numerical estimate may be fair, recommend classification 5 due to very few spawners seen this season. Candidate for A/P designation.","The above estimates are included in/were used to calculate the total escapement to the Bella Coola River but are recorded here for reference.

Coho - estimate is for areas inspected which are the upper area between Tippies's and Enderud's, area around the school and area around Interfore. Estimate likely consevative but looks like a very poor return.",,13,Walk,
fish_creek,8,bella_coola_system,2009,,A/P,126,2,Visual,,,6,,5,N (NOV B),"Both of the inspections this season saw coho. Many years for this stream indicate Peak in NOV B, unlikely that a peak survey was conducted (last survey Nov. 9). Recommend estimate changed to 126 to reflect the estimated escapement to date on the final SIL. Recommend classification 5 due to upgrading from a categorical estimate.","Coho - Two coho inspections the last one was Nov. 08. Total date escapement on last inspection was 126. 
The coho escapement is for the sections inspected (upper reaches) from school to up past Dennis Tippie's and around Interfore property.",,2,Walk,
fish_creek,8,bella_coola_system,2010,,40,40,4,Visual,,5,4,5,5,UNK (NOV B),"2/8 inspections saw coho. Many years for this stream indicate Peak in NOV B, peak survey may have been Nov. 12 (no live coho recorded, only live count Nov. 5). Numerical estimate may be fair, recommend classification 5 due to single observation of live coho.","Coho were inspected for on four occasions this fall by Charter Patrol. The first walk on November 5 saw all of the live coho. The next walk saw only carcasses and subsequent walks and associated fish migrations were hampered by very low water and severe icing conditions, especially to upper reaches. ",,8,Walk,
fish_creek,8,bella_coola_system,2011,,100,100,3,Visual,,3,4,3,4,Y (NOV B),"4/7 inspections saw coho. Peak spawning was included in the survey period (peak survey Nov. 10). AUC seems fair, see AUC Recalculation. Classification 4 fair due to low resolution.",Coho estimate is an AUC calculation using just the three inspections with a 15 day residency time for an estimate of 83. Last inspection was Dec. 4 (the Dec 15th inspection was a spot check only). Inspections from other streams in the area suggest more spawners would have showed up after that date resulting in the 100 estimate. The estimate is for the areas inspected in the first three surveys (from above the upper Hwy 20 crossing to below the Interfore yard and to the lower Hwy 20 bridge) .,"AUC calculated with the following parameters: RT 15 days; OE 80%; actual counts from all surveys with coho observation, suggests escapement estimate 98.",7,Walk,
fish_creek,8,bella_coola_system,2012,,18,18,3,Visual,,5,5,5,5,UNK (NOV B),"1/9 inspections saw coho. Many years for this stream indicate Peak in NOV B, peak survey may have been Nov. 12. Numerical estimate may be fair, classification 5 seems fair. Candidate for A/P designation.","Coho were inspected for by Charter Patrolman on four occasions. Live coho were only seen on once, though redds were counted on 3 of the 4 walks (none were new on last walk). Coho were seen spawning further downstream this year than normally inspected. Persistent low water conditions may have contributed to fish spawning lower down in the stream. It is unlikley that any coho spawned before or after the coho assessments started.",,9,Walk,
fish_creek,8,bella_coola_system,2013,,325,325,4,Visual,,5,4,5,4,Y (NOV B),"4/9 inspections saw coho. Peak spawning was included in the survey period (peak survey Nov. 19, highest count Nov. 2). Numerical estimate and classification seem fair.","Coho were inspected for 4 times by Charter Patrol. Residency was very variable (though generally low) through that time due to predation and low water conditions. An expert opinion based on redd, carcass and live counts generated the annual; estimate above. ",,9,Walk,
fish_creek,8,bella_coola_system,2014,,40,40,,Visual,,,5,,5,N (NOV B),"2/8 inspections saw coho. Many years for this stream indicate Peak in NOV B, peak survey was likely not conducted due to gap in the survey period (Nov. 4 - Dec. 1). Numerical estimate may be fair, classification 5 seems fair.",Coho - Estimate based on 2 inspections that recorded coho and one when redds were observed.,,8,Walk,
fish_creek,8,bella_coola_system,2015,,30,A/P,4,Visual,,12,5,,6,N (NOV B),None of the 8 inspections this season saw live coho. Peak survey was not conducted due to gap in the survey period (Nov. 6 - Nov. 29). Recommend estimate changed to A/P due to lack of live observation this season.,"There were 8 inspections of Fish creek this year. 4 were by NFP, targeting pinks and chums; and 4, by CP, were specific to coho, conducted in the fall.
Coho were specifically inspected for on 4 occasions. While there were carcasses counted, no live coho were seen and the annual estimate is primarily a redd count. The areas inspected were as usual (for comparison purposes), which is not the whole creek but which covers all the spawning sites on the branch of Fish Creek following hwy 20.",,8,Walk,
fish_creek,8,bella_coola_system,2016,,16,16,2,Visual,,5,6,5,5,UNK (NOV B),"1/10 inspections saw coho. Many years for this stream indicate Peak in NOV B, peak survey may have been Nov. 10. Numerical estimate may be fair, recommend classification 5 due to basis on a single inspection. Candidate for A/P designation.","There were 7 early-season creek inspections this year by NFP, all but 2 of which were resurrected from Nooklikonnik Creek SILs (data was lost in the process of separating this creek's information from the rest); 3 later-fall walks, specific to coho enumerations, were conducted by CP.
Coho were seen as adults and fry. Coho were inspected for as usual: in the lower mainstem and the fork closer to Hwy 20. Some coho are probably always missed but the coho annual escapament estimate, which was composed of live fish counts, is comparable to previous years' efforts. The annual estimate should be seen as a relatively unreliable minimum because there were no inspections between November 10 and December 8. There is little run timing data available due to the gap in inspection dates.",,10,Walk,
fish_creek,8,bella_coola_system,2017,,300,300,5,Visual,,5,3,5,3,Y (NOV C),"5/10 inspections saw coho. Peak spawning was included in the survey period (peak survey Nov. 27). Numerical estimate seems fair, classification 3 may be fair.","Fish Creek was examined 5 times this year, during the early-season pink and chum enumeration period, by NFP. An additional 5 later-season coho walks were done by CP. 
Coho were seen on all 5 coho directed walks. The annual coho escapement estimate involves redd counts, and live and dead counts (explained in detail on individual SILs). All of fish creek was and never has been enumerated. The fork that parallels hwy 20 is enumerated, the other isn't, this, however is the usual method/enumeration length and so is comparable to previous years' estimates. ",,10,Walk,
fish_creek,8,bella_coola_system,2018,,20,20,4,Visual,,5,4,5,5,Y (NOV C),"3/10 inspections saw coho. Peak spawning was included in the survey period (peak survey Nov. 27). Numerical estimate may be fair, recommend classification 5 due to poor visibility throughout the season. Candidate for A/P designation.","Fish Creek was inspected 6 times by NFP this year, earlier in the season; later, 4 CP walks for coho were conducted. 
The first 2 walks and the last of the early season inspections saw no salmon-- leaving 3 early-season walks, all of which only saw chums.
Coho were seen instream in the usual sections of creek (as usual, the fork along the hwy is inspected, not the others) and the annual escapement estimate is an expert opinion based on redd and live plus dead counts. ",,10,Walk,
fish_creek,8,bella_coola_system,2019,,250,250,5,Visual,,5,4,5,4,Y (NOV B),3/8 inspections saw coho. Peak spawning was included in the survey period (peak survey Nov. 18). Numerical estimate and classification may be fair.,"Fish Creek was inspected only 3 times in the early season, by NFP. 5 later-season, coho-specific inspections were also conducted. 
Coho were seen on all 5 later-season inspections. This year's annual escapment estimate was based on live, dead and redd counts. ",,8,Walk,
fish_creek,8,bella_coola_system,2020,,28,28,4,Visual,,5,4,5,5,Y (NOV A),"2/4 inspections saw coho. Peak spawning was included in the survey period (peak survey Nov. 1). Numerical estimate may be fair, recommend classification 5 due to very few coho seen this season. Candidate for A/P designation.",Coho????????????????????,,4,Walk,
fish_creek,8,bella_coola_system,2021,,96,96,3,Visual,,6,4,6,4,Y (NOV B),"3/9 inspections saw coho. Peak spawning was included in the survey period (peak survey Nov. 15, highest count Nov. 28). Numerical estimate may be fair, classification 4 seems appropriate.","4 later-season coho enumerations by CP were conducted. Coho were seen 3 times, just not on the last walk. The annual escapement estimate is derived from redd and live plus dead counts. The total of 92 coho was raised to 96, as above, to allow for missed coho (4) between the last two walks. ",,9,Walk,
fish_creek,8,bella_coola_system,2022,,54,54,2,Visual,,5,4,5,5,Y (NOV C),"1/10 inspections saw live coho. Peak spawning was included in the survey period (peak survey Nov. 30). Numerical estimate may be fair, recommend classification 5 due to single recorded live count.","Coho were counted twice in the usual areas, which is not the full length of all the forks. The usual inspection length includes all spawning gravels donwstream from the rapids above the upper hwy 20 crossing, but not the West Fork. Instream counting this year includes the portion of Fish Creek above  Hagensborg Slough (see below for an explanation). The first count saw only carcasses, but without any redds. Deaths were due to predation and escapement was said to be zero at that time (November 3). The November 30th walk counted live, dead and unaccompanied redds and this is the basis for the annual escapement estimate. ",,10,Walk,
fish_creek,8,bella_coola_system,2023,,73,73,3,Visual,,5,4,5,4,Y (NOV C),"3/10 inspections saw coho. Peak spawning was included in the survey period (peak survey Nov. 23). Numerical estimate may be fair, classification 4 seems appropriate.",Coho were inspected for and were counted 3 times. The annual escapement estimate is composed of redd counts and live coho.,,10,Walk,
fish_creek,8,bella_coola_system,2024,,N/I,74,,Visual,,,6,1,5,UNK (NOV B),"4/9 inspections saw coho. Many years for this stream estimate Peak in NOV B, peak survey may have been Nov. 19 (highest count Oct. 11). Unclear why N/I was chosen, recommend estimate changed to 74 to reflect the estimated escapement to date listed on the final SIL. Recommend classification 5 due to upgrading from a categorical estimate.",,,9,Walk,
foch_ck,6,douglas_ursula_devastation_channels,1980,,800,800,,,,,,,5,N (SEP C),"No SILs available. Peak survey was not conducted due to gap in survey period (Aug. 21 - Oct. 11). Numerical estimate may be fair, recommend classification 5 due to missed peak survey and lack of information available. ",,,4,,
foch_ck,6,douglas_ursula_devastation_channels,1981,,500,500,,,,,,,5,N (SEP C),"No SILs available. Peak survey was not conducted due to early end to survey period (last survey Sep. 3). Numerical estimate may be fair, recommend classification 5 due to poor coverage of spawning period and lack of information available. ",,,2,,
foch_ck,6,douglas_ursula_devastation_channels,1982,,500,500,,,,,,,5,N (OCT),"No SILs available. Peak survey was not conducted due to early end to survey period (last survey Sep. 10). Numerical estimate may be fair, recommend classification 5 due to poor coverage of spawning period and lack of information available.",,,2,,
foch_ck,6,douglas_ursula_devastation_channels,1983,,400,400,,,,,,,5,N (SEP C),"No SILs available. Peak survey was not conducted, only listed survey date is Aug. 24. Numerical estimate may be fair, recommend classification 5 due to single survey before start of spawning and lack of information available.",,,1,,
foch_ck,6,douglas_ursula_devastation_channels,1984,,600,600,,,,,,,5,UNK (SEP C),"No SILs available. It is unclear if surveys were conducted during peak spawning, no inspection dates provided. Numerical estimate may be fair, recommend classification 5 due to lack of information available.",,,UNK,,
foch_ck,6,douglas_ursula_devastation_channels,1985,,500,500,1,Visual,C,,,,5,Y (SEP C),"Two different SENs available for this year. No SILs available. I have chosen to report the estimate of 500 due to the survey period aligning better with spawn timing and slightly better reliability estimate. Peak spawning was likely included in the survey period, but unknown due to limited inspection dates provided. Numerical estimate may be fair, recommend classification 5 due to provided reliability estimate and uncertainty around true estimate. Alternate estimate A/P.",,,9,Walk / Float / Plane,
foch_ck,6,douglas_ursula_devastation_channels,1986,,250,250,3,Visual,3,,,,4,Y (SEP C),"No SILs available. Peak spawning is included in the survey period (peak survey Sep. 26). Numerical estimate seems fair, recommend classification 4 due to provided reliability estimate.",,,5,Walk / Float / Plane,
foch_ck,6,douglas_ursula_devastation_channels,1987,,300,300,4,Visual,3,,,,5,N (SEP C),"No SILs available. Peak survey was not conducted due to early end to survey period (last survey Sep. 8). Numerical estimate may be fair, recommend classification 5 due to poor coverage of spawning period.",,,8,Walk / Plane,
foch_ck,6,douglas_ursula_devastation_channels,1988,,700,700,,Visual,3,,,,5,N (SEP C),"No SILs available. Peak survey was not conducted due to early end to survey period (last survey Sep. 11). Numerical estimate may be fair, recommend classification 5 due to poor coverage of spawning period.",,,7,Walk / Plane,
foch_ck,6,douglas_ursula_devastation_channels,1989,,200,200,,Visual,3,,,,5,N (OCT),"No SILs available. Peak survey was not conducted due to early end to survey period (last survey Sep. 23). Numerical estimate may be fair, recommend classification 5 due to poor coverage of spawning period.",,,3,Walk,
foch_ck,6,douglas_ursula_devastation_channels,1990,,N/I,N/I,,,,,,,6,,"No SILs available. N/I may be appropriate, though there was a survey on Oct. 27. ",,,4,,
foch_ck,6,douglas_ursula_devastation_channels,1991,,200,200,1,Visual,1,,,,5,N (OCT*),"No SILs available. Peak timing is unclear, but many years for this stream esitmate peak in OCT (no peak survey, last survey Sep. 25). Numerical estimate may be fair, recommend classification 5 due to poor coverage of spawning period and provided reliability estimate.",This system needs more coho inspections to have a greater reliability on year end escapement.,,8,Float,
foch_ck,6,douglas_ursula_devastation_channels,1992,,700,700,1,,1,,,,5,N (OCT*),"No SILs available. Peak timing is unclear, but many years for this stream estimate peak in OCT (no peak survey, last survey Sep. 16). Numerical estimate may be fair, recommend classification 5 due to poor coverage of spawning period and provided reliability estimate.",,,5,,
foch_ck,6,douglas_ursula_devastation_channels,1993,,400,400,2,Visual,1,,,,5,N (OCT*),"No SILs available. Peak timing is unclear, but many years for this stream estimate peak in OCT (no peak survey, last survey Sep. 27). Numerical estimate may be fair, recommend classification 5 due to poor coverage of spawning period and provided reliability estimate.",,,5,Walk,
foch_ck,6,douglas_ursula_devastation_channels,1994,,300,300,,Visual,1,,,,5,Y (OCT),"No SILs available. Peak spawning was included in the survey period (peak survey Oct. 7). Numerical estimate seems fair, recommend classification 5 due to provided reliability estimate.",,,4,Walk,
foch_ck,6,douglas_ursula_devastation_channels,1995,,80,A/P,,Visual,1,,,,6,N (OCT),No SILs available. Peak survey was not conducted due to early end to survey period (last survey Aug. 26). Recommend A/P designation due to poor coverage of spawning period and provided reliability estimate.,,,2,Walk,
foch_ck,6,douglas_ursula_devastation_channels,1996,,135,A/P,,Visual,1,,,,6,N (OCT),No SILs available. Peak survey was not conducted due to early end to survey period (last survey Jul. 19). Recommend A/P designation due to poor coverage of spawning period and provided reliability estimate.,No coho inspections this season. Sports fishing guides working on the river commented that the coho escapement was low this season.,,2,Walk / Float,
foch_ck,6,douglas_ursula_devastation_channels,1997,,50,A/P,4,Visual,1,,,,6,N (OCT),No SILs available. Peak survey was not conducted due to early end to survey period (last survey Aug. 31). Recommend A/P designation due to poor coverage of spawning period and provided reliability estimate.,Coho escapement number is the actual count. Report from fishing guide that coho population very low this season.,,5,Walk,
foch_ck,6,douglas_ursula_devastation_channels,1998,,100,A/P,2,Visual,1,,,,6,N (OCT),No SILs available. Peak survey was not conducted due to early end to survey period (last survey Sep. 3). Recommend A/P designation due to poor coverage of spawning period and provided reliability estimate.,,,5,Walk,
foch_ck,6,douglas_ursula_devastation_channels,1999,,N/I,N/I,,,,,,,,,No SILs available. N/I appropriate (last survey Aug. 29).,80 coho were counted holding in pools on Aug. 29. ,,,,
foch_ck,6,douglas_ursula_devastation_channels,2000,,A/P,400,4,Visual,,,,,5,N (NOV A),No SILs available. Peak survey was not conducted due to gap in survey period (Sep. 9 - Nov. 18). Unclear why A/P designation was chosen. Recommend estimate changed to 400 (see Annual Est. Rationale). Recommend classification 5 due to missed peak survey and lack of information available.,Although coho is recorded as unknown there were 4 inspections where coho were counted. One coho inspection on Nov. 18 towards the end of the run. I estimate the run size to be 400-500. The last 3 kms of the river was not inspected. Coho fishing was slow comparing to other years.,,5,Walk,
foch_ck,6,douglas_ursula_devastation_channels,2001,,A/P,A/P,5,,,,,,6,Y (OCT),No SILs available. Peak spawning was included in the survey period (peak survey Oct. 31). Unclear why A/P designation was chosen but without count information cannot propose a numerical estimate.,"Counted 140 coho on Oct. 31, spawning almost finished. Coho fishing was generally poor. No coho inspections were made in the upper river.",,13,UNK,
foch_ck,6,douglas_ursula_devastation_channels,2002,,400,400,3,Visual,1,,,,5,Y (OCT C),"No SILs available. Peak spawning was included in the survey period (peak survey Oct. 24). Numerical estimate seems fair, recommend classification 5 due to provided reliability estimate.",The coho escapement was estimated from the actual counts from the fall coho inspections. The fishing guides that fished coho on the Foch River also estimated a low coho return this season.,,9,Walk / Float,
foch_ck,6,douglas_ursula_devastation_channels,2003,,A/P,375,6,Visual,,,,3,3,Y (NOV),"No SILs available. Peak spawning was included in the survey period (peak survey Nov. 11, highest count Oct. 4). Unclear why A/P designation was chosen, recommend AUC for estimate. Recommend classification 3 due to adequate number of surveys and good coverage of spawning period.",There was no coho estimate made this season because onluportion of the river was inspected. The peak count in the lower rier was 180 coho. No inspections were done in the upper river. Coho counts are as follows: Jul. 23 - 2; Aug. 2 - 9; Aug. 22 - 22; Sep. 15 - 165; Oct. 4 - 180; Nov. 11 - 154.,AUC calculation: RT 55 days; OE 80%; actual counts. Suggests escapement estimate 374.,8,Walk / Float,
foch_ck,6,douglas_ursula_devastation_channels,2004,,A/P,A/P,3,Visual,,,6,,6,N (OCT C),"4/7 inspections saw coho (3 counts). Peak timing is unclear, but many years for this stream estimate peak around OCT C (no peak survey, last survey Sep. 23, highest count Sep. 12). A/P designation seems fair due to early end to survey period and few coho observed.","No coho inspections were made this season and only a few coho were observed in the regular inspections, highest count was 17.",,7,Walk,
foch_ck,6,douglas_ursula_devastation_channels,2005,,800,800,6,Visual,,5,4,5,4,Y (OCT C),"8/9 inspections saw coho (6 counts). Peak spawning was included in the survey period (peak survey Oct. 23, highest count Sep. 12). Numerical estimate seems fair, though it is unclear how the estimate was generated. Classification 4 fair due to adequate number of surveys and good coverage of spawning period, but lack of detail about estimate generation.",Coho were enumerated regularly throughout the season. The last inspection was done on October 23 when the entire river was inspected by helicopter.   This trip was provided by Silvertip Ecotours who assisted with adult coho DNA collection.,,9,Walk / Float / Heli,
foch_ck,6,douglas_ursula_devastation_channels,2006,,600,600,6,Visual,,5,4,5,4,N (OCT C),"8/10 inspections saw coho (7 counts). Peak survey was not conducted due to early end to survey period (last survey Oct. 11). Numerical estimate seems fair, classification 4 fair due to adequate number of surveys, but incomplete coverage of spawning period.","The coho estimate is for the lower 6 km of river. Coho do go beyond 6km, above the cascade and also up a major tributary (confluence about 3+km up from mouth) that flows into the Foch River from the north. Coho spawning area and habitat is thought to be limited in both areas, although limited assessment has been done to date.",,10,Walk / Float,
foch_ck,6,douglas_ursula_devastation_channels,2007,,250,250,6,Visual,,5,5,5,4,Y (OCT C),"6/12 inspections saw coho. Peak spawning was included in the survey period (peak survey Oct. 27, highest count Sep. 15). Unclear why classification 5 was chosen, recommend classification 4 due to adequate number of surveys and inclusion of peak survey, but lack of detail about estimate generation.",The coho estimate is for the lower 6km of the river. Coho do go beyond a cascade section at 6km and also spawn in a large tributary that flows into the Foch River from the north at about 3Km.,,12,Walk / Float,
foch_ck,6,douglas_ursula_devastation_channels,2008,,200,200,3,Visual,,5,5,5,5,N (OCT),"4/9 inspections saw coho. Peak survey was not conducted due to early end to survey period (last survey Sep. 29, highest count Sep. 15). Numerical estimate seems fair, classification 5 fair due to potentially missed peak survey.",Coho were counted on a regular basis holding in pools in the lower river to 6km. The trib at 6km was not inspected this year but would have expected to find few if any coho in this section even on the last inspection. Coho can carry on through a cascade at 6.5 km through a falls at 7.5km and on to an impassable falls at 9.5km. Coho also spawn in a large trib that flows into the main river from the north at about 3km. The final escapement was based on a peak count and should show a trend as assessment and estimates are similar to previous years (or at least since 2000 when assessment efforts for coho were increased) . ,,9,Walk / Float,
foch_ck,6,douglas_ursula_devastation_channels,2009,,A/P,420,4,Visual,,,6,3,3,Y (OCT C),"6/9 inspections saw coho. Peak timing is unclear, but many years for this stream estimate peak around OCT C (peak survey Oct. 22, highest count Sep. 20). Unclear why A/P designation assigned, recommend AUC for estimate. Recommend classification 3 due to adequate number of surveys and good coverage of spawning period.",,"AUC calculation: RT 55 days; OE 80%; actual counts from Aug. 17, Sep. 10, 20, Oct. 22. Suggests escapement estimate 416.",9,Walk / Float,
foch_ck,6,douglas_ursula_devastation_channels,2010,,A/P,A/P,,Visual,,,6,,6,N (OCT C),"4/6 inspections saw coho. Peak timing is unclear, but many years for this stream estimate peak around OCT C (no peak survey, last survey Sep. 12). A/P designation seems fair due to very early end to survey period.",,,6,Walk / Float,
foch_ck,6,douglas_ursula_devastation_channels,2011,,A/P,A/P,,Visual,,,6,,6,N (OCT C),"3/6 inspections saw coho (2 counts). Peak timing is unclear, but many years for this stream estimate peak around OCT C (no peak survey, last survey Aug. 31). A/P designation seems fair due to very early end to survey period.",,,6,Walk / Float,
foch_ck,6,douglas_ursula_devastation_channels,2012,,A/P,A/P,,Visual,,,6,,6,N (OCT C),"5/6 inspections saw coho. Peak timing is unclear, but many years for this stream estimate peak around OCT C (no peak survey, last survey Sep. 15). A/P designation seems fair due to very early end to survey period.",No dedicated coho inspections were completed this season. The first coho were observed on July 24 and a count of 285 on September 15.,,6,Walk / Float,
foch_ck,6,douglas_ursula_devastation_channels,2013,,485,485,5,Visual,,5,5,5,5,N (OCT C),"5/8 inspections saw coho. Peak survey was not conducted due to early end to survey period (last survey Oct. 16). Numerical estimate seems fair, classification 5 fair due to incomplete coverage of run timing and use of actual count as annual estimate (represents escapement minimum).",Coho were monitored throughout the season as they entered the stream and held in pools. On Octover 16 a helicopter inspection of the entire river was completed and this count was used as the final escapement. Foch River coho timing is usually early with coho arriving in Jul. and the majority of coho holding in pools by early to mid October.,,8,Walk / Float / Heli,
foch_ck,6,douglas_ursula_devastation_channels,2014,,A/P,A/P,,Visual,,,6,,6,N (OCT C),"5/7 inspections saw coho (2 counts). Peak timing is unclear, but many years for this stream estimate peak around OCT C (no peak survey, last survey Sep. 15). A/P designation seems fair due to very early end to survey period.",,,7,Walk / Float,
foch_ck,6,douglas_ursula_devastation_channels,2015,,A/P,A/P,4,Visual,,,6,,6,N (OCT C),"6/8 inspections saw coho. Peak timing is unclear, but many years for this stream estimate peak around OCT C (no peak survey, last survey Sep. 21). A/P designation seems fair due to very early end to survey period.",,,8,Walk / Float,
foch_ck,6,douglas_ursula_devastation_channels,2016,,950,950,6,Visual,,1,4,1,5,N (OCT C),6/9 inspections saw coho. Peak survey was not conducted due to early end to survey period (last survey Oct. 2). Numerical estimate seems fair. Recommend classification 5 due to poor coverage of run timing and use of actual count as annual estimate (represents escapement minimum).,A total of 4 ground inspections and 2 helicopter inpsections were completed for coho. The helicopter inspection on September 14 had a total of 940 coho and on October 2 a count of 950. ,,9,Walk / Float / Heli,
foch_ck,6,douglas_ursula_devastation_channels,2017,,350,350,5,Visual,,5,5,5,5,N (OCT C),"6/9 inspections saw coho (5 counts). Peak survey was not conducted due to early end to survey period (last survey Oct. 5). Numerical estimate seems fair, classification 5 fair due to poor coverage of run timing.",Coho were enumerated through the lower river on ground inspections throughout the season. On October 5 the entire river was inspected by helicopter. At the time of the helicopter inspection a total of 330 coho were counted in the upper river and none in the lower river. It was assumed that the majority of coho were in the river so the count was used as the annual escapement.,,9,Walk / Float / Heli,
foch_ck,6,douglas_ursula_devastation_channels,2018,,430,335,7,Visual,,3,3,3,4,N (OCT C),"7/10 inspections saw coho. Peak survey was not conducted due to early end to survey period (last survey Oct. 15, highest count Oct. 13). Recommend estimate changed to 335 (see AUC Recalculation). Recommend classification 4 due to potentially missed peak survey.",The 2018 coho escapement was derived by entering the individual counts from each inspection into the AUC program using a 100 day RT ( July 29 to Oct 15) and a 90% OE to calculate the final escapement of 430. The upper river which is not accessible from the ground was enumerated twice by helicopter The pink escapement was derived by entering the individual counts from each inspection into the AUC program using a 20 day RT and a 90% OE to calculate the final escapement of 2600.,"Cannot replicate AUC calculation. New AUC parameters: RT 100 days; OE 90%; actual counts from Aug. 11, Sep. 1, 22, 28, Oct. 13, 15.  New AUC suggests escapement estimate 333.",10,Walk / Float / Heli,
foch_ck,6,douglas_ursula_devastation_channels,2019,,No Record,280,,Visual,,,,3,3,Y (OCT C),"No annual estimate in database. 6/11 inspections saw coho. Peak timing is unclear, but many years for this stream estimate peak around OCT C (peak survey Oct. 28, highest count Sep. 2). Recommend AUC calculation for estimate. Recommend classification 3 due to adequate number of surveys and good coverage of spawning period.",,AUC calculation: RT 55 days; OE 80%; actual counts. NOTE: Aug. 12 count had to be entered as 32 for AUC to calculate properly. Suggests escapement estimate 282.,11,Walk / Float / Heli,
foch_ck,6,douglas_ursula_devastation_channels,2020,,765,640,5,Visual,,3,3,3,3,Y (OCT C),5/9 inspections saw coho. Peak spawning was included in the survey period (peak survey Oct. 25). Recommend estimate changed to 640 (see AUC Recalculation). Classification 3 fair due to adequate number of surveys and good coverage of run timing.,The estimate rationale for coho this season was inspecting the lower river on a regular basis and doing actual visual counts. There were 2 inspections of the upper river from the cascades to the falls by helicopter. The individual counts from each inspection was entered into the AUC program using a 62 day RT and a 95 % OE to calculate the final escapement of 765.,"Cannot replicate AUC calculation. New AUC parameters: RT 62 days; OE 95%; actual counts from Aug. 19, Sep. 12, 30, Oct. 2, 25. NOTE: use 100% OE for Oct. 25, only estimate given. New AUC suggests escapement estimate 639.",9,Walk / Float / Heli,
foch_ck,6,douglas_ursula_devastation_channels,2021,,1450,1533,7,Visual,,3,3,3,3,Y (OCT B),12/14 inspections saw coho (10 counts). Peak spawning was included in the survey period (peak survey Oct. 17). Recommend estimate changed to 1535 (see AUC Recalculation). Classification 3 fair due to adequate number of surveys and good coverage of run timing.,The actual counts for coho were entered into AUC program using a 62 RT and 90% OE to calculate the final escapement.,"Cannot replicate AUC calculation. New AUC parameters: RT 62 days; OE 90%; actual counts from Aug. 7, 18, Sep. 16, 17, Oct. 6, 17, 31 New AUC suggests escapement estimate 1533.",14,Walk / Float / Heli,
foch_ck,6,douglas_ursula_devastation_channels,2022,,1390,1480,4,Visual,,3,3,3,3,N (OCT C),8/13 inspections saw coho (7 counts). Peak survey was not conducted due to gap in survey period (Oct. 4 - Nov. 10). Recommend estimate changed to 1480 (see AUC Recalculation). Recommend classification 4 due to potentially missed peak survey.,The coho annual escapement was derived from entering the actual counts from each inspection into the AUC program using a 50 day RT and a 90% OE to calculate the final escapement ,"Cannot replicate AUC calculation. New AUC parameters: RT 50 days; OE 90%; actual counts from Aug. 26, Sep. 18, 30, Oct. 4, Nov. 10. NOTE: use 100% OE for Nov. 10, only estimate given. New AUC suggests escapement estimate 1481.",13,Walk / Float / Heli,
foch_ck,6,douglas_ursula_devastation_channels,2023,,1400,1065,6,Visual,,3,3,3,3,Y (OCT C),"8/12 inspections saw coho (7 counts). Peak spawning was included in the survey period (peak survey Oct. 20, highest count Oct. 7). Recommend estimate changed to 1065 (see AUC Recalculation). Classification 3 fair due to adequate number of surveys and good coverage of run timing.",The coho counts from the 2 ground inspections and the 2 helicopter inspections were entered into the AUC program using 55 day RT and a 95% OE to calculate the final 2023 coho escapement.,"Cannot replicate AUC calculation. New AUC parameters: RT 55 days; OE 95%; actual counts from Aug. 5, 19, Sep. 8, Oct. 2, 7, 20. New AUC suggests escapement estimate 1065.",12,Walk / Float / Heli,
foch_ck,6,douglas_ursula_devastation_channels,2024,,A/P,A/P,,Visual,,,6,,6,N (OCT C),"3/6 inspections saw coho (2 counts). Peak timing is unclear, but many years for this stream estimate peak around OCT C (no peak survey due to early end to survey period, last survey Sep. 14). A/P designation seems appropriate due to very early end to survey period.",,,6,Walk / Float,
green,6,mussel_kynoch,1980,125,B(125),A/P,6,,,,,,,N (OCT A),"No method of obtaining the annual estimate (125) is provided. Since peak is indicated as OCT A and the last survey was completed on 24 Sep, it is unlikely peak spawning was captured. In combination with the low escapement estimate, it may be more appropriate to list A/P instead of a numerical value. ",,,6,,
green,6,mussel_kynoch,1981,200,C(200),200,5,,,,,,,Y (OCT A),"No method of obtaining the annual estimate (200) is provided. It seems there was a survey conducted at peak (2 Oct), therefore a numerical estimate of escapement may be appropriate.",,,5,,
green,6,mussel_kynoch,1982,350,D(350),350,8,,,,,,,Y (OCT A),"No method of obtaining the annual estimate (350) is provided. It seems there was a survey conducted at peak (4 Oct), therefore a numerical estimate may be appropriate. ",,,8,,
green,6,mussel_kynoch,1983,200,C(200),A/P,7,,,,,,,N (OCT A),"No method of obtaining the annual estimate (200) is provided. Since peak is indicated as OCT A and the last survey was completed on 9 Sep, it is unlikely peak spawning was captured. In combination with the low escapement estimate, it may be more appropriate to list A/P instead of a numerical value.",,,7,,
green,6,mussel_kynoch,1984,400,D(400),A/P,4,,,,,,,N (OCT),"No method of obtaining the annual estimate (400) is provided. Since peak is indicated as OCT and the last survey was completed on 7 Sep, it is unlikely peak spawning was captured. In combination with the low escapement estimate, it may be more appropriate to list A/P instead of a numerical value. ",,,4,,
green,6,mussel_kynoch,1985,700,700,700,4,D/F,B,,,,,UNK (SEP),"No method of obtaining the annual estimate (700) is provided. Peak timing is not provided on the SEN. Using the run timing listed in the stream catalogue, peak spawning occurs in SEP. Cannot determine whether or not there was a survey at peak as only the first and last survey dates of the season are provided. Need more information for this year.",,,UNK,,
green,6,mussel_kynoch,1986,250,250,A/P,3,1&2&3,1,,,,,N (OCT),"No method of obtaining the annual estimate (250) is provided. Since peak is indicated as OCT and the last survey was completed on 18 Sep, it is unlikely peak spawning was captured. In combination with the low reliability score, it may be more appropriate to list A/P instead of a numerical value.",,,6,,
green,6,mussel_kynoch,1987,650,650,650,4,1&2,2,,,,,Y (OCT)," The SEN indicates peak spawning in OCT. There was a survey conducted at peak (4 Oct), therefore a numerical estimate may be appropriate, however, the low reliability score should be taken into account. No method of obtaining the annual estimate (650) is provided.",,,7,,
green,6,mussel_kynoch,1988,350,350,350,7,1&2,4,,,,,Y (SEP),"Coho were observed in 6/8 SILs (Aug 5, 12, 18, 25, Sep 22, Oct 9). Peak timing is not provided on the SEN. Using the run timing listed in the stream catalogue, peak spawning occurs in SEP. It seems there was at least one survey conducted at peak (6 Sep, 22 Sep), therefore a numerical estimate may be appropriate. No method of obtaining the annual estimate (350) is provided. ",,,9,,
green,6,mussel_kynoch,1989,875,875,875,5,1&2,4,,,,,Y (SEP),"Peak timing is not provided on the SEN. Using the run timing listed in the stream catalogue, peak spawning occurs in SEP. It seems there was at least one survey conducted at peak (2 Sep, 20 Sep), therefore a numerical estimate may be appropriate. No method of obtaining the annual estimate (875) is provided. ",,,9,,
green,6,mussel_kynoch,1990,575,575,575,5,1&2,4,,,,,Y (SEP),"Peak timing is not provided on the SEN. Using the run timing listed in the stream catalogue, peak spawning occurs in SEP (note that this is before the SEN indicates start of spawning in OCT B). It seems there was at least one survey conducted at peak (1 Sep, 16 Sep), therefore a numerical estimate may be appropriate. No method of obtaining the annual estimate (575) is provided. ",,,11,,
green,6,mussel_kynoch,1991,1300,1300,1300,5,1&2,4,,,,,Y (SEP),"Peak timing is not provided on the SEN. Using the run timing listed in the stream catalogue, peak spawning occurs in SEP (note that this is before the SEN indicates start of spawning in OCT B). It seems there was at least one survey conducted at peak (10 Sep, 20 Sep), therefore a numerical estimate may be appropriate. No method of obtaining the annual estimate (1300) is provided. ",,,11,,
green,6,mussel_kynoch,1992,575,575,575,6,1&2,4,,,,,Y (SEP),"Peak timing is not provided on the SEN. Using the run timing listed in the stream catalogue, peak spawning occurs in SEP (note that this is before the SEN indicates start of spawning in OCT C). It seems there was at least one survey conducted at peak (4 Sep, 20 Sep), therefore a numerical estimate may be appropriate. No method of obtaining the annual estimate (575) is provided. ",,,10,,
green,6,mussel_kynoch,1993,300,300,300,9,1&2,4,,,,,Y (SEP),"Peak timing is not provided on the SEN. Using the run timing listed in the stream catalogue, peak spawning occurs in SEP (note that this is before the SEN indicates start of spawning in OCT C). It seems there was at least one survey conducted at peak (1 Sep, 13 Sep, 25 Sep), therefore a numerical estimate may be appropriate. No method of obtaining the annual estimate (300) is provided. ",,,9,,
green,6,mussel_kynoch,1994,650,650,650,6,1&2,2,,,,,Y (SEP),"No method of obtaining the annual estimate (650) is provided. Peak timing is not provided on the SEN. Using the run timing listed in the stream catalogue, peak spawning occurs in SEP. It seems there was a survey conducted at peak (9 Sep), therefore a numerical estimate may be appropriate, however, the low reliability score should be taken into account. ",,,6,,
green,6,mussel_kynoch,1995,550,550,550,6,1&2,3,,,,,Y (SEP),"No method of obtaining the annual estimate (550) is provided. Peak timing is not provided on the SEN. Using the run timing listed in the stream catalogue, peak spawning occurs in SEP. It seems there was a survey conducted at peak (15 Sep), therefore a numerical estimate may be appropriate.",,,6,,
green,6,mussel_kynoch,1996,400,400,400,4,1&2,2,,,,,Y (SEP),"No method of obtaining the annual estimate (400) is provided. Peak timing is not provided on the SEN. Using the run timing listed in the stream catalogue, peak spawning occurs in SEP. It seems there was at least one survey conducted at peak (4 Sep, 26 Sep), therefore a numerical estimate may be appropriate, however, the low reliability score should be taken into account. ",,,6,,
green,6,mussel_kynoch,1997,350,350,350,4,2,2,,,,,Y (SEP),"No method of obtaining the annual estimate (350) is provided. Peak timing is not provided on the SEN. Using the run timing listed in the stream catalogue, peak spawning occurs in SEP. It seems there was a survey conducted at peak (30 Sep), a numerical estimate may be appropriate, however, the low reliability score should be taken into account.",,,5,,
green,6,mussel_kynoch,1998,1800,1800,1800,3,2,3,,,,,Y (SEP),"The annual estimate (1800) is from fish seen holding in the upper reaches of the system in late Oct. Peak timing is not provided on the SEN. Using the run timing listed in the stream catalogue, peak spawning occurs in SEP (note that this is before the SEN indicates start of spawning in OCT C). It seems there was a survey conducted at peak (15 Sep), therefore a numerical estimate may be appropriate. No method of obtaining the annual estimate is provided, likely ""Expert Opinion"" or potentially ""Peak Live Plus Dead"" would be the best fit. ",Coho estimate from fish seen holding upper half of river in late Oct. ,,6,,
green,6,mussel_kynoch,1999,50,50,A/P,,,,,,,,Y (SEP),"No method of obtaining the annual estimate (50) is provided. Peak timing is not provided on the SEN. Using the run timing listed in the stream catalogue, peak spawning occurs in SEP. It seems there was a survey conducted at peak (16 Sep), therefore a numerical estimate may be appropriate. However, due to the poor showing and lack of comments or reliability provided, it may be more appropriate to list A/P instead of a numerical estimate.",,,6,,
green,6,mussel_kynoch,2000,1100,1100,1100,3,2,3,,,,,Y (SEP),"The annual estimate (1100) is from the upper reaches of the system. Peak timing is not provided on the SEN. Using the run timing listed in the stream catalogue, peak spawning occurs in SEP. It seems there was a survey conducted at peak (10 Sep), therefore a numerical estimate may be appropriate. ",Coho estimate from coho holding upper reaches of system.,,5,,
green,6,mussel_kynoch,2001,1600,1600,1600,8,2,3,,,,,Y (NOV B),"The annual estimate (1600) is reportedly from observations during the start, peak, and end phases of the spawning period. However, surveyors note that there were still coho holding during their final inspection in late Nov. It seems there was a survey conducted at peak (15 Nov), therefore a numerical estimate may be appropriate. ","Estimates for all species from observations at start, peak and end of spawning period. A few coho still holding during last inspection late Nov.",,10,,
green,6,mussel_kynoch,2002,1615,1615,1615,5,2,2,,,,,Y (SEP),"The annual estimate (1615) is from observations during the arrival and start phases of the spawning period. Peak timing is not provided on the SEN. Using the run timing listed in the stream catalogue, peak spawning occurs in SEP. It seems there was at least one survey conducted at peak (6 Sep, 24 Sep), therefore a numerical estimate may be appropriate, however, the low reliability score should be taken into account.",Coho estimate from observations during arrival and start of spawning period.,,8,,
green,6,mussel_kynoch,2003,1150,1150,1150,6,2,3,,,,,Y (SEP),"Peak timing is not provided on the SEN. Using the run timing listed in the stream catalogue, peak spawning occurs in SEP. It seems there was a survey conducted at peak (11 Sep), therefore a numerical estimate may be appropriate. No method of obtaining the annual estimate (1150) is provided. ",,,9,,
green,6,mussel_kynoch,2004,3500,3500,3500,1,"Float (boat), Streamwalk",,,,5,3,Y (NOV A),"Coho were observed in 6/9 SILs (Aug 8, 26, Sep 14, 28, Oct 21, Nov 10). It seems that the annual estimate (3500) was generated as a single-point estimate of Peak from the 21 Oct SIL, matches the Live Adult Coho Estimate. Recommend estimate method is ""Expert Opinion"" as it does not include the adult dead count, estimate classification is ""High Resolution"" due to 6 inspections with counts provided and coverage of peak spawning.",,,9,,
green,6,mussel_kynoch,2005,700,700,700,1,Float (boat),,5,4,5,4,N,"Coho were observed in 2/5 SILs (Sep 6, Oct 2). It seems that the annual estimate (700) was generated as a single-point estimate of ""Peak"" from the 2 Oct SIL, nearly matches the Coho Estimated Escapement (670). There is no estimated timing for peak spawning provided on the SEN, surveyors note in all SILs that inspections occured before active spawning.",,,5,,
green,6,mussel_kynoch,2006,4900,4900,4900,1,"Float (boat), Streamwalk",,5,5,5,5,N,"Coho were observed in 5/7 SILs (Aug 10, 21, Sep 6, 24, Oct 10). It seems that the annual estimate (4900) was generated as a single-point estimate of ""Peak"" from the 10 Oct SIL, matches the Coho Estimated Escapement. Note that this value does not seem to have been expanded to account for Observer Efficiency. Active spawning had reportedly (AnnualEstRationale) not started when last survey was conducted. ","Patrolman Comments:
Observations from arrival off estuary to end for pink and chum;  from change of colour to peak for sockeye;  from arrival through two months of holding in stream for coho. 

Coho - Could only give a 5 class because spawning had not started even on the last inspection. Made an estimate because over 4000 seen twice and the last inspection date of Oct 10 is fairly late, a time when most of the coho should have been in the stream.",,7,,
green,6,mussel_kynoch,2007,500,500,500,1,"Float (boat), Streamwalk",,5,4,5,4,N,"Coho were observed in 5/8 SILs (Aug 17, 29, Sep 11, 26, Oct 12). It seems that the annual estimate (500) was generated as a single-point estimate of ""Peak"" from the 12 Oct SIL, matches the Coho Estimated Escapement. Active spawning had reportedly (AnnualEstRationale) not started when last survey was conducted.",Coho estimate from a number of inspections during arrival to just before start of spawning. ,,8,,
green,6,mussel_kynoch,2008,600,600,600,1,Float (boat),,5,4,5,4,N,"Coho were observed in 4/6 SILs (Aug 16, 29, Sep 13, Oct 12). It seems that the annual estimate (600) was generated as a single-point estimate of ""Peak"" from the 12 Oct SIL, nearly matches the Coho Estimated Escapement (585). There is no estimated timing for peak spawning provided on the SEN, surveyors note in numerous SILs, including the final one, that inspections occured before active spawning.",Coho - Based on highest count on Oct 12th. Estimate should be comparable to past estimates as assessment is similar. ,,6,,
green,6,mussel_kynoch,2009,1850,1850,1850,1,"Float (boat), Streamwalk",,5,5,5,5,N,"Coho were observed in 6/7 SILs (Jul 28, Aug 2, 21, Sep 1, 17, Oct 15). It seems that the annual estimate (1850) was generated as a single-point estimate of ""Peak"" from the 15 Oct SIL, matches the Coho Estimated Escapement. Note that this value does not seem to have been expanded to account for Observer Efficiency. Last survey was conducted when active spawning was beginning. There is no estimated timing for peak spawning provided on the SEN, surveyors note in all SILs that inspections occured before active spawning.",Coho in stream counts from arrival in stream to start of spawning.,,7,,
green,6,mussel_kynoch,2010,875,875,875,2,Float (boat),,5,5,5,5,N,"Coho were observed in 2/5 SILs (Aug 19, Sep 13). It seems that the annual estimate (875) was generated accounting for ""arrival in river in late August and observations until late September"" (AnnualEstRationale), and matches the 13 Sep SIL Coho Estimated Escapement. Note that this value does not seem to have been expanded to account for Observer Efficiency. There is no estimated timing for peak spawning provided on the SEN, surveyors note in all SILs that inspections occured before active spawning.","Coho and sockeye estimate from arrival in river in late August and observations until late September. Unable to find any holding coho through estuary during last inspection. High water levels and poor visibility through late Sept. and through Oct. ruled out observation of holding and spawning salmon. One attempt made but unable to spot any fish other than one coho jumper and a few pinks in a shallow back eddy.

Escapement estimates for all species should be considered a minimum, particularly for coho (estimate for coho was only made because of the good showing). More inspections are required to improve reliability of  estimates.",,5,,
green,6,mussel_kynoch,2011,1030,1030,1030,1,"Float (boat), Streamwalk",,5,5,5,5,N,"Coho were observed in 3/5 SILs (Aug 18, Sep 10, Oct 14). It seems that the annual estimate (1030) was generated as a single-point estimate of Peak from the 14 Oct SIL, matches the Coho Estimated Escapement. Note that this value does not seem to have been expanded to account for Observer Efficiency. Active spawning had reportedly (AnnualEstRationale) not started when last survey was conducted. ","Coho arrival in stream and near start of spawning.

Coho - Estimate useful as an index of escapement.",,5,,
green,6,mussel_kynoch,2012,860,860,860,1,Float (boat),,5,5,5,5,N,"Coho were observed in 5/7 SILs (Aug 4, 21, Sep 10, 17, Oct 15). It seems that the annual estimate (860) was generated as a single-point estimate of Peak from the 17 Sep SIL, matches the Coho Estimated Escapement. Note that this value does not seem to have been expanded to account for Observer Efficiency. Last survey was conducted at start of spawning.","
Coho - Off stream arrival, in stream arrival and start of spawning period for coho.",,7,,
green,6,mussel_kynoch,2013,520,,A/P,,,,,,,,,"No data available. Without a SEN or SILs to review the annual estimate, can only recommend change to A/P.",,,0,,
green,6,mussel_kynoch,2014,930,930,930,1,Float (boat),,5,4,5,4,N,"Coho were observed in 4/5 SILs (Aug 18, Sep 9, 21, 29). It seems that the annual estimate (930) was generated as a single-point estimate of Peak from the 21 Sep SIL, matches the Coho Estimated Escapement.  Note that this value does not seem to have been expanded to account for Observer Efficiency. Active spawning had reportedly (AnnualEstRationale) not started when last survey was conducted.","Off stream arrival, in stream arrival for coho.",,5,,
green,6,mussel_kynoch,2015,NA,A/P,A/P,4,Float (boat),,5,6,5,6,N,"Coho were observed in 3/6 SILs (Aug 14, 21, Sep 11). Likely not a good candidate for numerical estimate due to low resolution data and incomplete survey coverage of run timing. There is no estimated timing for peak spawning provided on the SEN, surveyors note in all SILs that inspections occured before active spawning.",Coho estimate from observation of holding fish in deeper pools throughout river. ,,6,,
green,6,mussel_kynoch,2016,950,950,950,1,Float (boat),,5,3,5,4,N,"Coho were observed in 4/5 SILs (Aug 20, Sep 1, 28, Oct 4). It seems that the annual estimate (950) was generated as a single-point estimate of Peak from the 4 Oct SIL, nearly matches the Coho Estimated Escapement (960). This may be the result of a data entry error or rounding. Active spawning had reportedly (AnnualEstRationale) not started when last survey was conducted. Recommend classification changed to 4 (medium resolution) due to poor survey conditions and missed peak survey.",From observation of coho holding.,,5,,
green,6,mussel_kynoch,2017,NA,N/I,N/I,,,,,,,,,n/a,Not inspected this year.,,0,,
green,6,mussel_kynoch,2018,550,550,550,,"Float (boat), Helicopter",,1,5,5,5,N (OCT C),"Coho were observed in 2/4 SILs (Aug 23, Oct 7). Annual estimate (550) is explained to have been a ""peak count from the inspection done on Oct 7"" (see AnnualEstRationale). The Observed Total from the indicated SIL is 525, and will have been expanded according to an implicit Observer Efficiency of ~95.5% to produce the Coho Annual Estimate of 550. Due to lack of documentation of Adult Dead counts, ""Peak Live Plus Dead"" seems to be an invalid survey method. Recommend method changed to 5 (expert opinion).",The coho escapement is a peak count from the inspection on Oct 7. This compares to other peak counts done at a similar time. Recording a minimum observed escapement was preferred over stating AP.,,4,,
green,6,mussel_kynoch,2019,80,80,A/P,1,"Float (boat), Streamwalk, Helicopter",,,6,5,6,N,"Coho were observed in 2/4* SILs (Aug 15, Sep 8*). It seems that the annual estimate (80) was generated as a single-point estimate of Peak from one of the 8 Sep SILs, matches the Coho Estimated Escapement. Note that there are two different SILs entered for 8 Sep that seem to reflect the same stream survey, but indicate different Coho Observed Totals (Kitasoo indicates 95 while Charter Patrol indicates 80). Note that this value does not seem to have been expanded to account for Observer Efficiency. Recommend estimate be changed to A/P due to basis on a single survey (documented twice with different totals) and poor representation of survey timing (SIL indicates survey took place before active spawning).",,,4*,,
green,6,mussel_kynoch,2020,NA,A/P,A/P,1,"Float (boat), Streamwalk, Helicopter",,,6,5,6,N,Coho were observed in 1/5 SILs (4 Sep). Likely not a good candidate for numerical estimate due to low resolution data and incomplete survey coverage of run timing (SIL indicates survey took place before active spawning).,,,5,,
green,6,mussel_kynoch,2021,2400,2050,2050,3,"Float (boat), Helicopter",,3,3,3,3,N (OCT C),"Coho were observed in 5/7 SILs (Aug 23, Sep 2, Oct 5, 19, Nov 1). AUC seems like a valid method for this year's data, though actual peak spawning seems to have been missed. Was able to replicate the AUC calculation. Recommend changing annual estimate to 2050 as it is the value replicated when the AUC is run as described in Annual Est. Rationale. Note that while there was no inspection in OCT C, there were inspections in OCT B and NOV A.",A total of 3 helicopter inspections were done to enumerate coho. The actual counts from each inspection was entered into the AUC program using a 35 day RT and a 90% OE to calculate the final escapement of 2050.,"2050 (See sheet ""GreenRiver_ACU.2021"")",7,,
green,6,mussel_kynoch,2022,3250,3250,3250,2,"Streamwalk, Helicopter",,3,3,5,4,N (OCT C),"Coho were observed in 4/8 SILs (Sep 13, Oct 3, 16, Nov 2). I was unable to replicate the AUC calculation to confirm the Coho Annual Estimate (3250) for 2022 (see sheet ""GreenRiver_AUC.2022""). I am not convinced the Coho Annual Estimate for 2022 was originally calculated as an AUC. Additionally, surveyors indicate in AnnualEstRationale that the coho estimate is ""the actual count of coho from the 2 inspections."" However, there are 3 SILs for this year with significant counts of coho. It is unclear is this a data-entry error or if there were truly only 2 inspections used to generate the annual estimate. To reflect these differences, recommend changing estimate method to ""Expert Opinion"", classification to ""Medium Resolution"". Note that while there was no inspection in OCT C, there were inspections in OCT B and NOV A.",The coho annual escapement was the actual count of coho from the 2 inspections. Recording the minimum observed escapement was preferred over stating AP.,"Unable to replicate (See sheet ""GreenRiver_AUC.2022"")",8,,
green,6,mussel_kynoch,2023,2050,2400,2400,1,,,1,4,5,4,Y (OCT C),"Coho were observed in 2/6 SILs (Sep 14, Oct 28). It seems that the annual estimate (NuSEDs - 2050; SEN - 2400) was generated as a single-point estimate of Peak from the 28 Oct SIL in which the Coho Estimated Escapement was indicated as 2400. Since there is no documented count of Adult Dead, ""Peak Live Plus Dead"" may not be an appropriate estimate method. Recommend changing estimate method to ""Expert Opinion"".",The coho escapement is an estimate from the 2 helicopter inspections. Recording the minimum observed escapement was preferred over stating AP.,,6,,
green,6,mussel_kynoch,2024,NA***,880,A/P,1,,,5,6,5,6,N (NOV A),"Coho were observed in 1/7 SILs (24 Oct). It seems that annual estimate (880) was generated as a single-point estimate of Peak from the 24 Oct SIL, matchesvthe Coho Observed Total. Note that this value does not seem to have been expanded to account for Observer Efficiency. Note that while there was no inspection in OCT C, there was an inspection in OCT C. Due to basis of the estimate on a single survey that did not occur at peak spawning, recommend changing annual estimate to ""A/P"".",The annual coho escapement is a peak count estimate. Recording the minimum observed escapement in favor of stating Adults Present.,,7,,
hagensborg_slough,8,bella_coola_system,1980,,400,400,,,,,,,5,UNK,No SILs available. Unclear if this figure is included in the Bella Coola River estimate. Recommend classification 5 due to lack of information provided.,,,,,
hagensborg_slough,8,bella_coola_system,1981,,100,100,,,,,,,5,UNK,No SILs available. Unclear if this figure is included in the Bella Coola River estimate. Recommend classification 5 due to lack of information provided.,,,,,
hagensborg_slough,8,bella_coola_system,1982,,30,30,,,,,,,5,UNK,No SILs available. Unclear if this figure is included in the Bella Coola River estimate. Recommend classification 5 due to lack of information provided.,,,,,
hagensborg_slough,8,bella_coola_system,1983,,500,500,,,,,,,5,UNK,No SILs available. Unclear if this figure is included in the Bella Coola River estimate. Recommend classification 5 due to lack of information provided.,,,,,
hagensborg_slough,8,bella_coola_system,1984,,750,750,,,,,,,5,UNK,No SILs available. Unclear if this figure is included in the Bella Coola River estimate. Recommend classification 5 due to lack of information provided.,,,,,
hagensborg_slough,8,bella_coola_system,1985,,75,75,,,,,,,5,UNK,No SILs available. Unclear if this figure is included in the Bella Coola River estimate. Recommend classification 5 due to lack of information provided.,,,,,
hagensborg_slough,8,bella_coola_system,1986,,,,,,,,,,,,No SILs available. No annual estimate generated specific to this stream.,,,,,
hagensborg_slough,8,bella_coola_system,1987,,50,50,,,,,,,5,UNK,No SILs available. Unclear if this figure is included in the Bella Coola River estimate. Recommend classification 5 due to lack of information provided.,,,,,
hagensborg_slough,8,bella_coola_system,1988,,,,,,,,,,,,No SILs available. No annual estimate generated specific to this stream.,,,,,
hagensborg_slough,8,bella_coola_system,1989,,100,100,,,,,,,5,UNK,No SILs available. Unclear if this figure is included in the Bella Coola River estimate. Recommend classification 5 due to lack of information provided.,,,,,
hagensborg_slough,8,bella_coola_system,1990,,,,,,,,,,,,No SILs available. No annual estimate generated specific to this stream.,,,,,
hagensborg_slough,8,bella_coola_system,1991,,,,,,,,,,,,No SILs available. No annual estimate generated specific to this stream.,,,,,
hagensborg_slough,8,bella_coola_system,1992,,,,,,,,,,,,No SILs available. No annual estimate generated specific to this stream.,,,,,
hagensborg_slough,8,bella_coola_system,1993,,,,,,,,,,,,No SILs available. No annual estimate generated specific to this stream.,,,,,
hagensborg_slough,8,bella_coola_system,1994,,,,,,,,,,,,No SILs available. No annual estimate generated specific to this stream.,,,,,
hagensborg_slough,8,bella_coola_system,1995,,,,,,,,,,,,No SILs available. No annual estimate generated specific to this stream.,,,,,
hagensborg_slough,8,bella_coola_system,1996,,,,,,,,,,,,No SILs available. No annual estimate generated specific to this stream.,,,,,
hagensborg_slough,8,bella_coola_system,1997,,,,,,,,,,,,No SILs available. No annual estimate generated specific to this stream.,,,,,
hagensborg_slough,8,bella_coola_system,1998,,,,,,,,,,,,No SILs available. No annual estimate generated specific to this stream. See Annual Est. Rationale for available count data.,"Counts are as follows:
Oct. 8 - 7 live coho
Oct. 10 - 5 live coho
Oct. 22 - 30 live coho
Oct. 29 - 36 live, 12 dead coho
Nov. 3 - 5 live, 12 dead coho
Nov. 27 - 45 live, 8 dead coho
Dec. 4 - 27 live, 43 dead coho
Dec. 9 - 22 live, 127 dead coho
Dec. 15 - 184 live, 60 dead coho.",,10,,
hagensborg_slough,8,bella_coola_system,1999,,,,,,,,,,,,No SILs available. No annual estimate generated specific to this stream.,Escapement figures for this stream are included on the BC16 for Bella Coola River.,,1,,
hagensborg_slough,8,bella_coola_system,2000,,,,,,,,,,,,No SILs available. No annual estimate generated specific to this stream.,Escapement figures for this stream are included on the BC16 for Bella Coola River.,,2,,
hagensborg_slough,8,bella_coola_system,2001,,Blank,A/P,0,Other,4,,,,6,UNK,"Daily spot checks at a fish fence from Oct. 16 - Nov. 5 inclusive. Peak timing unknown, highest count was Nov. 4. Recommend A/P due to lack of clarity regarding operations.",,,21,Spot checks at a Fence.,
hagensborg_slough,8,bella_coola_system,2002,,170,170,7,Visual,4,,,,3,Y (NOV B),"6/7 inspections saw coho. Peak spawning was included in the survey period (peak survey Nov. 11, highest count Nov. 23). AUC may be fair, cannot recalculate without OE and RT values. Recommend classification 3 due to provided reliability estimate.",Coho escapement based on AUC.,Could not recalculate due to missing values.,7,Walk,
hagensborg_slough,8,bella_coola_system,2003,,230,230,,Other,2,,,,4,Y (NOV B),"All seven inspections this season saw coho. Peak spawning was included in the survey period (peak surveys Nov. 13, 14, 16). AUC seems fair, see AUC Recalculation. Recommend classification 4 due to provided reliability estimate.","The coho estimate is included in Bella Coola River estimate (this number is for reference only).  The coho escapement is a combination of fence operations (SAMSS, CCFPA, Snootli) and instream inspections by Charter Patrol, SAMSS, and Nuxalk Fisheries.  The escapement is from an AUC (using 8 d residence from tagging info) + the fence count at the end of the migration (after inspections terminated).  Some fish arrived in mid-December when the fence was pulled.","AUC calculation given matches original estimate. AUC calculated with the following parameters: RT 8 days; OE 80%; coho total counts from all surveys, suggests escapement estimate 233.",7,Other,
hagensborg_slough,8,bella_coola_system,2004,,100,100,2,Visual,,12,5,12,5,Y (NOV B),"Both inspections this season saw coho. Peak spawning was included in the survey period (peak survey Nov. 10). Numerical estimate seems fair, classification 5 seems appropriate.","The fence was initially operated this year, however, with the flood conditions it was ""blown-out"" and is a total loss.   The above estimate is included in/was used to calculate the total coho escapement to the Bella Coola River (the above number is for reference only).  Charter Patrol and Nuxalk Fisheries made instream inspections for coho.  The residence time for coho this year was estimated to be < 11 days.  The coho escapement was the summation of the live + dead (50 + 4) from the first inspection (Nov 10) plus the number live (8) from the second inspection (Nov 22).  There were empty redds noted during the first inspection and when the fence was operated early, fish were present.  Therefore, Charter Patrol estimated another 40 fish that were missed early (and late) in the run.",,2,Walk,
hagensborg_slough,8,bella_coola_system,2005,,20,20,4,Visual,,12,5,12,5,Y (OCT C),"3/4 inspections saw coho. Peak spawning was included in the survey period (peak survey Oct. 24). Numerical estimate may be fair, classification 5 seems appropriate. Candidate for A/P designation.","The above estimate is included in/was used to calculate the total escapement to the Bella Coola River (the above number is for reference only).  Charter Patrol and Nuxalk Fisheries made instream inspections for coho.  The fence was destroyed last year during the flooding and has not been rebuilt. There were 4 inspections for coho this year.  Coho were in the system and spawning early compared to most of the Bella Coola tributaries.  The coho estimate was based on the new fish to the system during each of the inspections (10 + 2 + 2).  However, during the first inspection on October 24, there were a few empty redds.  To account for fish missed early in the spawn, Charter Patrol estimated another 6 fish, for an escapement estimate of 20 for 2005.",,4,Walk,
hagensborg_slough,8,bella_coola_system,2006,,34,34,1,Visual,,12,5,12,5,Y (NOV A),"2/4 inspections saw coho. Peak spawning was included in the survey period (peak survey Nov. 8, highest count Oct. 30). Numerical estimate may be fair, classification 5 seems appropriate.","The above estimate is included in/was used to calculate the total coho escapement to the Bella Coola River (the above number is for reference only).  Charter Patrol and Nuxalk Fisheries made instream inspections for coho.  Ralph Nelson estimated 30 coho based on carcasses, new to the system between walks, and empty redds at the beginning of the inspections.  He did feel that it was highly probable that early coho were missed, as there were kelts present on the first inspection.  Therefore, the final escapement was estimated at 34.  Only the upper reaches were checked so estimate is not for the entire system.",,4,Walk,
hagensborg_slough,8,bella_coola_system,2007,,9,A/P,3,Visual,,5,5,,6,Y (NOV B),"3/4 inspections saw coho. Many years for this stream estimate Peak in NOV B, peak survey may have been Nov. 13. Recommend estimate changed to A/P due to very few spawners seen this season.","The above estimate is included in/was used to calculate the total coho escapement to the Bella Coola River (the above number is for reference only).  Charter Patrol and Nuxalk Fisheries made instream inspections for coho.  Ralph Nelson estimated 8 coho, based on the number live, the new between inspections, the number of carcasses, and unoccupied redds.  He felt there was a high probability of later coho, so an annual escapement of 9 was estimated for 2007.  Since only the upper reaches are inspected (as probably >95% of the spawn), the above estimate is not for the entire stream, only the index area.",,4,Walk,
hagensborg_slough,8,bella_coola_system,2008,,8,A/P,3,Visual,,5,5,,6,Y (NOV B),"1/3 inspections saw coho. Many years for this stream estimate Peak in NOV B, peak survey may have been Nov. 19. Recommend estimate changed to A/P due to very few spawners seen this season.","The above estimate is included in/were used to calculate the total escapement to the Bella Coola River but is recorded here for reference. 
Coho estimate is based on the Nov. 19th count of 3 live and one dead coho. Estimate is for the area inspected which is estimated to represent 95% of the coho spawning area. More coho could have arrived after last inspection.",,3,Walk,
hagensborg_slough,8,bella_coola_system,2009,,A/P,A/P,3,Visual,,,6,,6,N (NOV B),"2/3 inspections saw coho. Many years for this stream estimate peak in NOV B, unlikely that a peak survey was conducted due to early end to survey period (last survey Nov. 4). A/P seems appropriate due to incomplete coverage of run timing. If numerical estimate is desired, recommend 97 (estimated escapement to date listed on final SIL.",Third party information suggest that 200 coho were holding below the spawning area and that spawning continued into the new year.,,3,Walk,
hagensborg_slough,8,bella_coola_system,2010,,40,40,4,Visual,,6,5,6,5,UNK (NOV B),"None of the 4 inspections this season have recorded coho counts. Many years for this stream estimate peak in NOV B, peak survey may have been Nov. 12. Numerical estimate may be fair, classification 5 seems appropriate.","Four inspections for coho were conducted this year by Charter Patrol. No live coho were seen, though new and unattended redds were counted on all but the first inspection. Later spawnings are possible, no inspections after Dec 10th.",,4,Walk,
hagensborg_slough,8,bella_coola_system,2011,,120,120,4,Visual,,3,4,3,4,Y (NOV B),"3/4 inspections saw coho. Peak spawning was included in the survey period (peak survey Nov. 11). AUC may be fair, see AUC Recalculation. Classification 4 may be fair.","Coho estimate is an AUC calculation using the 3 estimates. Given the redd count and comments about predators, a  5 to 6 day residency time was used.","AUC calculated using the following parameters: RT 6 days; OE 80%; actual counts from all surveys with coho observation, suggests escapement estimate 121.",4,Walk,
hagensborg_slough,8,bella_coola_system,2012,,28,28,3,Visual,,6,5,6,5,N (NOV B),"1/3 inspections saw coho. Many years for this stream estimate Peak in NOV B, unlikely that a peak survey was conducted due to gap in the survey period (Nov. 5 - Nov. 21). Numerical estimate may be fair, classification 5 seems appropriate.","Hagensborg Slough was inspected, specifically for coho in the late fall on three occasions, all by Charter Patrolman. Coho were seen on only the first walk (10 seen). Also 14 redds were counted on the second walk and the annual escapement is derived from that. No coho or new redds were seen on the last walk.",,3,Walk,
hagensborg_slough,8,bella_coola_system,2013,,220,220,4,Visual,,5,4,5,4,N (NOV B),"All four inspections this season saw coho. Peak survey was not conducted due to gap in the survey period (Nov. 2 - Nov. 20), highest count was Dec. 3. Numerical estimate seems fair, classification 4 seems appropriate. Candidate for AUC.","This system was only walked 4 times and only for coho, in the late fall. Redds, carcasses and live were counted and combined to form an expert opinion that is the annual estimate.",,4,Walk,
hagensborg_slough,8,bella_coola_system,2014,,30,30,3,Visual,,5,5,5,5,Y (NOV B),"3/4 inspections saw coho. Peak spawning was included in the survey period (peak survey Nov. 14). Numerical estimate seems fair, classification 5 seems appropriate.","There were 4 inspections of this system this year, all were by CP, all were timed to target coho.
Coho were seen 3 times (redds were seen on the other, last walk). The annual estimate is composed largely of a live plus dead count added to an unaccompanied redd count. Later coho (after the last inspection) are thought to be possible, although there probably aren't likely to be  many.",,4,Walk,
hagensborg_slough,8,bella_coola_system,2015,,140,140,4,Visual,,12,4,12,4,Y (DEC A),"2/4 inspections saw live coho. Peak spawning was included in the survey period (peak survey Dec. 4). Numerical estimate seems fair, classification 4 seems appropriate.","Hagensborg Slough was inspected 4 times, specifically for coho, in the fall; all these inspections were by CP.While the full length Slough was not inspected, the spawning length was, and counting spawners is relatively accurate, as opposed to counting holding coho in pools. The 1st 3 walks saw only redds and (once) carcasses; the last counted new live coho at a peak of spawn. The annual coho estimate is a combination of all these observations. The estimate is considered to be quite accurate to the date of the last walk, on December 4, there may however be a few more, later spawners. The date of this last inspection is a few days later than the usual finish of all Bella Coola Valley inspections.",,4,Walk,
hagensborg_slough,8,bella_coola_system,2016,,14,14,3,Visual,,5,4,5,5,Y (NOV B),"1/3 inspections saw coho. Peak spawning was included in the survey period (peak survey Nov. 10). Numerical estimate may be fair, recommend classification 5 due to very low number of coho seen this season. Candidate for A/P designation.","No early-season walks were conducted this year; although 3 later season coho inspections were done. 
Coho were counted twice and fry were noted. The coho estimate is of the usual length of spawn, this is also the usual annually comparable length, though it isn't the full length of the slough. The annual estimate is composed of live plaus dead and redd counts and is an expert opinion.",,3,Walk,
hagensborg_slough,8,bella_coola_system,2017,,62,62,4,Visual,,5,6,5,5,Y (NOV C),"2/4 inspections saw live coho. Peak spawning was included in the survey period (peak survey Nov. 26). Numerical estimate may be fair, recommend classification 5 as classification 6 is not appropriate for numerical estimates.","There were no early-season slough examinations this year; there were 4 later season CP inspections to inspect for coho, specifically. 
Coho were seen live twice, only as carcasses once and redds were counted on each occasion. Hagensborg Slough is enumerated along its potential spawning length; no attempt is made to count holding fish. The annual escapament estimate is a combination of redd and live counts. Predation often kills fish prior to their spawning, then eats fish so thoroughly as to make them difficult or impossible to count. The annual estimate is probably a fairly accurate accounting of successful spawners, save for later arrivals past the end of inspections.
Coho arrivals instream are considerably earlier than their start of spawn (previous experiences) and their end date is unknown (on normal years the last walk date would have been able to define that date, but though spawners were decreasing on tha date, the end date could not be defined accurately).",,4,Walk,
hagensborg_slough,8,bella_coola_system,2018,,22,22,3,Visual,,5,4,5,5,Y (NOV A),"1/3 inspections saw live coho. Peak spawning was included in the survey period (peak survey Nov. 7). Numerical estimate may be fair, recommend classification 5 due to single observation of live coho.","Hagensborg Slough was not inspected for early-season spawning species (pinks and chums); 3 coho inspections (later-season) by CP were conducted.
Coho were seen on 3 inspections and the annual escapement estimate is based on live, dead and redd counts and is an expert opinion.",,3,Walk,
hagensborg_slough,8,bella_coola_system,2019,,48,48,,Visual,,6,6,6,5,Y (NOV C),"2/4 inspections saw live coho. Nov. 22 SIL is indicated as Peak spawning. Numerical estimate may be fair, recommend classification 5 as classification 6 is not appropriate for numerical estimates.","There were no early-season inspections of the Hagensborg Slough this year; 4 later season coho-specific walks were conducted from October on, these were by CP. 
Coho were seen alive only twice but their longevity in the slough was very brief due to more intense predation than even usual. Carcass counts were unreliably low due to complete consumption of all parts, either by bears or scavengers. Bears being shot did improve coho survivaal briefly but not for long and the annual escpament estimate was based almost entirely on redd counts (which has the advantage of more precisely recording spawning successes). The lower portion of the slough was not inspected, which is normal as the coho spawn in the upper sections (where they are inspected). ",,4,Walk,
hagensborg_slough,8,bella_coola_system,2020,,22,22,3,Visual,,5,3,5,5,N (NOV B),"1/3 inspections saw live coho. Peak survey was not conducted due to gap in the survey period (Nov. 3 - Dec. 1). Numerical estimate may be fair, recommend classification 5 due to single observation of live coho.","3 later-season inspections by CP were conducted, specific to coho enumerations. Coho were only seen live once and redds were seen twice. The annual escapement estimate is the expert opinion that considers unaccompanied redds, and live and dead and is thought to be reasonably reliable. ",,3,Walk,
hagensborg_slough,8,bella_coola_system,2021,,92,92,3,Visual,,5,4,5,4,N (NOV A),"2/4 inspections saw coho. Peak survey was not conducted due to gap in the survey period (Oct. 23 - Nov. 11, highest count Nov. 26). Numerical estimate may be fair, classification 4 may be appropriate.","Coho were counted 3 times. The annual escapement estimate is based heavily on a redd count, supplemented by live plus dead observations. Intense predation makes the estimate difficult and makes the redd counts necessary part of the equation. Reliability is less than otherwise because of the depth and darkness of the headwater pool.",,4,Walk,
hagensborg_slough,8,bella_coola_system,2022,,100,100,3,Visual,,5,4,5,4,Y (NOV C),"1/4 inspections saw live coho. Peak spawning was included in the survey period (peak survey Nov. 30). Numerical estimate may be fair, classification 4 seems appropriate.","4 later examinations by CP were conducted during the fall, specific to coho. Coho were not see on the first inspection and only a carcass was seen on one other. The annual escapeent estiate is an expert opinion based on a combination of unaccompanied redds and live coho, rounded up-- it is thought to be reasonably reliable.",,4,Walk,
hagensborg_slough,8,bella_coola_system,2023,,60,60,3,Visual,,5,5,5,5,Y (DEC A),"2/4 inspections saw live coho. Peak spawning was included in the survey period (peak survey Dec. 7). Numerical estimate may be fair, classification 5 seems appropriate.","4 coho-specific inspections by CP were conducted, however. Coho were seen on 3 walk occasions and the annual escapement estimate is the redd count plus the last walk live count and is thought to be fairly accurate. It should be noted however that the traditional Hagensborg Slough counts do not encompass the whole length of the slough, partly beause traditionally coho spawn in the upper gravel reaches. This year there were proportiontely more spawners than usual in lower sections (~20 coho) because of protractedly lower water levels. In addition, later coho arrivals than the last walk date of December 7 are not unlikely, provided water flows increase in rains or snow-melt.",,4,Walk,
hagensborg_slough,8,bella_coola_system,2024,,26,26,4,Visual,,5,4,5,5,UNK (NOV A),"2/4 inspections saw coho. Peak spawning may have been included in the survey period (peak survey Nov. 3, none observed). Numerical estimate may be fair, recommend classification 5 due to very few live coho seen this season.","This entry concerns only coho: 4 inspections of this stream were conducted by CP in the fall, specific to coho enumeration. Only 3 of these saw coho or their redds. Unaccompanied redds and live plus dead were used ot arrive at the annual escapement estimate entered above. The stream was examined in the usual areas, from the sources streams downstream to Tippies, but not below, as usual. Inspected areas more than covered the best spawning gravels.",,4,Walk,
hartleybay_ck,6,douglas_ursula_devastation_channels,1980,,200,200,,,,,,,5,OCT,"No SILs available. Unclear if surveys were conducted around peak spawning, no inspection dates provided. Numerical estimate may be fair, recommend classification 5 due to lack of information provided.",,,UNK,,
hartleybay_ck,6,douglas_ursula_devastation_channels,1981,,100-300,A/P,,,,,,,6,UNK (OCT),"No SILs available. Unclear if surveys were conducted around peak spawning, no inspection dates provided. No solid numerical estimate given, recommend A/P designation.",,,UNK,,
hartleybay_ck,6,douglas_ursula_devastation_channels,1982,,200,200,,,,,,,5,UNK (OCT),"No SILs available. Unclear if surveys were conducted around peak spawning, no inspection dates provided. Numerical estimate may be fair, recommend classification 5 due to lack of information provided.",,,UNK,,
hartleybay_ck,6,douglas_ursula_devastation_channels,1983,,200,200,,,,,,,5,UNK (OCT),"No SILs available. Unclear if surveys were conducted around peak spawning, no inspection dates provided. Numerical estimate may be fair, recommend classification 5 due to lack of information provided.",,,UNK,,
hartleybay_ck,6,douglas_ursula_devastation_channels,1984,,400,400,,,,,,,5,UNK (OCT),"No SILs available. Unclear if surveys were conducted around peak spawning, no inspection dates provided. Numerical estimate may be fair, recommend classification 5 due to lack of information provided.",,,UNK,,
hartleybay_ck,6,douglas_ursula_devastation_channels,1985,,1500,1500,3,Visual,B,,,,4,Y (OCT B),"No SILs available. Surveys were likely done around peak  (30 inspections between Sep. 8 and Nov. 10). Numerical estimate may be fair, recommend classification 4 due to provided reliability estimate.",,,30,Walk,
hartleybay_ck,6,douglas_ursula_devastation_channels,1986,,800,800,6,Visual,4,,,,5,UNK (OCT B),"No SILs available. Unclear if surveys were conducted around peak spawning, no inspection dates provided. Numerical estimate nay be fair, recommend classification 5 due to lack of information provided.",,,UNK,Walk,
hartleybay_ck,6,douglas_ursula_devastation_channels,1987,,1200,1200,3,Visual,3,,,,5,Y (OCT B),"No SILs available. Peak spawning was included in the survey period (peak survey Oct. 15). Numerical estimate may be appropriate, recommend classification 4 due to provided reliability estimate.",,,5,Walk,
hartleybay_ck,6,douglas_ursula_devastation_channels,1988,,N/O,N/O,,Visual,1,,,,6,N (OCT B),No SILs available. Peak survey was not conducted due to early end to survey period (last survey Oct. 3). N/O seems appropriate.,,,2,Walk,
hartleybay_ck,6,douglas_ursula_devastation_channels,1989,,300,300,,Visual,1,,,,5,Y (OCT B),"No SILs available. Peak spawning was included in the survey period (peak survey Oct. 20). Numerical estimate may be fair, recommend classification 5 due to provided reliability estimate.",,,6,Walk,
hartleybay_ck,6,douglas_ursula_devastation_channels,1990,,UNK,A/P or N/I,,,,,,,6,N (NOV),"No SILs available. Peak timing is unclear, but many years for this stream estimate peak around NOV (no peak survey, last inspection Oct. 18). Unclear whether A/P or N/I is the appropriate estimate.",Estimate made from Band Hatchery Manager - reports received Sep. 13 and Oct. 18.,,2,,
hartleybay_ck,6,douglas_ursula_devastation_channels,1991,,1000,1000,4,Visual,3,,,,4,N (NOV),"No SILs available. Peak timing is unclear, but many years for this stream estimate peak around NOV (no peak survey, last inspection Oct. 28). Numerical estimate may be fair, recommend classification 4 due to provided reliability estimate.","Salmon enumeration figure made available by Danny Reece, Hartley Bay Hatchery manager.",,5,Walk,
hartleybay_ck,6,douglas_ursula_devastation_channels,1992,,2200,2200,,,2,,,,5,Y (NOV),"No SILs available. Peak timing is unclear, but many years for this stream estimate peak around NOV (peak survey Nov. 3). Numerical estimate may be fair, recommend classification 5 due to provided reliability estimate and single survey.",Source of information was Danny Reese from the Hartley Bay Hatchery. The above is all the information that was given.,,,,
hartleybay_ck,6,douglas_ursula_devastation_channels,1993,,1200,1200,,Visual,1,,,,5,,"No SILs available. No survey dates given or estimation of peak. Numerical estimate may be fair, recommend classification 5 due to provided reliability estimate and lack of information available.",Estimate comes from hatchery at Hartley Bay. DFO did not inspect stream.,,,Walk,
hartleybay_ck,6,douglas_ursula_devastation_channels,1994,,-2,A/P,,,,,,,6,,"No SILs available. No survey dates given or estimation of peak. Recommend A/P, comments reference good coho run.",CDP Hatchery on this system reports good coho.,,,,
hartleybay_ck,6,douglas_ursula_devastation_channels,1995,,N/I,N/I,,,,,,,6,,"No SILs available. N/I appropriate, no surveys conducted.",,,,,
hartleybay_ck,6,douglas_ursula_devastation_channels,1996,,42,A/P,,Visual,1,,,,6,N (OCT C),No SILs available. Peak survey was not conducted due to early end to survey period (last survey Sep. 15). Recommend A/P due to poor coverage of run timing and few coho observed.,No coho inspections made this season.,,2,Walk / Float,
hartleybay_ck,6,douglas_ursula_devastation_channels,1997,,UNK,N/I,0,,,,,,6,,"No SILs available. Peak timing is unclear, but many years for this stream estimate peak around NOV (no peak survey, only inspection Sep. 4). Recommend N/I due to single survey very early in season.",,,1,,
hartleybay_ck,6,douglas_ursula_devastation_channels,1998,,175,A/P,1,Visual,1,,,,6,N (OCT C),No SILs available. Peak survey was not conducted due to single survey early in season (Sep. 15). Recommend A/P designation.,"The coho escapement is the actual count, no dedicated coho inspections",,1,Walk,
hartleybay_ck,6,douglas_ursula_devastation_channels,1999,,UNK,A/P,1,Visual,,,,,6,N (NOV),No SILs available. Peak survey was not conducted due to single survey early in season (Sep. 27). Recommend A/P designation.,,,1,Walk,
hartleybay_ck,6,douglas_ursula_devastation_channels,2000,,100,100,2,Visual,3,,,,4,N (OCT C),"No SILs available. Peak survey was not conducted due to gap in survey period (Sep. 20 - Nov. 9). Numerical estimate seems fair, recommend classification 4 due to provided reliability estimate and missed peak survey.",Coho escapement estimate is based on 2 inspections of the entire river.,,3,Walk,
hartleybay_ck,6,douglas_ursula_devastation_channels,2001,,1400,1400,3,Visual,1,,,,5,N (NOV B),"No SILs available. Peak survey was not conducted due to gap in survey period (Sep. 12 - Nov. 28). Numerical estimate seems fair, recommend classification 5 due to provided reliability estimate and missed peak survey.",Hartley Bay hatchery crew estimated the coho run to be 1800. 460 coho were removed.,,3,Walk,
hartleybay_ck,6,douglas_ursula_devastation_channels,2002,,2200,2200,2,Visual,2,,,,5,N (NOV),"No SILs available. Peak survey was not conducted due to gap in survey period (Oct. 31 - Dec. 4). Numerical estimate seems fair, recommend classification 5 due to provided reliability estimate and missed peak survey.",Coho estimate is from the two inspections that I did and the Hartley Bay Hatchery. Another 400 pluss coho were taken for the brood stock. A total of 520000 coho eggs were collected b the hatchery from Hartley Bay Creek. ,,3,Walk,
hartleybay_ck,6,douglas_ursula_devastation_channels,2003,,500,500,2,Visual,1,,,,5,Y (NOV),"No SILs available. Peak spawning was included in the survey period (peak survey Nov. 9). Numerical estimate seems fair, recommend classification 5 due to provided reliability estimate.","Coho escapement estimate comes from the actual counts and the estimate from the hatchery brood stock collection. 320 coho were removed for brood stock, approximately 350000 coho eggs. The 320 is not included in the 500 estimate. Coho counts are as follows: Oct. 1 - 170; Nov. 9 - 241 live, 24 dead",,2,Walk / Float,
hartleybay_ck,6,douglas_ursula_devastation_channels,2004,,800,800,4,Visual,MEDIUM,11,,12,4,Y (OCT C),"All four inspections saw coho. Peak spawning was included in the survey period (peak survey Oct. 22, highest count Nov. 17). Estimate seems to have been generated from the hatchery crew's estimate of 1200 return minus 400 taken for brood stock. Estimate may be fair, recommend classification 4 due to provided reliability estimate.",The coho annual escapement estimate was derived from three inspections of the entire river. Actual counts were used to obtain the total escapement . The hatchery crew estimated a total stock of 1200 coho of which 400 coho were used for brood stock.,,4,Walk / Float,
hartleybay_ck,6,douglas_ursula_devastation_channels,2005,,1600,1600,6,Visual,,5,3,5,3,Y (NOV A),All six inspections saw coho. Peak spawning was included in the survey period (peak survey Nov. 1). Unclear how this estimate was generated. Classification 3 may be fair.,"Coho escapement estimate is based on the actual counts and the hatchery's estimate. Hartley Bay Hatchery removed 523 coho (500,000 eggs) for brood stock collection. Total escapement  would be 1600 spawners plus the 523 coho removed for brood stock-a total of 2100.  The AUC estimate is 2400 for a 15 day RT.  The coho fry are not put back into Hartley Bay Creek but transplanted to other creeks in the area. ",,6,Walk / Float,
hartleybay_ck,6,douglas_ursula_devastation_channels,2006,,220,220,5,Visual,,3,3,3,3,Y (NOV A),6/7 inspections saw coho. Peak spawning was included in the survey period (peak survey Nov. 5). AUC seems appropriate. Classification 3 fair due to adequate number of surveys and good coverage of spawning period.,Coho were enumerated on each inspection of the stream and the actual counts were entered into the AUC program using a 40 day Residency Time and 70 % Observer Efficiency for coho.,AUC calculation given matches.,7,Walk / Float,
hartleybay_ck,6,douglas_ursula_devastation_channels,2007,,230,230,6,Visual,,3,3,3,4,N (NOV A),"6/7 inspections saw coho. Peak survey was not conducted due to gap in survey period (Oct. 21 - Nov. 14). AUC seems appropriate, recommend classification 4 due to potentially missed peak survey.",Coho were enumerated on each inspection of the stream and the actual counts were entered into the AUC program. A 40 day RT and 70 % OE was used for coho. The 230 estimate represents the number of coho that spawned naturally and most of them spawned just below the lake 1.5  km up from the mouth.,AUC calculation given matches.,7,Walk / Float,
hartleybay_ck,6,douglas_ursula_devastation_channels,2008,,1150,1488,6,Visual,,3,3,3,4,Y (NOV A),All six inspections saw coho. Peak spawning was included in the survey period (peak survey Nov. 5). Recommend estimate changed to 1490 (see AUC Recalculation). Recommend classification 4 due to low resolution.,"Coho were enumerated on each inspection of the stream and the actual counts were entered into the AUC program. A 15 day residency and 80 % observer efficiency was used for coho, only the October 14, November 5 and November 26 were used in the AUC calculation as spawning started near mid October.","Could not recalculate given AUC. Using same parameters, new AUC suggests escapement estimate 1488.",6,Walk / Float,
hartleybay_ck,6,douglas_ursula_devastation_channels,2009,,2300,2585,7,Visual,,3,3,3,3,Y (NOV A),All seven inspections saw coho. Peak spawning was included in the survey period (peak survey Nov. 2). Recommend estimate changed to 2585 (see AUC Recalculation). Classification 3 fair due to adequate number of surveys and good coverage of spawning period.,"Coho were enumerated on each inspection of the stream and the actual counts were entered into the AUC program. A 15 day residency time and an 80% observer efficiency (Sept 29, October 14, Nov 2, 13 and 24) was used for coho.","Could not recalculate given AUC. Using same parameters, new AUC suggests escapement estimate 2583",7,Walk / Float,
hartleybay_ck,6,douglas_ursula_devastation_channels,2010,,1350,1250,6,Visual,,3,3,3,4,N (NOV A),7/8 inspections saw coho. Peak survey was not conducted due to gap in survey period (Oct. 29 - Nov. 13). Recommend estimate changed to 1250 (see AUC Recalculation). Recommend classification 4 due to potentially missed peak survey.,Coho were enumerated on each inspection of the stream and the actual counts were entered into the AUC program using a 15 day residency time and 80% observer efficiency.,"Could not recalculate given AUC. Best match: RT 15 days; OE 80%; actual counts from Sep. 1, 21, Oct. 10, 29, Nov. 13, Dec. 8. Suggests escapement estimate 1248.",8,Walk / Float,
hartleybay_ck,6,douglas_ursula_devastation_channels,2011,,980,980,6,Visual,,3,3,3,4,Y (OCT C),All six inspections saw coho. Peak spawning was included in the survey period (peak survey Oct. 28). Check AUC calculation. Classification 4 fair due to low resolution.,Six inspections were completed to enumerate coho salmon this season. The information collected from the inspections on October 5 to November 17 was entered into the AUC program using a 15 day Residency Time and 80% Observer Efficiency (spawning fish only).,AUC calculation given matches.,6,Walk / Float,
hartleybay_ck,6,douglas_ursula_devastation_channels,2012,,1250,1250,7,Visual,,3,3,3,3,Y (NOV C),7/8 inspections saw coho. Peak spawning was included in the survey period (peak survey Nov. 25). Check AUC calculation. Classification 3 fair due to adequate number of surveys and good coverage of spawning period.,Seven inspections were completed to enumerate coho salmon this season. The information collected from the inspections was entered into the AUC program using a 20 day RT and a 90% OE.,AUC calculation given matches.,8,Walk / Float,
hartleybay_ck,6,douglas_ursula_devastation_channels,2013,,1340,1100,8,Visual,,3,6,3,4,N (NOV A),"8/10 inspections saw coho. Peak survey was not conducted due to gap in survey period (Oct. 24 - Nov. 11, highest count Oct. 24). Check AUC calculation. Recommend classification 4 due to potentially missed peak survey.",8 inspections were completed to enumerate coho salmon this season. The information collected from the inspections was entered into the AUC probram using a 15 day RT and a 90% OE. The 15 day RT was for spawning coho only.,"Could not recalculate given AUC. Using same parameters, new AUC suggests escapement estimate 1097.",10,Walk / Float,
hartleybay_ck,6,douglas_ursula_devastation_channels,2014,,1130,1130,4,Visual,,3,3,3,4,Y (NOV A),"4/5 inspections saw coho. Peak survey was not conducted due to early end to survey period, but Oct. 29 inspection may represent peak. AUC may be appropriate, recommend classification 4 due to low resolution and potentially missed peak survey.",The November coho number of 300 - 500 was reported by the Hartley Bay Hatchery and entered into the AUC program. A total of 327 coho were removed from the river for hatchery brood stock giving a total return of 1460.,Cannot verify AUC due to lack of detail in description. Given estimate may be fair.,5,Walk / Float,
hartleybay_ck,6,douglas_ursula_devastation_channels,2015,,A/P,A/P,4,Visual,,,6,,6,N (NOV A),"5/7 inspections saw coho. Peak timing is unclear, but many years for this stream estimate peak around NOV A (no peak survey, last survey Oct. 16 marked as before start of spawning). A/P designation likely fair due to very early end to survey period.",,,7,Walk / Float,
hartleybay_ck,6,douglas_ursula_devastation_channels,2016,,400,400,4,Visual,,3,4,3,4,Y (OCT C),"All four inspections saw coho. Peak spawning was included in the survey period (peak survey Oct. 26). AUC appropriate, classification 4 fair due to low resolution.",A total of 4 coho inspections were completed to enumerate coho in 2016. The individual counts from each inspection were entered into the AUC program using a 40 day RT and a 80% OE to calculate the final escapement of 400.,AUC calculation given matches.,4,Walk / Float,
hartleybay_ck,6,douglas_ursula_devastation_channels,2017,,A/P,A/P,3,Visual,,,6,,6,Y (NOV A),"All four inspections saw coho. Peak timing is unclear, but many years for this stream estimate peak around NOV A (peak survey Nov. 4). A/P designation may be fair due to low resolution around peak timing.",,,4,Walk / Float,
hartleybay_ck,6,douglas_ursula_devastation_channels,2018,,A/P,A/P,4,Visual,,,6,,6,N (NOV A),"4/6 inspections saw coho. Peak survey was not conducted due to early end to survey period (last survey Oct. 18, marked as start of spawning). A/P designation seems fair due to poor coverage of spawning period.",,,6,Walk / Float,
hartleybay_ck,6,douglas_ursula_devastation_channels,2019,,No Record,A/P,,Visual,,,,,6,N (NOV A),"No annual estimate in database. 4/5 inspections saw coho. Peak timing is unclear, but many years for this stream estimate peak around NOV A (no peak survey, gap between inspections Oct. 26 - Nov. 12). Recommend A/P designation, all counts quite low and no peak survey. ",,,5,Walk / Float,
hartleybay_ck,6,douglas_ursula_devastation_channels,2020,,A/P,A/P,,Visual,,,6,,6,,Coho were not counted on either of the two surveys this season (comments on Oct. 13 note one observed coho). A/P designation fair.,,,2,Walk / Float,
hartleybay_ck,6,douglas_ursula_devastation_channels,2021,,A/P,A/P,,Visual,,,6,,6,,"1/3 inspections saw coho, marked as before start of spawning. A/P designation fair.",There were no reliable estimates for coho this season.,,3,Walk / Float,
hartleybay_ck,6,douglas_ursula_devastation_channels,2022,,170,170,3,Visual,,3,3,3,4,N (OCT C),"3/4 inspections saw coho. Peak survey was not conducted due to early end to survey period (last survey Oct. 18, marked as start of spawning). AUC appropriate, recommend classification 4 due to low resolution and poor coverage of spawning period.",The annual coho escapement was derived from the actual counts from each inspection . The counts were entered into the AUC program using a 40day RT and a 80% OE to calculate the final escapement. This could also be a 5 under classification. Recording the minimum observed escapement waas preferred over stating AP. Weather turned very foul towards the end of October.,AUC calculation given matches.,4,Walk / Float,
hartleybay_ck,6,douglas_ursula_devastation_channels,2023,,205,205,2,Visual,,5,5,5,5,Y (OCT C),"Both inspections saw coho. Peak survey was not conducted due to gap in survey period, but Nov. 1 inspection may represent peak. Classification 5 fair due to low resolution and potentially missed peak survey.",The 2023 coho escapement  is based on two inspections with the second  the peak of spawning. Recording the minimum escapement was perferred over stating AP.,,2,Walk / Float,
hartleybay_ck,6,douglas_ursula_devastation_channels,2024,,A/P,A/P,,Visual,,,6,,6,,"Only one survey was done this season, no count was provided but coho were marked as present. A/P designation fair.",,,1,Walk / Float,
hugh_ck,6,douglas_ursula_devastation_channels,1980,,100,100,,,,,,,5,N (OCT A),"No Sils available. Peak survey was not conducted due to early end to survey period (last survey Sep. 7). Numerical estimate may be fair, recommend classification 5 due to lack of information provided.",,,4,,
hugh_ck,6,douglas_ursula_devastation_channels,1981,,200,A/P,,,,,,,6,N (OCT),No SILs available. Peak survey was not conducted due to early end to survey period (last survey Sep. 1). Recommend estimate changed to A/P due to incomplete coverage of run timing.,,,4,,
hugh_ck,6,douglas_ursula_devastation_channels,1982,,200,200,,,,,,,5,N (OCT),"No SILs available. Peak survey was not conducted due to early end to survey period (last survey Sep. 14). Numerical estimate may be fair, recommend classification 5 due to lack of information available.",,,3,,
hugh_ck,6,douglas_ursula_devastation_channels,1983,,200,A/P,,,,,,,6,N (OCT),No SILs available. Peak survey was not conducted due to early end to survey period (last survey Aug. 21). Recommend A/P designation due to incomplete coverage of run timing.,,,2,,
hugh_ck,6,douglas_ursula_devastation_channels,1984,,250,250,,,,,,,5,UNK(OCT),"No SILs available. Unclear if surveys were conducted around peak, no dates provided. Numerical estimate may be fair, recommend classification 5 due to lack of information available.",,,UNK,,
hugh_ck,6,douglas_ursula_devastation_channels,1985,,200,200,1,Visual,C,,,,5,N (OCT),"Two different SENs available for this year. No SILs available. I have chosen to report the estimate of 200 due to the survey period aligning slightly better with spawn timing. Peak survey was not conducted due to early end to survey period (last survey Sep. 29). Numerical estimate may be fair, recommend classification 5 due to provided reliability estimate and uncertainty around true estimate. Alternate estimate A/P.",,,2,Walk / Plane,
hugh_ck,6,douglas_ursula_devastation_channels,1986,,500,500,2,Visual,3,,,,4,N (OCT),"No SILs available. Peak survey was not conducted due to early end to survey period (last survey Sep. 27). Numerical estimate may be fair, recommend classification 4 due to provided reliability estimate.",,,4,Walk,
hugh_ck,6,douglas_ursula_devastation_channels,1987,,200,200,4,Visual,2,,,,5,Y (SEP C),"No SILs available. Peak spawning was included in the survey period (peak survey Sep. 23). Numerical estimate may be fair, recommend classification 5 due to provided reliability estimate.",,,9,Walk,
hugh_ck,6,douglas_ursula_devastation_channels,1988,,200,200,4,Visual,4,,,,3,Y (SEP C),"No SILs available. Peak spawning was included in the survey period (peak survey Sep. 22). Numerical estimate may be fair, recommend classification 3 due to provided reliability estimate.",,,4,Walk,
hugh_ck,6,douglas_ursula_devastation_channels,1989,,100,A/P,,Visual,2,,,,6,N (NOV),No SILs available. Peak survey was not conducted due to early end to survey period (last survey Sep. 14). Recommend A/P designation due to very early final survey.,,,4,Walk,
hugh_ck,6,douglas_ursula_devastation_channels,1990,,UNK,A/P,3,Visual,1,,,,6,Y (OCT),"No SILs available. Peak timing is unclear, but many years for this stream estimate peak in OCT (peak survey Oct. 21). Recommend A/P designation, no numerical estimate but coho observed 3 times.",,,7,Walk,
hugh_ck,6,douglas_ursula_devastation_channels,1991,,100,100,2,Visual,1,,,,5,N (OCT),"No SILs available. Peak timing is unclear, but many years for this stream estimate peak in OCT (no peak survey, last survey Sep. 21). Numerical estimate may be fair, recommend classification 5 due to provided reliability estimate and incomplete coverage of run timing.",,,5,Walk,
hugh_ck,6,douglas_ursula_devastation_channels,1992,,150,150,1,Visual,1,,,,5,N (OCT),"No SILs available. Peak timing is unclear, but many years for this stream estimate peak in OCT (no peak survey, last survey Sep. 13). Numerical estimate may be fair, recommend classification 5 due to provided reliability estimate and incomplete coverage of run timing.",,,5,Walk,
hugh_ck,6,douglas_ursula_devastation_channels,1993,,120,120,2,Visual,1,,,,5,Y (OCT),"No SILs available. Peak timing is unclear, but many years for this stream estimate peak in OCT (peak survey Oct. 14). Numerical estimate may be fair, recommend classification 5 due to provided reliability estimate.",,,5,Walk,
hugh_ck,6,douglas_ursula_devastation_channels,1994,,425,425,,Visual,2,,,,5,Y (OCT),"No SILs available. Peak spawning was included in the survey period (peak survey Oct. 5). Numerical estimate may be fair, recommend classification 5 due to provided reliability estimate.",,,4,Walk,
hugh_ck,6,douglas_ursula_devastation_channels,1995,,4,N/I,,Visual,2,,,,6,N (OCT),"No SILs available. Peak survey was not conducted due to early end to survey period (last survey Aug. 27). Recommend estimate changed to N/I, unclear if any coho were seen.",No coho inspections made this season.,,2,Walk,
hugh_ck,6,douglas_ursula_devastation_channels,1996,,25,A/P,,Visual,1,,,,6,N (OCT),No SILs available. Peak survey was not conducted due to early end to survey period (last survey Aug. 25). Recommend estimate changed to A/P due to incomplete coverage of run timing.,No coho inspections made this season.,,3,Walk,
hugh_ck,6,douglas_ursula_devastation_channels,1997,,UNK,A/P,,,,,,,6,N (UNK),No SILs available. Peak survey was not conducted due to early end to survey period (last survey Sep. 1). Recommend estimate changed to A/P due to incomplete coverage of run timing.,"Only observed a couple of coho, should have been inspected later in the season.",,3,,
hugh_ck,6,douglas_ursula_devastation_channels,1998,,N/I,N/I,,,,,,,6,,"No SILs available. N/I appropriate, only one survey conducted very early in season (Aug. 25).",No coho inspections done this season.,,1,,
hugh_ck,6,douglas_ursula_devastation_channels,1999,,20,A/P,1,Visual,1,,,,6,N (OCT B),No SILs available. Peak survey was not conducted due to early end to survey period (last survey Sep. 2). Recommend estimate changed to A/P due to incomplete coverage of run timing.,,,2,Walk,
hugh_ck,6,douglas_ursula_devastation_channels,2000,,600,600,3,Visual,3,,,,4,Y (NOV A),"No SILs available. Peak spawning was included in the survey period (peak survey Nov. 6). Numerical estimate seems fair, recommend classification 4 due to provided reliability estimate.","An extra effort was placed on Hugh Creek to determine the coho escapement. The entire river was walked three times throughout the coho run. The last inspection was on Nov. 6, at the time no new fish were observed in the lower river. Coho counts are as follows: Sep. 2 - 30; Oct. 14 - 282 (est. 300); Nov. 6 - 414 (est. 450), total to date estimated 600.",,4,Walk,
hugh_ck,6,douglas_ursula_devastation_channels,2001,,1200,1200,4,Visual,3,,,,4,N (NOV B),"No SILs available. Peak survey was not conducted due to gap in survey period (Nov. 6 - Nov. 21). Numerical estimate seems fair, recommend classification 4 due to provided reliability estimate.",Coho escapement based on regular inspections. This river was selected for coho enumeration. Actual counts were used to determine escapement and the percentage of new fish was added to the totals.,,8,Walk,
hugh_ck,6,douglas_ursula_devastation_channels,2002,,1000,1140,5,Visual,3,,,3,4,Y (OCT C),"No SILs available. Peak spawning was included in the survey period (peak survey Oct. 22). Recommend AUC (50 day RT) for estimate, no counts or SILs provided so cannot verify calculation. Recommend classification 4 due to provided reliability estimate.",Coho escapement was derived from the actual counts done regularly throughout the spawning season. The subjective estimate is 1000 coho. The AUC estimate using 80% observer efficiency with 30 and then 50 day residency time is 1896 and 1138 respectively. Actual residence time estimate 50 days. Peak count was 858 coho. ,"Could not verify AUC, no counts or SILs available.",11,Walk,
hugh_ck,6,douglas_ursula_devastation_channels,2003,,800,1015,6,Visual,2,,,3,4,Y (NOV A),"No SILs available. Peak spawning was included in the survey period (peak survey Nov. 2). Recommend AUC (50 day RT) for estimate, no counts or SILs provided so cannot verify calculation. Recommend classification 4 due to provided reliability estimate.","Final coho escapement was calculated from regular inspections throughout the spawning season. The subjective estimate is 800 coho. The AUC estimate using 80% observer efficiency and 20, 30, and 50 residency time is 2530, 1687, and 1012. Actual residency time estimated 50 days. The peak count was 673 adult coho. ","Could not verify AUC, no counts or SILs available.",9,Walk / Float,
hugh_ck,6,douglas_ursula_devastation_channels,2004,,950,950,4,Visual,HIGH,11,,3,4,N (OCT C),"4/8 inspections saw coho. Peak survey was not conducted due to gap in survey period (Oct. 15 - Nov. 13, highest count Oct. 15). AUC fair, recommend classification 4 due to potentially missed peak survey and low resolution.",The coho annual escapement estimate was derived from the four inspections of the entire stream. The actual counts were used up until the peak count and then the percentage of new fish was added after the peak. The AUC estimate using 50 day residency time and 80% observer efficiency = 948 coho.,AUC calculation given matches.,8,Walk,
hugh_ck,6,douglas_ursula_devastation_channels,2005,,1500,2350,5,Visual,,5,4,3,3,Y (NOV A),"8/9 inspections saw coho (7 counts). Peak survey was not conducted due to gap in survey period (Oct. 30 - Nov. 14), but Oct. 30 may represent peak. Recommend AUC calculation for estimate. Recommend classification 3 due to adequate number of surveys and good coverage of spawning period."," The AUC at 40 day RT with 80% observer efficiency was 2359 coho, but I did not feel the coho escapement was this high. The RT may be slightly higher than 40 days or my estimate may be low or a combination of both.",AUC calculation given matches.,9,Walk / Float,
hugh_ck,6,douglas_ursula_devastation_channels,2006,,920,920,9,Visual,,3,3,3,3,Y (NOV A),"9/11 inspections saw coho. Peak survey was not conducted due to gap in survey period (Oct. 31 - Nov. 11), but Oct. 31 may represent peak. AUC fair, classification 3 fair due to adequate number of surveys and good coverage of spawning period.","Coho were enumerated on a regular basis through the spawning season ( Note: a canoe is used when enumerating coho, it is particularly useful to move coho holding in pools out into an area where they can be counted). The individual counts were entered into the AUC program to calculate the final escapement. A 50 day Residency Time and 90% Observer Efficiency was used for coho. Note:  after careful consideration the Observer Efficiency percentage was changed from the usual 80% to 90% based on assessment technique and general geography of the stream. To properly compare escapements from past years to this year may require that the observer efficiency for those be changed as well.",AUC calculation given matches.,11,Walk / Float,
hugh_ck,6,douglas_ursula_devastation_channels,2007,,850,850,5,Visual,,3,3,3,3,Y (NOV A),"5/10 inspections saw coho. Peak spawning was included in survey period (peak survey Nov. 8, highest count Oct. 19). AUC fair, classification 3 fair due to adequate number of surveys and good coverage of spawning period.", Coho were enumerated on a regular basis through the spawning season. The individual counts were entered into the AUC program to calculate the final escapement. A 50 day RT and 90% OE = 848 was used for coho. Patrolman's estimate was 800.,AUC calculation given matches.,10,Walk / Float,
hugh_ck,6,douglas_ursula_devastation_channels,2008,,400,400,7,Visual,,3,3,3,4,N (NOV A),"7/9 inspections saw coho. Peak survey as not conducted due to gap in survey period (Oct. 27 - Nov. 18, highest count Oct. 11). AUC fair, recommend classification 4 due to potentially missed peak survey.","Coho were enumerated on a regular basis through the spawning season, a total of seven complete inspections . The individual counts were entered into the AUC program to calculate the final escapement. A 50 day residence and 90% observer efficiency was used for coho.",AUC calculation given matches.,9,Walk / Float,
hugh_ck,6,douglas_ursula_devastation_channels,2009,,1580,1580,8,Visual,,3,3,3,4,N (NOV A),"8/10 inspections saw coho. Peak survey was not conducted due to gap in survey period (Oct. 20 - Nov. 22). AUC fair, recommend classification 4 due to potentially missed peak survey.","Coho were enumerated on a regular basis through the spawning season. The four counts from Aug 31 to Oct 20 were entered into the AUC program to calculate the final escapement with a 45 day residency time and 90% observer efficiency = 1450 coho. The  counts from July 23, 30th and Aug 23 were not used because of the low counts. October 15 was an estimate of the time for the first carcass as there were a few carcasses on the October 20 inspection. Another 130 coho were counted Nov. 22 and was added to the 1450 to calculate the estimate of 1580. The last inspection on November 22 was not entered into the AUC calculator because the calculator would not add it on. The residency time after Oct 20 was much shorter than for the period previous and the 130 coho were so fresh it was obvious they had entered the system after Oct 20. ",AUC calculation given matches.,10,Walk / Float,
hugh_ck,6,douglas_ursula_devastation_channels,2010,,460,460,6,Visual,,3,3,3,3,Y (NOV A),"7/10 inspections saw coho (6 counts). Peak spawning was included in the survey period (peak survey Nov. 8, highest count Oct. 22). AUC fair, classification 3 fair due to adequate number of surveys and good coverage of spawning period.",Coho were inspected on a regular basis through the fall. The actual counts were entered into the AUC program using a 70 day residency time and 90% observer efficiency to calculate the final escapement. Residency Time was figured from the first coho observed in the stream to an estimate of the first die-off from the first spawning coho observed. This is the second lowest escapement estimate since the comprehensive assessment program started in 2000.,AUC calculation given matches.,10,Walk / Float,
hugh_ck,6,douglas_ursula_devastation_channels,2011,,600,600,5,Visual,,3,3,3,4,Y (OCT C),"6/10 inspections saw coho (5 counts). Peak spawning was included in the survey period (peak survey Oct. 25). AUC fair, recommend classification 4 due to low resolution (only 4 counts used).",Information collected from five inspections was entered into the AUC program using a 65 day Residency Time and a 90% Observer Efficiency to calculate the final Coho escapement. First coho observed August 6 and estimating the first die-off near mid-October.,AUC calculation given matches.,10,Walk / Float,
hugh_ck,6,douglas_ursula_devastation_channels,2012,,385,385,6,Visual,,3,3,3,4,Y (NOV C),"7/8 inspections saw coho (6 counts). Peak survey was not conducted due to early end to survey period (last survey Nov. 10, highest count Oct. 19). NOV C is an especially late peak estimate, Oct. 19 survey may represent peak. AUC fair, recommend classification 4 due to potentially missed peak survey.",For Coho the information collected from six inspections was entered into the AUC program using an 83 day RT and a 95% OE to calculate the final escapement.,AUC calculation given matches (374).,8,Walk / Float,
hugh_ck,6,douglas_ursula_devastation_channels,2013,,440,440,5,,,3,4,3,3,Y (OCT C),"No SILs available. Peak spawning was included in the survey period (peak survey Oct. 22). AUC seems fair, recommend classification 3 due to adequate number of surveys and good coverage of spawning period.",For coho the information collected from 6 inspections was entered into the AUC program using a 50 day RT and 90% OE to calculate the final escapement.,"Could not verify AUC, no counts or SILs available.",8,,
hugh_ck,6,douglas_ursula_devastation_channels,2014,,965,965,4,Visual,,3,2,3,4,N (NOV A),"4/6 inspections saw coho (3 counts). Peak survey was not conducted due to early end to survey period (last survey Oct. 25, highest count Oct. 8). AUC fair, recommend classification 4 due to low resolution and incomplete coverage of run timing.",There were 4 inspections completed for coho in 2014. The information collected was entered into the AUC program using a 50 day RT and a 90 % OE to calculate the final escapement of 965.,AUC calculation given matches.,6,Walk / Float,
hugh_ck,6,douglas_ursula_devastation_channels,2015,,1000,1000,7,Visual,,3,3,3,3,Y (OCT C),"7/8 inspections saw coho (6 counts). Peak timing is unclear, but many years for this stream estimate peak around OCT C or NOV A (peak survey Oct. 27, highest count Oct. 5). AUC fair, classification 3 fair due to adequate number of surveys and good coverage of spawning period.",There were 7 coho inspections done in the 2015 season. The actual counts collected from each inspection was entered into the AUC program using a 48 day RT and a 90% OE to calculate the final escapement of 990. The 48 day residence timing represents the total run timing from first arrival to end.,AUC calculation given matches.,8,Walk / Float,
hugh_ck,6,douglas_ursula_devastation_channels,2016,,755,700,2,Visual,,1,4,1,4,N (OCT C),2/5 inspections saw coho. Peak survey was not conducted due to early end to survey period (last survey Oct. 16). AUC not appropriate due to too few surveys. Recommend estimate changed to 700 (based on observed total from final SIL). Recommend classification 4 due to low resolution and missed peak survey.,There were 3 inspections completed to enumerate coho in 2016.The individual counts were entered into the AUC program using a 45 day RT and a 90% OE to calculate the final escapement of 755. ,,5,Walk / Float,
hugh_ck,6,douglas_ursula_devastation_channels,2017,,525,525,3,Visual,,3,3,3,4,Y (OCT C),"3/7 inspections saw coho. Peak timing is unclear, but many years for this stream estimate peak around OCT C or NOV A (peak survey Oct. 29, highest count Oct. 2). AUC fair, recommend classification 4 due to low resolution.",3 good inspections were completed to enumerate coho in 2017. The actual counts from each inspections was entered into the AUC using a 40 day RT and a 80% OE to calculate the final escapement.,AUC calculation given matches.,7,Walk / Float,
hugh_ck,6,douglas_ursula_devastation_channels,2018,,200,200,2,Visual,,1,4,1,4,N (NOV A),"2/6 inspections saw coho. Peak survey was not conducted due to early end to survey period (last survey Oct. 14). Numerical estimate seems fair, classification 4 fair due to low resolution and incomplete coverage of run timing.",The final coho escapement was a peak count from the inspection on October 14. This date is comparable to other years with peak counts at the same timing.,,6,Walk / Float,
hugh_ck,6,douglas_ursula_devastation_channels,2019,,No Record,325,,Visual,,,,1,4,N (OCT C),"No annual estimate in database. 4/6 inspections saw coho. Peak timing is unclear, but many years for this stream estimate peak around OCT C or NOV A (no peak survey, last survey Oct. 14). Recommend estimate 325, represents estimated escapement to date listed on final SIL. Recommend classification 4 due to early end to survey period.",,,6,Walk / Float,
hugh_ck,6,douglas_ursula_devastation_channels,2020,,330,330,4,Visual,,3,3,3,4,N (OCT C),"4/7 inspections saw coho. Peak timing is unclear, but many years for this stream estimate peak around OCT C or NOV A (no peak survey, last survey Oct. 18). AUC fair, recommend classification 4 due to low resolution and incomplete coverage of run timing.",The annual coho estimate is based on the regular ground inspections though the season. The actual count from each inspection was entered into the AUC program using a 65 day RT and a 90% OE to calculate the final coho escapement of 330.,AUC calculation given matches.,7,Walk / Float,
hugh_ck,6,douglas_ursula_devastation_channels,2021,,640,640,3,Visual,,3,3,3,4,N (OCT C),"3/6 inspections saw coho. Peak timing is unclear, but many years for this stream estimate peak around OCT C or NOV A (no peak survey, last survey Oct. 16). AUC fair, recommend classification 4 due to low resolution and incomplete coverage of run timing.",The final escapement for coho was derived by entering the actual counts from each inspection into the AUC program using a 55 day RT and a 90% OE to calculate the final escapement.,AUC calculation given matches.,6,Walk / Float,
hugh_ck,6,douglas_ursula_devastation_channels,2022,,450,450,4,Visual,,3,6,3,4,Y (OCT C),"4/7 inspections saw coho. Peak spawning was included in survey period (peak survey Oct. 22, highest count Oct. 2). AUC fair, recommend classification 4 due to low resolution.",The coho annual escapement estimate was derived from the actual counts on each inspection entered into the AUC program using a 65day RT and a 95%OE. ,AUC calculation given matches (463).,7,Walk / Float,
hugh_ck,6,douglas_ursula_devastation_channels,2023,,N/I,N/I,,Visual,,,6,,6,,"N/I appropriate. No coho observed, last survey Sep. 10.",,,4,Walk,
hugh_ck,6,douglas_ursula_devastation_channels,2024,,N/I,N/I,,Visual,,,6,,6,,"N/I appropriate. No coho counted, last survey Aug. 21.",,,2,Walk,
kemano,6,gardner_channel,1980,,4000,4000,,,,,,,5,N (OCT A),"No SILs available. Peak survey was not conducted due to early end to the survey period (last survey Sep. 17). Numerical estimate may be fair, recommend classification 5 due to lack of information available.",,,7,,
kemano,6,gardner_channel,1981,,4000,4000,,,,,,,5,N (OCT A),"No SILs available. Peak survey was not conducted due to early end to the survey period (last survey Sep. 25). Numerical estimate may be fair, recommend classification 5 due to lack of information available. ",,,6,,
kemano,6,gardner_channel,1982,,4000,4000,,,,,,,5,N (OCT),"No SILs available. Peak survey was not conducted due to early end to the survey period (last survey Sep. 16). Numerical estimate may be fair, recommend classification 5 due to lack of information available.",,,5,,
kemano,6,gardner_channel,1983,,4000,4000,,,,,,,5,N (OCT A),"No SILs available. Peak survey was not conducted due to early end to the survey period (last survey Sep. 14). Numerical estimate may be fair, recommend classification 5 due to lack of information available.",,,6,,
kemano,6,gardner_channel,1984,,4000,4000,,,,,,,5,UNK (OCT A),"No SILs available. Unclear if peak survey was conducted, no survey dates provided. Numerical estimate may be fair, recommend classification 5 due to lack of information available.",,,,,
kemano,6,gardner_channel,1985,,3000,3000,1,Visual,C,,,,5,N (OCT),"No SILs available. Peak survey was not conducted due to early end to the survey period (last survey Sep. 20). Numerical estimate may be fair, recommend classification 5 due to lack of information available.",,,4,Walk / Float,
kemano,6,gardner_channel,1986,,5000,5000,3,Visual,3,,,,4,N (OCT),"No SILs available. Peak survey was not conducted due to early end to the survey period (last survey Sep. 14). Numerical estimate may be fair, recommend classification 4 due to provided reliability estimate.",,,6,Walk / Float / Plane / Strip Count,
kemano,6,gardner_channel,1987,,1000,1000,3,Visual,2,,,,5,N (OCT),"No SILs available. Peak survey was not conducted due to early end to the survey period (last survey Sep. 8). Numerical estimate may be fair, recommend classification 5 due to provided reliability estimate.",,,6,Walk / Float / Plane,
kemano,6,gardner_channel,1988,,4000,4000,,Visual,2,,,,5,N (OCT),"No SILs available. Peak survey was not conducted due to early end to the survey period (last survey Sep. 7). Numerical estimate may be fair, recommend classification 5 due to provided reliability estimate.",,,6,Walk / Float / Plane,
kemano,6,gardner_channel,1989,,4000,4000,,Visual,2,,,,5,Y (OCT),"No SILs available. Peak spawning was included in the survey period (peak survey Oct. 17). Numerical estimate may be fair, recommend classification 5 due to provided reliability estimate.",,,6,Walk / Float / Heli,
kemano,6,gardner_channel,1990,,N/I,N/I,,,,,,,6,N (NOV),"No SILs available. Peak survey was likely not conducted due to early end to the survey period, most years estimate peak in NOV (last survey Aug. 27). N/I seems appropriate.",,,8,,
kemano,6,gardner_channel,1991,,2000,2000,,Visual,2,,,,5,UNK,"No SILs available. Unclear if peak survey was conducted, last survey Oct. 4. Numerical estimate may be fair, recommend classification 5 due to provided reliability estimate.",,,10,Walk / Float,
kemano,6,gardner_channel,1992,,1000,1000,1,Visual,2,,,,5,N (NOV),"No SILs available. Peak survey was likely not conducted due to early end to the survey period, most years estimate peak in NOV (last survey Sep. 9). Numerical estimate may be fair, recommend classification 5 due to provided reliability estimate.",,,5,Spot Check,
kemano,6,gardner_channel,1993,,UNK,A/P,2,Visual,,,,,6,UNK,"No SILs available. Unclear if peak survey was conducted, last survey Oct. 5. Recommend A/P designation.",50 coho seen.,,4,Walk / Float,
kemano,6,gardner_channel,1994,,-1,A/P,,,,,,,6,N (OCT),No SILs available. Peak survey was not conducted due to early end to the survey period (last survey Sep. 23). Recommend estimate A/P due to sport fishing report.,No coho inspections made this season. Sports fishing for coho in river was good.,,7,,
kemano,6,gardner_channel,1995,,-6,N/I,,Visual,2,,,,6,N (OCT),"No SILs available. Peak survey was not conducted due to early end to the survey period (last survey Sep. 9). Unclear what is meant by estimate ""-6"", recommend N/I.",,,5,Walk / Float / Heli,
kemano,6,gardner_channel,1996,,UNK,N/I,,Visual,,,,,6,N (NOV),"No SILs available. Peak survey was likely not conducted due to early end to the survey period, most years estimate peak in NOV (last survey Sep. 4). Unclear whether A/P or N/I is the more appropriate estimate, recommend N/I.",,,7,Walk / Float / Heli,
kemano,6,gardner_channel,1997,,UNK,N/I,0,,,,,,6,N (OCT),"No SILs available. Peak survey was not conducted due to early end to the survey period (last survey Sep. 8). Unclear whether A/P or N/I is the more appropriate estimate, recommend N/I.",,,7,,
kemano,6,gardner_channel,1998,,10000,10000,2,Visual,2,,,,4,N (OCT),"No SILs available. Peak survey was not conducted due to early end to the survey period (last survey Sep. 25). Numerical estimate may be fair, recommend classification 4 due to reliability estimate provided.",Comments from the locals about the large run of coho and the estimated count of 4000 on Sep. 26 makes me believe that the escapement for coho is probably 10000 plus.,,9,Walk,
kemano,6,gardner_channel,1999,,UNK,A/P,2,,,,,,6,N (NOV),"No SILs available. Peak spawning was likely not included in the survey period, most years estimate peak in NOV (last survey Oct. 1). Recommend A/P designation.","No coho inspections were done this season but the locals were reporting a good run. The sports fishing charter vessel ""Smuggler"" fished the river throughout the fall.",,7,,
kemano,6,gardner_channel,2000,,UNK,A/P,2,Visual,,,,,6,Y (NOV),No SILs available. Peak spawning was included in the survey period (peak survey Nov. 11). Recommend A/P designation.,"On Nov. 11 a coho count was conducted from a helicopter of the entire river, counting conditions were good. An estimate of 3000 coho was put on the mainstem for that inspection. Tributary streams were not inspected.",,7,Walk / Heli,
kemano,6,gardner_channel,2001,,UNK,A/P,2,,,,,,6,Y (NOV B),No SILs available. Peak spawning was included in the survey period (peak survey Nov. 11). Recommend A/P designation.,"The coho run was very strong this season. The inspection on Sep. 16, large schools of coho were observed holding in the clear backeddies of the mainstem. One of the schools was estimated at 500 coho.",,9,,
kemano,6,gardner_channel,2002,,N/I,N/I,0,,,,,,6,N (NOV),No SILs available. N/I seems fair due to early end to survey period (last survey Oct. 1). Candidate for A/P.,No coho inspections were done this season. Sports fishermen reported a strong run of coho this season.,,7,,
kemano,6,gardner_channel,2003,,UNK,A/P,1,,,,,,6,Y (NOV),"No SILs available. Peak spawning was likely included in the survey period, most years estimate peak in NOV (peak survey Nov. 20). Recommend A/P designation.","A ""Canadian"" helicopter pilot reported large numbers of coho in pools throughout the lower river in early November. The lower river was checked by helicopter on November 24, but only a few small schools were observed.",,8,Heli,
kemano,6,gardner_channel,2004,,-2,A/P,,Visual,,,,,6,UNK,No counts for coho reported this season. Recommend A/P designation.,There were no coho inspections done this season. Highest count for sockeye was 21 and chinook 30.,,9,Walk / Float / Heli,
kemano,6,gardner_channel,2005,,A/P,A/P,0,Visual,,,6,,6,N (NOV),No counts for coho reported this season. A/P seems fair.,No inspections were made for coho.,,4,Walk / Float / Heli,
kemano,6,gardner_channel,2006,,A/P,A/P,,Visual,,,6,,6,UNK,1/6 inspections saw coho. A/P may be fair (highest count 600).,,,6,Walk / Float / Heli,
kemano,6,gardner_channel,2007,,A/P,A/P,,Visual,,,6,,6,UNK,No counts for coho reported this season. A/P seems fair due to river sports fishery report.,"There were no estimates done for sockeye, coho or chinook. The coho run was probably below average going by the river sports fishery.",,7,Walk / Float / Heli,
kemano,6,gardner_channel,2008,,A/P,A/P,,Visual,,,6,,6,UNK,3/7 inspections saw coho. A/P may be fair (highest count 500).,"The coho run was probably below average going by the river sports fishery. On October 30 the lower river, from the mouth to the townsite, was inspected by helicopter. A total of 6 schools of coho were observed for about 600 coho. There were very few coho observed in the tailrace area.",,7,Walk / Float / Heli,
kemano,6,gardner_channel,2009,,A/P,A/P,1,Visual,,,6,,6,UNK,1/7 inspections saw coho. A/P may be fair (highest count 5000).,Highest single count of coho was 5000,,7,Walk / Float / Heli,
kemano,6,gardner_channel,2010,,A/P,A/P,1,Visual,,,6,,6,UNK,1/8 inspections saw coho. A/P may be fair (highest count 2400).,Coho - Kemano not part of the assessment for area because of colored water. Spot check during fueling helicopter found 2400 coho.,,8,Walk / Float / Heli,
kemano,6,gardner_channel,2011,,A/P,7700,1,Visual,,,6,1,5,N (NOV),"1/7 inspections saw coho. Peak survey was likely not conducted, most years estimate peak in NOV (last survey Oct. 20). Recommend estimate changed to 7700, observed count from Oct. 20 survey. Recommend classification 5 due to basis of estimate on single survey.",,,7,Walk / Float / Heli,
kemano,6,gardner_channel,2012,,13050,13050,1,Visual,,5,5,5,5,N (NOV),3/11 inspections saw coho. Peak survey was not conducted due to early end to the survey period (last survey Oct. 24). Original estimate is based on the count from the final survey (13045 obs.). Classification 5 may be fair due to only one survey under good conditions.,One helicopter inspection of the entire river was done this season for Coho. Conditions were ideal for the Coho count and a good count was completed. The majority of Coho would be in the river on this date. Large schools of Coho were in pools from the tailrace upstream for approximately 5 Km. This would be a good Coho number to keep as the 2012 final escapement as it could be used to compare other escapements in the future.,,11,Walk / Float / Heli,
kemano,6,gardner_channel,2013,,8670,8670,1,,,5,5,5,5,N (NOV A),1/8 inspections saw coho. Peak survey was not conducted due to early end to the survey period (last survey Oct. 23). Original estimate represents the estimate from the single observation this season. Classification 5 seems fair due to basis of estimate on a single survey.,One helicopter inspection of the entire river was done this season for coho. Conditions were good for the coho count and a good count was completed. The majority of coho would be in the river on this date. Schools of coho were in pools from the tailrace upstream for approximately 5km.,,8,Walk / Float / Heli,
kemano,6,gardner_channel,2014,,6850,6850,1,Visual,,5,5,5,5,N (NOV A),1/12 inspections saw coho. Peak survey was not conducted due to early end to survey period (last survey Oct. 26). Original estimate represents estimate from the single observation this season. Classification 5 fair due to basis of estimate on a single survey.,One helicopter inspection was done this season from the mouth to the section of river above the townsite for coho.  Conditions were good for the coho count and a good count was completed. The majority of coho were in the area from the tailrace to the pool above the townsite. The coho final escapement is a index count to compare to other year for management purposes.,,12,Walk / Float / Heli,
kemano,6,gardner_channel,2015,,A/P,A/P,1,Visual,,,6,,6,UNK,2/8 inspections saw coho. A/P may be fair (highest count 1120).,,,8,Float / Heli,
kemano,6,gardner_channel,2016,,10200,10200,1,Visual,,1,5,1,5,N (NOV),1/9 inspections saw coho. Peak survey was not conducted due to early end to the survey period (last survey Oct. 17). Original estimate represents estimate from the single observation this season. Classification 5 fair due to basis of estimate on a single survey.,,,9,Float / Heli,
kemano,6,gardner_channel,2017,,12000,12000,,Visual,,,6,1,5,N (OCT C),"1/8 inspections saw coho. Peak survey was not conducted due to early end to the survey period (last survey Oct. 13). Original estimate is based on the single observation this season (11000 est.). Classification 6 not appropriate for numerical estimate, recommend classification 5 due to basis of estimate on single survey.",,,8,Float / Heli,
kemano,6,gardner_channel,2018,,2100,2100,1,Visual,,5,5,5,5,N (OCT C),1/8 inspections saw coho. Peak survey was not conducted due to early end to the survey period (last survey Oct. 16). Original estimate is based on the single observation this season (2010 obs.). Classification 5 fair due to basis of estimate on single survey.,The coho final escapement is a peak count which is done annually at the same time. The count is recorded as the annual escapement because it compares to other years and recording the minimum observed escapement was preferred over stating AP.,,8,Float / Heli,
kemano,6,gardner_channel,2019,,No Record,1560,,Visual,,,,1,5,N (NOV),"No annual estimate in database. 2/9 inspections saw coho. Peak timing for this stream is usually estimated in NOV, unlikely that a peak survey was conducted due to early end to the survey period (last survey Oct. 29, highest count Oct. 9). Recommend 1560 for estimate (count from Oct. 9 survey). Recommend classification 5 due to no original estimate provided.",,,9,Float / Heli,
kemano,6,gardner_channel,2020,,6000,6000,3,Visual,,5,5,5,4,Y (OCT C),3/11 inspections saw coho. Peak spawning was included in the survey period (peak survey Oct. 22). Original estimate is based on the peak count (5150 obs.). Recommend classification 4 due to low resolution (2 decent surveys around peak timing).,Coho annual escapement was the coho counted on the 3 helicopter inspections from October 8 to November 8.,,11,Float / Heli,
kemano,6,gardner_channel,2021,,5800,5778,3,Visual,,3,3,3,4,Y (NOV A),"3/8 inspections saw coho. Peak spawning was included in the survey period (peak survey Nov. 2). AUC fair, see Annual Est. Rationale. Recommend classification 4 due to low resolution.",There were 3 helicopter inspections completed on the Kemano River for coho. The actual counts were entered into the AUC program using a 50 day RT and a 90% OE to calculatee the final escapement. Majority of the coho were holding in pools above RTA site on the mainstem.,"AUC calculation: RT 50 days; OE 90%; actual counts, suggests escapement estimate 5778.",8,Float / Heli,
kemano,6,gardner_channel,2022,,3400,3300,3,Visual,,3,4,3,4,Y (NOV),"3/10 inspections saw coho. Peak spawning was included in the survey period (peak survey Nov. 2). AUC fair, see AUC Recalculation. Classification 4 fair due to low resolution.",The coho annual escapement was derived by entering the actual counts from each inspection intot he AUC program using a 50 day RT and a 60% OE to calculate the final escapement,"AUC calculation: RT 50 days; OE 60%; actual counts, suggests escapement estimate 3300.",10,Float / Heli,
kemano,6,gardner_channel,2023,,3800,3800,2,Visual,,1,5,1,5,N (NOV A),2/8 inspections saw coho. Peak survey was not conducted due to early end to survey period (last survey Oct. 28). Original estimate is based on peak count. Classification 5 fair due to basis  of estimate on a single survey.,"Only one good coho inspection was completed this season, river conditions were not ideal. The peak count was used for the annual coho escapement. Recording the mimimum observed escapement was preferred over stating AP.",,8,Float / Heli,
kemano,6,gardner_channel,2024,,2780,2780,1,Visual,,5,5,5,5,N (NOV A),1/6 inspections saw coho. Peak survey was not conducted due to early end to survey period (last survey Oct. 24). Original estimate is an unexpanded peak count. Classification 5 fair due to basis of estimate on a single survey.,The annual coho escapement is a peak count estimate. Recording the minimum observed escapement is favoured over stating Adults Present.,,6,Float / Heli,
kildala,6,kitimat_arm,1980,,3000,3000,,Visual,,,,,5,Y (OCT),"No SILs available. Surveys were conducted from june through October. Numerical estimate may be fair, recommend classification 5 due to lack of information provided.",,,,,
kildala,6,kitimat_arm,1981,,2000,2000,,Visual,,,,,5,Y (OCT),"No SILs available. Surveys were conducted from June to October. Numerical estimate may be fair, recommend classification 5 due to lack of information provided.",,,,,
kildala,6,kitimat_arm,1982,,2500,2500,,Visual,,,,,5,UNK (OCT),"No SILs available. Survey period is unclear, no inspection dates provided. Numerical estimate may be fair, recommend classification 5 due to lack of information provided.",,,,,
kildala,6,kitimat_arm,1983,,2000,2000,,Visual,,,,,5,N (OCT),"No SILs available. Peak survey was not conducted due to single survey conducted well before peak timing (Aug. 18). Numerical estimate may be fair, recommend classification 5 due to lack of information provided.",,,1,,
kildala,6,kitimat_arm,1984,,2000,2000,,Visual,,,,,5,UNK (OCT),"No SILs available. Survey period is unclear, no inspection dates provided. Numerical estimate may be fair, recommend classification 5 due to lack of information provided.",,,,,
kildala,6,kitimat_arm,1985,,2500,2500,2,Visual,C,,,,5,N (OCT C),"No SILs available. Two different SENs available for this year, this record was ""used for PBS and Tables Purposes."" Peak survey was not conducted due to early end to the survey period (last survey Sep. 21). Numerical estimate may be fair, recommend classification 5 due to provided reliability estimate (C).",,,7,Plane / Boat / Walk,
kildala,6,kitimat_arm,1986,,3000,3000,2,Visual,4,,,,4,N (OCT),"No SILs available. Peak survey was not conducted due to early end to the survey period (last survey Sep. 21). Numerical estimate may be fair, recommend classification 4 due to incomplete coverage of run timing.",,,6,Walk / Float / Plane,
kildala,6,kitimat_arm,1987,,2000,2000,2,Visual,2,,,,5,N (OCT),"No SILs available. Peak survey was not conducted due to early end to the survey period (last survey Aug. 21). Numerical estimate may be fair, recommend classification 5 due to provided reliability estimate (2) and poor coverage of run timing.",,,8+,Walk / Plane,
kildala,6,kitimat_arm,1988,,1000,1000,,Visual,1,,,,5,N (OCT),"No SILs available. Survey period is unclear, only known survey date is Aug. 9 (additionally, continually throughout season by hatchery staff). Numerical estimate may be fair, recommend classification 5 due to provided reliability estimate (1).",,,1+,Float / Plane,
kildala,6,kitimat_arm,1989,,2000,2000,4,Visual,3,,,,5,N (OCT),"No SILs available. Survey period is unclear, only known survey date is Aug. 24 (additionally, periodically checked by hatchery staff). Numerical estimate may be fair, recommend classification 4 due to provided reliability estimate (3).",,,1+,Float / Helicopter,
kildala,6,kitimat_arm,1990,,3500,3500,,Visual,2,,,,5,N (OCT),"No SILs available. Peak survey was not conducted due to gap in the survey period (Aug. 20 - Nov. 15). Numerical estimate may be fair, recommend classification 5 due to provided reliability estimate (2) and poor coverage of run timing.",,,3,Float / Helicopter,
kildala,6,kitimat_arm,1991,,N/I,N/I,,Visual,,,,,6,,N/I appropriate.,,,1,,
kildala,6,kitimat_arm,1992,,UNK,A/P,,Visual,,,,,6,,"No SILs available. Survey period is unclear, known dates are Jul. 15 and Aug. 21 (additionally, throughout season by hatchery staff). A/P seems to be the appropriate estimate.",,,2,,
kildala,6,kitimat_arm,1993,,UNK,A/P,,Other,,,,,6,,"No SILs available. No inspection dates provided, A/P seems to be the appropriate estimate.",Kitimat Hatchery crews doing egg take confirm presence.,,,,
kildala,6,kitimat_arm,1994,,-6,N/I,,Visual,,,,,6,,No SILs available. Unclear what is meant by the escapement estimate of -6. Recommend N/I due to no inspection dates listed.,,,,,
kildala,6,kitimat_arm,1995,,-6,N/I,,Visual,,,,,6,,No SILs available. Unclear what is meant by the escapement estimate of -6. Recommend N/I due to very early listed inspection date (Jul. 23).,,,,,
kildala,6,kitimat_arm,1996,,-6,N/I,,Visual,,,,,6,,No SILs available. Unclear what is meant by the escapement estimate of -6. Recommend N/I due to very early listed inspection dates (Jul. 12 - Aug. 20).,,,,Float,
kildala,6,kitimat_arm,1997,,UNK,N/I,,Visual,,,,,6,,"No SILs available. Recommend estimate changed to N/I due to extremely early listed inspection dates (Jul. 7, 16).",Heavy glacial silt - impossible to enumerate.,,,,
kildala,6,kitimat_arm,1998,,N/I,N/I,,Visual,,,,,6,,No SILs available. One inspection done Aug. 18 by Haisla to target chinook. N/I appropriate.,Inspection of August 18 was completed by Haisla.,,,,
kildala,6,kitimat_arm,1999,,UNK,N/I,,Visual,,,,,6,,"No SILs available. Recommend estimate changed to N/I due to extremely early listed inspection dates (Jul. 10, 20).",This system is not enumerated because of the heavy silt load.,,,,
kildala,6,kitimat_arm,2000,,N/I,N/I,,Visual,,,,,6,,N/I appropriate.,No inspections of the ildala river because of the impossible conditions for viewing with the heavy glacial silt. There appeared to be a reasonable retunr of coho to the river this season.,,,,
kildala,6,kitimat_arm,2001,,N/I,N/I,,Visual,,,,,6,,N/I appropriate.,No inspections made this season.,,,,
kildala,6,kitimat_arm,2002,,2500,2500,3,Visual,1,,,,5,Y (NOV),"No SILs available. Peak spawning was included in the survey period (peak surveys Nov. 4, Nov. 24). Numerical estimate may be fair, recommend classification 5 due to provided reliability estimate (1).",The Kildala river was enumerated three times this fall for coho. The first two coho inspections were done quickly (flying at higher than normal speeds) until it was realized that good heli counts could be gotten for very little extra cost to the total program. Reliability of estimate would have been higher if heli speeds had been lower for the first two inspections were done this season because of the glacial conditions throughout the summer. Coho fishing was open to sports fishing this summer.,,3,Helicopter,
kildala,6,kitimat_arm,2003,,2000,2000,2,Visual,1,,,,4,Y (NOV A),"No SILs available. Peak spawning was included in the survey period (peak survey Nov. 1). Numerical estimate may be fair, recommend classification 5 due to provided reliability estimate (1).","The final coho escapement was calculated from the actual counts in November and comparing this escapement to previous years for determining the October count.

November 1 - majority of coho in the upper reaches, counted 1240 coho adults.
November 20 - all coho in the upper reaches, counted 1230 coho.

Final coho escapement estimate was 2000.",,4,Helicopter,
kildala,6,kitimat_arm,2004,,-2,A/P,1,Visual,,,,,6,N (NOV A),"1/2 inspections saw coho. Peak survey was not conducted due to gap in the survey period (Jul. 29 - Nov. 11). A/P seems fair, see Annual Est. Rationale. Recommend classification 6.",On November 11 a coho helicopter inspection of the entire river was completed. A total of 580 coho were counted. Viewing conditions were not good so no final escapement estimate was made.,,2,Helicopter,
kildala,6,kitimat_arm,2005,,3000,3000,1,Visual,,5,5,5,5,Y (OCT C),"1/2 inspections this season saw coho. Peak spawning was included in the survey period (peak survey Oct. 20). Numerical estimate seems fair, classification 5 fair due to reporting the minimum observed escapement.","One helicopter inspection was made of the entire river for coho, this was a reasonable estimate. I believe that the majority of coho are in this river and holding in pools by the end of October. The coho number is relative in that assessments are similar between years.",,2,Helicopter,
kildala,6,kitimat_arm,2006,,1200,1200,1,Visual,,5,5,5,5,N (NOV A),"The single inspection this season saw coho. Peak survey was not included in the survey period (only survey Oct. 30). Numerical estimate seems fair, classification 5 fair due to reporting the minimum observed escapement.",One helicopter inspection was done to enumerate coho on October 30. The entire river was flown and an actual count was completed. The majority of coho were holding in pools. The timing appeared to be right for the peak count as most of the coho were high up in the system with little evidence of coho further down stream moving into the system. The estimate is the actual count and serves as a comparative number useful for the management of the coho fishery. It should be noted that counting conditions in the Kildala are poorer in most years than the other systems for which a helicopter is used to conduct surveys.,,1,Helicopter,
kildala,6,kitimat_arm,2007,,1100,1100,1,Visual,,5,5,5,5,Y (NOV A),"1/3 inspections saw coho. Peak spawning was included in the survey period (peak survey Nov. 4). Numerical estimate seems fair, classification 5 fair due to reporting the minimum observed escapement.",The coho helicopter count was done on November 4. The river was a little tea coloured but a reasonable count was obtained. All the coho were in the upper river and little spawning was taking place. The final escapement is believed to be the peak count. This annual estimate for coho is the mimimun observed peak count and is used for management purposes. ,,3,Helicopter,
kildala,6,kitimat_arm,2008,,1700,1700,1,Visual,,5,5,5,5,Y (OCT C),"1/3 inspections saw coho. Peak spawning was included in the survey period (peak survey Oct. 30). Numerical estimate seems fair, classification 5 fair due to reporting the minimum observed escapement.","One helicopter inspection was done for coho on October 30.  Although I place a low confidence on the coho escapement estimate, this is a peak count and from the location of the coho (all fish in the upper river) it is assumed that the majority of coho are already in the river. Recording the minimum observed escapement was preferred over Adults Present.",,3,Helicopter,
kildala,6,kitimat_arm,2009,,8240,8240,1,Visual,,5,5,5,5,N (OCT C),"1/3 inspections saw coho. Peak survey was not conducted due to early end to the survey period (last survey Oct. 19). Numerical estimate seems fair, classification 5 fair due to reporting the minimum observed escapement.",A coho inspection was conducted on October 19. The coho estimate from this inspection was used as the final escapement. This estimate shows the escapement trend.,,3,Walk,
kildala,6,kitimat_arm,2010,,710,710,1,Visual,,5,5,5,5,Y (OCT C),"1/5 inspections saw coho. Peak spawning was included in the survey period (peak survey Oct. 28). Numerical estimate seems fair, classification 5 fair due to reporting the minimum observed escapement.","A coho inspection was conducted by helicopter on October 28 . The coho estimate from this inspection was used as the final escapement. This estimate shows the escapement trend and is used as a management tool. All coho were observed in the upper reaches of the river, so it is believed that most of the coho were in the river. Heli based inspection estimates have been made since 2002 (but not in 2004) and this is the lowest record escapement for this period. 

Note: This system is glacial but usually clears considerably by coho time. The glacial color puts this system low on the piority list for enumeration. Even for coho visibilty it is usually lower than in other systems.",,5,Helicopter,
kildala,6,kitimat_arm,2011,,2400,2400,1,Visual,,5,5,5,5,Y (OCT C),"1/3 inspections saw coho. No estimate of peak timing provided for this year, but many years estimate peak in OCT C (peak survey Oct. 20). Numerical estimate seems fair, classification 5 fair due to reporting the minimum observed escapement.",On October 20 a coho count was conducted by helicopter of the entire river. The total count for the one inspection was used as the annual escapement and is best considered as a comparative number to previous years with similar assessments. No chinook salmon were observed this season.,,3,Helicopter,
kildala,6,kitimat_arm,2012,,2920,2920,1,Visual,,5,5,5,5,N (NOV A),"1/3 inspections saw coho. Peak survey was not conducted due to early end to the survey period (last survey Oct. 24). Numerical estimate seems fair, classification 5 fair due to reporting the minimum observed escapement.",A Coho count was conducted on October 24 by helicopter of the entire river. The total count for the one inspection was used as the annual escapement as this count is done annually at a similar timing and the count is used as a comparative number to previous years.,,3,Helicopter,
kildala,6,kitimat_arm,2013,,1525,1525,1,Visual,,5,5,5,5,Y (OCT C),"1/3 inspections saw coho. Peak spawning was included in the survey period (peak survey Oct. 23). Numerical estimate seems fair, classification 5 fair due to reporting the minimum observed escapement.",On October 23 a coho inspection of the entire river was conducted. This one count is recorded as the final escapement. This is consistent with other years as a comparative number and is used for management purposes.,,3,Helicopter,
kildala,6,kitimat_arm,2014,,2200,2200,1,Visual,,5,5,5,5,N (NOV A),"1/4 inspections saw coho. Peak survey was not conducted due to early end to the survey period (last survey Oct. 26). Numerical estimate seems fair, classification 5 fair due to reporting the minimum observed escapement.",A coho count was conducted on October 26 by helicopter of the entire river. The total count for the 1 inspection was used as the annual escapement as this count is done annually at a similar timing and the count is used as a comparative number to previous years.,,4,Helicopter,
kildala,6,kitimat_arm,2015,,2150,2150,2,Visual,,5,5,5,5,Y (OCT C),"2/5 inspections saw coho. Peak spawning was included in the survey period (peak survey Oct. 26). Numerical estimate seems fair, classification 5 fair due to reporting the minimum observed escapement.",On October 26 a helicopter inspection was done of the entire river for coho. Conditions were excellent for enumerating coho. The total count for the 1 inspection was used as the annual escapement as this count is done annually at a similar timing and the count is used as a comparative number to previous years. Recording the minimum observed was preferred over stating AP.,,5,Helicopter,
kildala,6,kitimat_arm,2016,,2700,2700,1,Visual,,1,5,1,5,N (NOV A),"1/4 inspections saw coho. Peak survey was not conducted due to early end to survey period (last survey Oct. 17). Numerical estimate seems fair, classification 5 fair due to reporting the minimum observed escapement.",On October 17 a helicopter inspection was done of the entire river for coho. Conditions were excellent for enumerating coho. The total count for the 1 inspection was used as the annual escapement as this count is done annually at a similar timing and the count is used as a comparative number to previous years. Recording the minimum observed was preferred over stating AP.,,4,Helicopter,
kildala,6,kitimat_arm,2017,,4400,4400,1,Visual,,5,5,5,5,N (OCT C),"1/4 inspections saw coho. Peak survey was not conducted due to early end to survey period (last survey Oct. 13). Numerical estimate seems fair, classification 5 fair due to reporting the minimum observed escapement.",On October 13 a helicopter inspection was done of the entire river for coho. Conditions were excellent for enumerating coho. The total count for the 1 inspection was used as the annual escapement as this count is done annually at a similar timing and the count is used as a comparative number to previous years. Recording the minimum observed escapement was preferred over stating AP.,,4,Helicopter,
kildala,6,kitimat_arm,2018,,1500,1500,2,Visual,,1,5,1,5,Y (OCT C),"2/5 inspections saw coho. Peak spawning was included in the survey period (peak survey Oct. 23). Numerical estimate seems fair, classification 5 fair due to reporting the minimum observed escapement.",The annual coho estimated escapement is a peak count from the October 23 helicopter. The escapement is used as comparison to other years as the inspection is done annually at around the same time. Recording the minimum observed escapement is preferred over stating AP. ,,5,Helicopter,
kildala,6,kitimat_arm,2019,,No Record,730,,Visual,,,,1,5,Y (OCT C),"No annual estimate in database. 2/5 inspections saw coho. Peak timing for this stream is usually estimated in OCT C, it is likely that peak spawning was included in the survey period (peak survey Oct. 29, highest count Oct. 9). Recommend 730 for estimate (count from Oct. 9 survey). Recommend classification 5 due to no original estimate provided.",,,5,Heli,
kildala,6,kitimat_arm,2020,,2310,2310,3,Visual,,3,3,3,4,Y (OCT C),"3/7 inspections saw coho. Peak spawning was included in the survey period (peak survey Oct. 22). AUC fair, see AUC Recalculation for new estimate. Recommend classification 4 due to low resolution.",The coho annual escapement is based on the 3 helicopter inspections of the entire river. The actual counts from each inspection was entered into the AUC program using a 50 day RT and a 85% OE to calculate the final escapement of 2310.,"AUC given matches HOWEVER, OE for the Oct. 22 value should have 100% OE as it is an estimate, not a count.

NEW AUC calculation: RT 50 days; OE 85%; actual counts (Oct. 8, Nov. 8) and estimate from Oct. 22 (note this value has 100% OE as it is already an estimate, no count was provided), suggests escapement estimate 1960.",7,Helicopter,
kildala,6,kitimat_arm,2021,,2520,2520,3,Visual,,3,3,3,4,Y (NOV A),"3/7 inspections saw coho. Peak spawning was included in the survey period (peak survey Nov. 2, highest count Oct. 19). AUC fair, see Annual Est. Rationale. Recommend classification 4 due to low resolution.",Three helicopter inspections were conducted to enumerate coho up to Nov 2. The actual counts from each inspection was entered into the AUC program using a 50 day RT and a 85% OE to calculate the final escapement.,AUC given matches (2518).,7,Helicopter / Walk,
kildala,6,kitimat_arm,2022,,3400,3400,1,Visual,,3,3,1,4,N (OCT C),"2/8 inspections saw coho. Peak survey was not conducted due to gap in survey period (Oct. 16 - Nov. 2). AUC not appropriate with fewer than three counts. Recommend estimate changed to 2100 (based on highest count on Nov. 2, 2060 obs.). Recommend estimate method changed to 1 (Peak Live Plus Dead). Recommend classification 4 due to low resolution and missed peak survey.",The coho estimate was the actual count from the 2 helicopter inspections. The counts were entered into the AUC program using a 50day RT and a 95% OE to calculate the final escapement.  Recording the minimum observed escapement was favoured over stating AP.,,8,Helicopter,
kildala,6,kitimat_arm,2023,,4200,4200,2,Visual,,3,3,1,4,N (NOV A),"2/7 inspections saw coho. Peak survey was not conducted due to early end to survey period (last survey Oct. 28). Numerical estimate seems fair, AUC not appropriate with fewer than three counts, recommend estimate method changed to 1 (Peak Live Plus Dead). Recommend classification 4 due to low resolution and missed peak survey.",The annual coho escapement was a peak count estimate of the entire river. Recording the mimimim observed escapement was preferred over stating AP.,,7,Helicopter / Walk,
kildala,6,kitimat_arm,2024,,3200,3200,1,Visual,,5,5,5,5,N (NOV A),"1/5 inspections saw coho. Peak survey was not conducted due to early end to survey period (last survey Oct. 24). Numerical estimate seems fair, classification 5 fair due to basis of estimate on single survey and missed peak survey.",The annual coho escapement is a peak count estimate. Recording the minimum observed escapement in favour of stating Adults Present.,,5,Helicopter,
kiltuish,6,gardner_channel,1980,,100,100,,,,,,,5,N (OCT B),"No SILs available. Peak survey was not conducted due to early end to the survey period (last survey Aug. 12). Numerical estimate may be fair, recommend classification 5 due to lack of information available. ",,,3,,
kiltuish,6,gardner_channel,1981,,50-100,50,,,,,,,5,N (OCT B),"No SILs available. Peak survey was not conducted due to early end to the survey period (last survey Aug. 31). Numerical estimate may be fair, recommend estimate changed to 50 (conservative). Recommend classification 5 due to lack of information available. ",,,4,,
kiltuish,6,gardner_channel,1982,,75,75,,,,,,,5,N (NOV),"No SILs available. Peak survey was not conducted due to early end to the survey period (last survey Aug. 27). Numerical estimate may be fair, recommend classification 5 due to lack of information available. ",,,2,,
kiltuish,6,gardner_channel,1983,,100,100,,,,,,,5,N (OCT B),"No SILs available. Peak survey was not conducted due to early end to the survey period (last survey Sep. 18). Numerical estimate may be fair, recommend classification 5 due to lack of information available.",,,2,,
kiltuish,6,gardner_channel,1984,,400,400,,,,,,,5,UNK (OCT B),"No SILs available. Unclear if peak survey was conducted, no inspection dates provided. Numerical estimate may be fair, recommend classification 5 due to lack of information available. ",,,,,
kiltuish,6,gardner_channel,1985,,150,150,1,,B,,,,5,N (OCT B),"No SILs available. Peak survey was not conducted due to early end to the survey period (last survey Sep. 29). Numerical estimate may be fair, recommend classification 5 due to lack of information available.",,,2,Walk,
kiltuish,6,gardner_channel,1986,,100,100,3,,3,,,,4,N (OCT B),"No SILs available. Peak survey was not conducted due to early end to the survey period (last survey Aug. 30). Numerical estimate may be fair, recommend classification 4 due to provided reliability estimate (3).",,,4,Walk / Float / Plane,
kiltuish,6,gardner_channel,1987,,100,100,1,,2,,,,5,N (OCT B),"No SILs available. Peak survey was not conducted due to early end to the survey period (last survey Sep. 25). Numerical estimate may be fair, recommend classification 5 due to provided reliability estimate (2) and incomplete coverage of run timing.",,,4,Walk / Float / Plane,
kiltuish,6,gardner_channel,1988,,200,200,,,2,,,,5,N (OCT B),"No SILs available. Peak survey was not conducted this year due to early end to the survey period (last survey Sep. 16). Numerical estimate may be fair, recommend classification 5 due to provided reliability estimate (2) and incomplete coverage of run timing.  ",,,4,Walk / Plane,
kiltuish,6,gardner_channel,1989,,,N/I,,,,,,,6,N (OCT),"No SILs available. Peak timing estimate was not provided on this SEN, many years for this stream estimate peak in OCT (last survey Sep. 13). No estimate provided for this year, recommend N/I.",,,3,,
kiltuish,6,gardner_channel,1990,,UNK,A/P,1,,0,,,,6,N (OCT),"No SILs available. Peak timing estimate was not provided on this SEN, many years for this stream estimate peak in OCT (last survey Aug. 28). A/P seems to be the appropriate estimate.",4 coho seen Aug. 28.,,4,Walk,
kiltuish,6,gardner_channel,1991,,N/O,N/O,,,,,,,6,UNK (OCT),"No SILs available. Peak timing estimate was not provided on this SEN, many years for this stream estimate peak in OCT (peak survey Oct. 1?). N/O seems appropriate.",,,8,Walk,
kiltuish,6,gardner_channel,1992,,0,N/I,2,,1,,,,6,N (OCT),"No SILs available. Peak timing estimate was not provided on this SEN, many years for this stream estimate peak in OCT (last survey Sep. 8). N/I seems to be a more appropriate estimate than N/O given the poor coverage of run timing.",,,4,Walk / Float,
kiltuish,6,gardner_channel,1993,,UNK,A/P,2,,,,,,6,Y (OCT),"No SILs available. Peak timing estimate was not provided on this SEN, many years for this stream estimate peak in OCT (peak survey Oct. 10). A/P is likely the appropriate estimate.",,,3,Walk / Float,
kiltuish,6,gardner_channel,1994,,8,A/P,,,1,,,,6,N (OCT),No SILs available. Peak survey was not conducted due to early end to the survey period (last survey Sep. 17). Recommend estimate changed to A/P due to very few observed and incomplete coverage of run timing.,No coho inspection made this season. Coho escapement was the actual number counted.,,3,Walk,
kiltuish,6,gardner_channel,1995,,160,160,,,1,,,,5,N (OCT),"No SILs available. Peak survey was not conducted due to early end to the survey period (last survey Sep. 24). Numerical estimate may be fair, recommend classification 5 due to provided reliability estimate (1).",No coho inspection made this season. Coho escapement was the actual number counted.,,3,Walk,
kiltuish,6,gardner_channel,1996,,N/I,N/I,,,,,,,6,,N/I appropriate.,No coho inspection this season.,,3,Walk / Float,
kiltuish,6,gardner_channel,1997,,50,50,1,,1,,,,5,N (OCT),"No SILs available. Peak survey was not conducted due to early end to the survey period (last survey Sep. 10). Numerical estimate may be fair, recommend classification 5 due to provided reliability estimate (1).",,,3,Walk,
kiltuish,6,gardner_channel,1998,,105,105,2,,2,,,,5,N (NOV),"No SILs available. Peak survey was not conducted due to early end to the survey period (last survey Sep. 28). Numerical estimate may be fair, recommend classification 5 due to provided reliability estimate (2) and incomplete coverage of run timing.",Escapement estimated from the actual counts throughout the season.,,2,Walk,
kiltuish,6,gardner_channel,1999,,65,65,2,,2,,,,5,N (NOV),"No SILs available. Peak survey was not conducted due to early end to the survey period (last survey Oct. 3). Numerical estimate may be fair, recommend classification 5 due to provided reliability estimate (2) and incomplete coverage of run timing.",Escapement estimate was based on regular inspections.,,3,Walk,
kiltuish,6,gardner_channel,2000,,300,300,3,,3,,,,4,Y (NOV A),"No SILs available. Peak spawning was included in the survey period (peak survey Nov. 8). Numerical estimate seems fair, recommend classification 4 due to provided reliability estimate (3).","An extra effort was placed on Kiltuish River to determine the coho escapement. This river was selected because it is consistently clear and the entire spawning area is accessible by foot and canoe. The entire river was walked three times throughout the coho run. On the Nov. 8 inspection no coho were observed in the holding pools in the lower river. I believe the majority of coho were in the river on this date and this would be the peak of spawning. It appeared that the majority of coho spawn in a gravel side channel in the upper river.

Counts are as follows:
Sep. 3 - 218 coho
Oct. 25 - 212 coho, est. 220
Nov. 8 - 242 coho, total to date estimated 300",,4,Walk,
kiltuish,6,gardner_channel,2001,,850,850,4,,2,,,,4,Y (NOV B),"No SILs available. Peak spawning was included in the survey period (peak survey Nov. 15). Numerical estimate may be fair, recommend classification 4 due to provided reliability estimate (2).",Coho escapement Is based on regular inspections. Actual counts were used to determine the number of coho present and the percentage of new fish was added to the toal.,,5,Helicopter,
kiltuish,6,gardner_channel,2002,,400,400,,,3,,,,4,Y (NOV A),No SILs available. Peak spawning was included in the survey period (peak survey Nov. 7). Recommend using AUC calculation with 60 day RT for estimate (see Annual Est. Rationale; could not confirm calculation due to missing count data). Recommend classification 4 due to provided reliability estimate (3).,"Annual coho escapement was estimated from the actual counts done regularly through the falls. The subjective estimate is 400. The AUC estimates for 85% OE, 30 and 60 day RT is 813 (475 - 1023, 90% certainty) and 407 (406 - 860, 89.3% certainty) respectively. Peak adult count was 346.
The Kiltuish river is one of the rivers selected by Stock Management Branch to enumerate coho on a regular basis.",Could not confirm AUC,9,Walk,
kiltuish,6,gardner_channel,2003,,460,529,,,2,,,,4,N (OCT C),No SILs available. Peak survey was not conducted due to gap in survey period (Oct. 12 - Nov. 5). Recommend using AUC calculation with 60 day RT for estimate (see Annual Est. Rationale; could not confirm calculation due to missing count data). Recommend classification 4 due to provided reliability estimate (2).,"Coho final escapement estimated was determined from the actual count on regular inspections throughout the season. The subjective coho estimate is 460. The AUC estimates for 70% OE, 30 and 60 day RT is 915 (402 - 100, 93.7% certainty) and 529 (452 - 1100, 94.1% certainty) respectively. The peak count was 370 adult coho.",Could not confirm AUC,5,Walk / Float,
kiltuish,6,gardner_channel,2004,,1500,1500,4,Visual,,,,3,4,Y (NOV A),"All four inspections this season saw coho. Peak spawning was included in the survey period (peak survey Nov. 10, highest count Oct. 4). AUC fair, see AUC Recalculation. Recommend classification 4 due to low resolution.",The coho annual escapement estimate was derived from the four inspections made of the entire river to November 10. The actual counts were used up until the peak count and then the percentage of new fish was added after the peak. An AUC calculation for coho using 30 day residency and 80% observer efficiency = 2298 coho. The estimate of 1500 equals a 50 day residency time at 80% observer efficiency. The reliability for coho is marked low because weather made inspections between October 4th and November 10 impossible. For more information on coho see the 2004 coho annual report.,"AUC calculation: RT 50 days; OE 80%; actual counts, suggests escapement estimate 1480.",4,Walk,
kiltuish,6,gardner_channel,2005,,1700,1860,5,Visual,,3,3,3,4,N (OCT C),"6/7 inspections saw coho. Peak survey was not conducted due to gap in the survey period (Oct. 13 - Nov. 7, highest count Sep. 24). AUC calculation does not match estimate provided, see AUC Recalculation. Recommend classification 4 due to potentially missed peak survey.",This is a primary coho system and was enumerated on a regular basis throughout the coho spawning season. The coho inspection estimates were entered into the AUC program to verify the escapement estimate.  Using a 45 day Rt and 80% OE for coho the AUC estimate was 1998. ,"AUC calculation: RT 45 days; OE 80%; actual counts, suggests escapement estimate 1860.",7,Walk / Float,
kiltuish,6,gardner_channel,2006,,950,950,6,Visual,,3,3,3,3,Y (NOV),"6/9 inspections saw coho. Peak spawning was included in the survey period (peak surveys Nov. 1, 17). AUC fair, see Annual Est. Rationale. Classification 3 fair due to adequate number of surveys and good coverage of survey period.",Coho was enumerated on a regular basis. The actual coho counts for each inspection were used and this information was then entered into the AUC program using a 48 day Residency time  and an 80 % Observer Efficiency.,AUC calculation given matches (944).,9,Walk / Float,
kiltuish,6,gardner_channel,2007,,330,409,6,Visual,,3,3,3,3,Y (NOV),"All six inspections this season saw coho. Peak spawning was included in the survey period (peak surveys Nov. 2, 17; highest count Oct. 18). AUC given matches estimate, recommend changes to calculation (see AUC Recalculation). Classification 3 fair for new AUC due to adequate number of surveys and good coverage of run timing.",Coho was enumerated on a regular basis. The actual coho counts for the last three inspection was used and this information was then entered into the AUC program using a 45 day RT and a 90 % OE.,"Original AUC uses only 3/6 available counts.

New AUC calculation: RT 45 days; OE 90%; all available actual counts, suggests escapement estimate 409.",6,Walk / Float,
kiltuish,6,gardner_channel,2008,,610,667,7,Visual,,3,3,3,3,Y (OCT C),"7/8 inspections saw coho. Peak spawning was included in the survey period (peak survey Oct. 26, highest count Sep. 19). AUC given matches estimate, recommend changes to calculation (see AUC Recalculation). Classification 3 fair to adequate number of surveys and good coverage of run timing.",The actual coho counts for each inspection were used and this information was than entered into the AUC program using a 58 day resdiency time and a 90 % observer efficiency.,"Original AUC uses Oct. 12 count (poor conditions, seems to artificially lower the estimate).

New AUC calculation: RT 58 days; OE 90%; actual counts (Aug. 4, 17, Sep. 9, 19, Oct. 26, Nov. 20), suggests escapement estimate 667.",8,Walk / Float,
kiltuish,6,gardner_channel,2009,,1200,1200,6,Visual,,3,3,3,3,Y (OCT C),"6/7 inspections saw coho. Peak spawning was included in the survey period (peak survey Oct. 27). AUC fair, see Annual Est. Rationale. Classification 3 fair due to adequate number of surveys and good coverage of run timing.",Coho were enumerated on a regular basis. The actual coho counts for each inspection were used and this information was then entered into the AUC program using a 58 day residency time and an 80 % observer efficiency. I derived the residency time from the first coho observed to the first carcasses found. The observer efficiency is probably higher than 80% but a couple of the pools in the upper river are quite swift and at times it was hard to get a good count.,AUC calculation given matches (1185).,7,Walk / Float,
kiltuish,6,gardner_channel,2010,,430,430,6,Visual,,3,3,3,3,Y (OCT C),"6/7 inspections saw coho. Peak spawning was included in the survey period (peak survey Oct. 23). AUC fair, see Annual Est. Rationale. Classification 3 fair due to adequate number of surveys and good coverage of run timing.",Coho were enumerated on a regular basis. The actual coho counts for each inspection were used and this information was entered into the AUC program using a 58 day residency time and  80% observer efficiency. I derived the Residency Time from the first coho observed to the first carcasses found. The Observer Efficiency is probably higher than 80% but a couple of the pools in the upper river are quite swift and at times it is hard to get a good count.,AUC calculation given matches (426).,7,Walk / Float,
kiltuish,6,gardner_channel,2011,,535,535,4,Visual,,3,3,3,4,Y (OCT C),"4/6 inspections saw coho. Peak timing is not listed on this SEN, many years for this stream estimate peak in OCT C (peak survey Oct. 27, highest count Oct. 7). AUC fair, see Annual Est. Rationale. Recommend classification 4 due to low resolution.",For coho the information collected from the four inspections was entered into the AUC program using a 50 day Residency Time and 90% Observer Efficiency to calculate the final escapement.,AUC calculation given matches (534).,6,Walk / Float,
kiltuish,6,gardner_channel,2012,,675,675,6,Visual,,3,3,3,4,N (NOV A),"6/8 inspections saw coho. Peak survey was not conducted due to gap in survey period (Oct. 21 - Nov. 11, highest count Oct. 10). AUC fair, see Annual Est. Rationale. Recommend classification 4 due to potentially missed peak survey.",For Coho the information collected from the four inspections was entered into the AUC program using a 62 day Residency Time and a 95% Observer Efficiency to calculate the final escapement.,AUC calculation given matches (672).,8,Walk / Float,
kiltuish,6,gardner_channel,2013,,940,940,5,Visual,,3,3,3,3,Y (NOV A),"5/7 inspections saw coho. Peak spawning was included in the survey period (peak survey Nov. 6, highest count Oct. 21). AUC fair, see Annual Est. Rationale. Classification 3 fair due to adequate number of surveys and good coverage of run timing.",For coho the information collected from the 5 inspections was entered into the AUC program using a 50 day RT and a 90% OE to calculate the final escapement. Lots of coho seem to have spawned in the mainstem this season. The side channel where the majority of coho spawnied in past years is almost dry because of changes to where it breaks off from the mainstem.,AUC calculation given matches (932).,7,Walk / Float,
kiltuish,6,gardner_channel,2014,,A/P,A/P,,Visual,,,6,,6,N (NOV A),2/3 inspections saw coho. Peak survey was not conducted due to early end to the survey period (last survey Sep. 13). A/P seems appropriate due to poor coverage of estimated run timing.,,,3,Walk / Float,
kiltuish,6,gardner_channel,2015,,600,600,4,Visual,,5,5,5,4,N (OCT C),"4/8 inspections saw coho. Peak survey was not conducted due to early end to the survey period (last survey Oct. 6). Numerical estimate seems appropriate, recommend classification 4 due to incomplete coverage of run timing.",Four coho inspections were completed  in the 2015 season. A peak count was used in 2015 as the final  escapement for coho. Usually by mid October the majority of the coho are holding in the stream. Inspections in past years through November only shows a small increase in the population.,,8,Walk / Float,
kiltuish,6,gardner_channel,2016,,380,380,2,Visual,,1,4,1,5,N (NOV),"2/6 inspections saw coho. Peak survey was not conducted due to early end to the survey period (last survey Oct. 15). Numerical estimate may be fair, recommend classification 5 due to reporting the minimum observed escapement.",The final escapement for coho is the total observed on the October 15 inspection. Recording the minimum observed coho escapement was favored over Adults Present as this system is part of a long time coho program.,,6,Walk / Float,
kiltuish,6,gardner_channel,2017,,607,607,3,Visual,,3,3,3,4,Y (OCT C),"3/8 inspections saw coho. Peak spawning was included in the survey period (peak survey Oct. 28, highest count Oct. 1). AUC fair, see Annual Est. Rationale. Recommend classification 4 due to low resolution.",3 inspections were completed of the entire river to enumerate coho in 2017. The actual coho counts from each inspection was entered into the AUC program using a 40 day RT and a 80% OE to calcualate the final escapement.,AUC calculation given matches (604).,8,Walk / Float,
kiltuish,6,gardner_channel,2018,,315,315,5,Visual,,3,3,3,3,Y (OCT C),"5/7 inspections saw coho. Peak spawning was included in the survey period (peak survey Oct. 22). AUC given does not match provided estimate, see AUC Recalculation. Classification 3 fair due to adequate number of surveys and good coverage of run timing.",The annual coho escapement by derived by entering the individual counts from each inspection into the A|UC program using a 50 day RT and a 90%OE to calculate the final escapement of 315.,"AUC calculation: RT 50 days; OE 80%; actual counts, suggests escapement estimate 242.",7,Walk / Float,
kiltuish,6,gardner_channel,2019,,No Record,272,,Visual,,,,1,5,N (OCT C),"No annual estimate in database. 4/7 inspections saw coho. Peak timing for this stream is usually estimated in OCT C, unlikely that a peak survey was conducted due to early end to the survey period (last survey Oct. 13). Recommend 272 for estimate (highest count from Oct. 13 survey). Recommend classification 5 due to no original estimate provided.",,,7,Walk / Float,
kiltuish,6,gardner_channel,2020,,350,350,4,Visual,,3,3,3,4,N (OCT C),"4/6 inspections saw coho. Peak survey was not conducted due to gap in survey period (Oct. 14 - Nov. 8). AUC fair, see Annual Est. Rationale. Recommend classification 4 due to low resolution and missed peak survey.",The coho annual escapement is based on 3 ground inspections and 1 helicopter inspection of the entire river. The actual counts from each inspection was entered into the AUC Program using a 40 day RT and a 90% OE to calculate the final escapement of 350.,AUC calculation given matches (342).,6,Walk / Float / Heli,
kiltuish,6,gardner_channel,2021,,400,400,4,Visual,,3,3,3,4,Y (NOV A),"4/8 inspections saw coho. Peak spawning was included in the survey period (peak survey Nov. 1, highest count Oct. 19). AUC fair, see Annual Est. Rationale. Recommend classification 4 due to low resolution.",There was 1 ground inspection and 2 helicopter fly overs to enumerate the coho final escapement. The counts from each inspection was entered into the AUC program using a 40 day RT and a 90% OE to calculate the final escapement.,AUC calculation given matches (397).,8,Walk / Float / Heli,
kiltuish,6,gardner_channel,2022,,370,370,2,Visual,,5,5,5,5,N (OCT C),"2/6 inspections saw coho. Peak survey was not conducted due to early end to the survey period (last survey Oct. 16). Numerical estimate seems fair, classification 5 fair due to reporting the minimum observed escapement.",The coho annual escapement was the peak count of coho from the 2 inspections that were completed.. Recording the minimum observed escapement was favored over stating AP,,6,Walk / Float / Heli,
kiltuish,6,gardner_channel,2023,,580,580,2,Visual,,1,5,1,5,N (NOV A),"2/5 inspections saw coho. Peak survey was not conducted due to early end to the survey period (last survey Oct. 12). Numerical estimate seems fair, classification 5 fair due to reporting the minimum observed escapement.", The annual coho estimate is the peak count from the 2 inspection. Recording the mimimum observed coho escapement was preferred over stating AP. ,,,,
kiltuish,6,gardner_channel,2024,,A/P,A/P,,Visual,,,6,,6,N (NOV A),"2/3 inspections saw coho. Peak survey was not conducted due to early end to the survey period (last survey Sep. 15). A/P seems appropriate due to very early end of survey period (highest count was on Sep. 15, saw 180 coho).",,,3,Walk / Float,
kiskosh_ck,6,douglas_ursula_devastation_channels,1980,,200,200,,,,,,,5,N (OCT),"No SILs available. Peak survey was not conducted due to early end to the survey period (last survey Sep. 8). Numerical estimate may be fair, recommend classification 5 due to lack of information available.",,,2,,
kiskosh_ck,6,douglas_ursula_devastation_channels,1981,,150,150,,,,,,,5,N (OCT),"No SILs available. Peak survey was not conducted due to early end to the survey period (last survey Sep. 20). Numerical estimate may be appropriate, recommend classification 5 due to lack of information available.",,,3,,
kiskosh_ck,6,douglas_ursula_devastation_channels,1982,,200,200,,,,,,,5,N (OCT),"No SILs available. Peak survey was not conducted due to early end to the survey period (last survey Sep. 11). Numerical estimate may be fair, recommend classification 5 due to lack of information available.",,,4,,
kiskosh_ck,6,douglas_ursula_devastation_channels,1983,,100,100,,,,,,,5,N (OCT),"No SILs available. Peak survey was not conducted due to early end to the survey period (last survey Aug. 30). Numerical estimate may be appropriate, recommend classification 5 due to lack of information available. ",,,2,,
kiskosh_ck,6,douglas_ursula_devastation_channels,1984,,100,100,,,,,,,5,UNK (OCT),"No SILs available. Unclear if peak survey was conducted, inspection dates are not provided. Numerical estimate may be fair, recommend classification 5 due to lack of information available.",Observed good showing of coho fry.,,UNK,,
kiskosh_ck,6,douglas_ursula_devastation_channels,1985,,100,100,2,Visual,C,,,,5,Y (OCT A),"No SILs available. Peak spawning was included in the survey period (peak survey Oct. 8). Numerical estimate may be fair, recommend classification 5 due to provided reliability estimate.",,,8,Walk,
kiskosh_ck,6,douglas_ursula_devastation_channels,1986,,200,200,1,Visual,3,,,,4,N (OCT A),"No SILs available. Peak survey was not conducted due to early end to the survey period (last survey Sep. 20). Numerical estimate may be appropriate, recommend classification 4 due to provided reliability estimate.",,,3,Walk,
kiskosh_ck,6,douglas_ursula_devastation_channels,1987,,100,100,1,Visual,1,,,,5,N (OCT A),No SILs available. Peak survey was not conducted due to early end to the survey period (last survey Sep. 9). Numerical estimate may be appropriate. Recommend classification 5 due to provided reliability estimate.,,,2,Walk,
kiskosh_ck,6,douglas_ursula_devastation_channels,1988,,N/O,N/O,,Visual,1,,,,6,Y (OCT A),No SILs available. Peak spawning was included in the survey period (peak survey Oct. 5). N/O may be appropriate. Classification 6 for presence categories.,,,4,Walk,
kiskosh_ck,6,douglas_ursula_devastation_channels,1989,,N/O,N/O,,Visual,1,,,,6,N (OCT A),No SILs available. Peak survey was not conducted due to early end to the survey period (last survey Sep. 11). N/O may be appropriate. Classification 6 for presence categories.,,,2,Walk,
kiskosh_ck,6,douglas_ursula_devastation_channels,1990,,N/O,N/O,,,,,,,6,Y (OCT),"No SILs available. Unclear if peak survey was conducted, no estimate of peak timing is provided. Many other years estimate peak in OCT, surveys were conducted on Oct. 4 and 25. N/O may be appropriate. Classification 6 for presence categories.",,,4,,
kiskosh_ck,6,douglas_ursula_devastation_channels,1991,,N/O,N/O,1,Visual,,,,,6,N (OCT),"No SILs available. Unclear if peak survey was conducted, no estimate of peak timing is provided. Many other years estimate peak in OCT, last survey was Sep. 27. N/O may be appropriate. Classification 6 for presence categories.",,,3,Walk,
kiskosh_ck,6,douglas_ursula_devastation_channels,1992,,200,200,1,Visual,1,,,,5,N (OCT),"No SILs available. Unclear if peak survey was conducted, no estimate of peak timing is provided. Many other years estimate peak in OCT, last survey was Sep. 19. Numerical estimate may be fair, recommend classification 5 due to provided reliability estimate.",,,2,Walk,
kiskosh_ck,6,douglas_ursula_devastation_channels,1993,,40,40,UNK,Visual,1,,,,5,UNK (OCT),"No SILs available. Unclear if peak survey was conducted, no estimate of peak timing is provided. Many other years estimate peak in OCT, the only recorded survey date this season was Aug. 22. Numerical estimate may be fair, recommend classification 5 due to provided reliability estimate.","Some stream log reports are missing. No fish were seen on the Aug. 22 survey, however, the following estimates were provided by patrolman.",,UNK,Walk,
kiskosh_ck,6,douglas_ursula_devastation_channels,1994,,44,44,,Visual,1,,,,5,N (OCT),No SILs available. Peak survey was not conducted due to early end to the survey period (last survey Sep. 27). Numerical estimate may be fair. Recommend classification 5 due to provided reliability estimate.,Coho escapement was the actual number counted up to Sep. 27.,,4,Walk,
kiskosh_ck,6,douglas_ursula_devastation_channels,1995,,22,22,,Visual,1,,,,5,N (OCT),"No SILs available. Peak survey was not conducted due to early end to the survey period (last survey Sep. 28). Numerical estimate may be appropriate, candidate for A/P due to low observation numbers and incomplete coverage of run timing. If using numerical estimate, recommend classification 5 due to provided reliability estimate.",Coho escapement actual counted.,,3,Walk,
kiskosh_ck,6,douglas_ursula_devastation_channels,1996,,5,A/P,,Visual,1,,,,6,N (OCT),No SILs available. Peak survey was not conducted due to early end to the survey period (last survey Sep. 13). Recommend estimate changed to A/P due to extremely low reported estimate and very early end to survey period. Classification 6 for presence categories.,No coho escapement done this season.,,3,Walk,
kiskosh_ck,6,douglas_ursula_devastation_channels,1997,,12,A/P,1,Visual,1,,,,6,N (OCT),No SILs available. Peak survey was not conducted due to early end to the survey period (last survey Sep. 16). Recommend estimate changed to A/P due to extremely low reported estimate and very early end to survey period. Classification 6 for presence categories.,No coho inspections done this season.,,2,,
kiskosh_ck,6,douglas_ursula_devastation_channels,1998,,N/I,N/I,0,,,,,,6,N (OCT),"No SILs available. Unclear if peak survey was conducted, no estimate of peak timing is provided. Many other years estimate peak in OCT during a gap in the survey period (Sep. 4 to Nov. 23). N/I seems appropriate. Classification 6 for presence categories.",There was no coho enumeration done this fall.,,2,,
kiskosh_ck,6,douglas_ursula_devastation_channels,1999,,4,A/P,1,Visual,1,,,,6,N (OCT),No SILs available. Peak survey was not conducted due to early end to the survey period (last survey Sep. 14). Recommend estimate changed to A/P due to extremely low reported estimate and very early end to survey period. Classification 6 for presence categories.,,,2,Walk,
kiskosh_ck,6,douglas_ursula_devastation_channels,2000,,170,170,4,Visual,3,,,,4,N (OCT B),"No SILs available. Peak survey was not conducted due to gap in the survey period (Oct. 6 to Oct. 27). Numerical estimate seems fair, recommend AUC calculation (see AUC Recalculation for details). Recommend classification 4 due to low resolution.","An extra effort was placed on the Kiskosh River to determine the coho escapement. This river was selected because it is consistently clear and the entire spawning area is accessable by foot and canoe. The entire creek was walked three times throughout the coho run. On the Nov. 9 inspection the majority of coho had spawned.

Counts are as follows:
Sep. 12 - 4 coho
Oct. 6 - 140 coho
Oct. 27 - 109 coho
Nov. 9 - 44 coho; total to date 170; target escapement 500.",Calculate new AUC,7,Walk,
kiskosh_ck,6,douglas_ursula_devastation_channels,2001,,200,200,3,Visual,3,,,,4,Y (NOV A),No SILs available. Peak spawning was included in the survey period (peak survey Nov. 4). Numerical estimate may be fair. Recommend classification 4 due to provided reliability estimate.,Coho escapement is based on regular inspections. Actual counts were used to determine escapement and the percentage of new fish enerting stream was added to the total.,,7,Walk,
kiskosh_ck,6,douglas_ursula_devastation_channels,2002,,475,514,6,Visual,3,,,,3,Y (NOV A),"No SILs available. Peak spawning was included in the survey period (peak survey Nov. 3). AUC seems fair, recommend estimate changed to 514 (see AUC Recalculation). Recommend classification 3 due to adequate number of surveys and good coverage of run timing.","Coho escapement was derived from the actual counts by reach on a regular basis throughout the vall. The subjective estimate is 475. The AUC estimate for 85% observer efficiency with 20 and 45 day residency time is 1167 and 519 respectively. Peak adult count was 422.

Counts are as follow:
Aug. 4 - 0 coho
Sep. 3 - 8 coho
Sep. 22 - 269 coho
Oct. 3 - 302 coho
Oct. 16 - 422 coho
Nov. 3 - 240 coho
Nov. 17 - N/I
Nov. 29 - 8 coho","AUC calculated with the following parameters: RT 45 days; OE 85%; actual counts not including 0 or N/I, suggests escapement estimate 514.",8,Walk,
kiskosh_ck,6,douglas_ursula_devastation_channels,2003,,250,250,4,Visual,2,,,,4,N (OCT C),"No SILs available. Peak survey was not conducted due to gap in the survey period (Oct. 2 to Nov. 6). Numerical estimate may be fair, recommend classification 4 due to provided reliability estimate.",Coho final escapement estimate was calculated from the actual counts done on a regular basis throughout the season. The subjective coho estimate is 250. The AUC estimate for 85% observer efficiency with 30 and 50 day residency time is 347 and 241 respectively. The peak count was 205 adult coho.,Cannot calculate due to missing count data.,6,Walk,
kiskosh_ck,6,douglas_ursula_devastation_channels,2004,,330,360,4,Visual,,,,3,4,N (NOV A),"4/5 inspections saw coho. Peak survey was not conducted due to gap in the survey period (Oct. 20 - Nov. 16). AUC seems fair, recommend estimate changed to 360 (see AUC Recalculation). Recommend classification 4 due to low resolution and missed peak survey.",The final coho escapement estimate was derived from the actual counts on four inspections. Kiskosh creek is clear and good salmon counts are easy to obtain. AUC calculations for coho were: ( 30 day residency & 80% observer efficiency = 465 coho) & (45 day residency & 80% residency = 360 coho),"AUC calculated with the following parameters: RT 45 days; OE 80%; actual counts, suggests escapement estimate 360.",5,Walk,
kiskosh_ck,6,douglas_ursula_devastation_channels,2005,,225,264,5,Visual,,3,3,3,3,Y (NOV A),"5/7 inspections saw coho. Peak spawning was included in the survey period (peak survey Nov. 5). Unclear why AUC calculation was not used as the final estimate, recommend using AUC estimate (264, see AUC Recalculation). Classification 3 fair due to adequate number of surveys and good coverage of run timing.","This is a primary coho system and was enumerated on a regular basis throughout the coho spawning season. The coho inspection estimates were entered into the AUC program to verify my escapement estimate. The AUC calculation was 264 coho using a 46 day RT & 80% observer efficiency, my estimate was 225 coho. ","AUC calculated with the following parameters: RT 46 days; OE 80%; actual counts, suggests escapement estimate 264.",7,Walk,
kiskosh_ck,6,douglas_ursula_devastation_channels,2006,,180,180,7,Visual,,3,3,3,3,Y (NOV A),"7/8 inspections saw coho. Peak spawning was included in the survey period (peak survey Nov. 5). AUC seem fair, see AUC Recalculation. Classification 3 fair due to adequate number of surveys and good coverage of run timing.",Regular inspections for coho were completed from September to November. Actual counts were used for each inspection and then this information was entered into the AUC program to calculate the final escapement . A 46 day Residency Time and an 80 % Observer Efficiency was used for coho.,AUC given matches recalculation.,8,Walk,
kiskosh_ck,6,douglas_ursula_devastation_channels,2007,,120,120,6,Visual,,3,3,3,3,Y (OCT C),"6/7 inspections saw coho. Peak spawning was included in the survey period (peak survey Oct. 26). AUC seems fair, see AUC Recalculation Classification 3 fair due to adequate number of surveys and good coverage of run timing.",Regular inspections for coho were completed from September to November. Actual counts were used for each inspection and then this information was entered into the AUC program to calculate the final escapement . A 46 day RT and a 90 % OE was used for coho.,AUC given matches recalculation.,7,Walk / Float,
kiskosh_ck,6,douglas_ursula_devastation_channels,2008,,100,100,5,Visual,,3,3,3,4,N (OCT C),"5/7 inspections saw coho. Peak survey was not conducted due to gap in the survey period (Oct. 14 - Nov. 5). AUC seems fair, see AUC Recalculation. Recommend classification 4 due to missed peak survey.",Regular inspections for coho were completed from September to November. Actual counts were used for each inspection and then this information was entered into the AUC program to calculate the final escapement . A 46 day residency time and a 90% observer efficiency was used for coho.,AUC given reasonably matches recalculation (94).,7,Walk,
kiskosh_ck,6,douglas_ursula_devastation_channels,2009,,305,305,5,Visual,,3,3,3,4,N (OCT C),"5/7 inspections saw coho. Peak survey was not conducted due to gap in the survey period (Oct. 13 - Nov. 11). AUC seems fair, see AUC Recalculation. Recommend classification 4 due to missed peak survey.",Coho were inspected on a regular basis through the season. The counts from each inspection were entered into the AUC program using a 40 day residency time and an 80% observer efficiency to calculate the final escapement.,AUC given reasonably matches recalculation (303).,7,Walk / Float,
kiskosh_ck,6,douglas_ursula_devastation_channels,2010,,70,70,5,Visual,,3,4,3,4,N (OCT C),"5/7 inspections saw coho. Peak survey was not conducted due to gap in the survey period (Oct. 15 - Nov. 2). AUC seems fair, see AUC Recalculation. Classification 5 seems fair due to missed peak survey.",Coho were inspected on a regular basis through the season. The counts from each inspection were entered into the AUC program using a 50 day residency time and 80% observer efficiency to calculate the final escapement.,AUC given reasonably matches recalculation (69).,7,Walk,
kiskosh_ck,6,douglas_ursula_devastation_channels,2011,,160,160,3,Visual,,3,3,3,3,Y (OCT C),"5/8 inspections saw coho. Peak spawning was included in the survey period (peak survey Oct. 28). AUC seems fair, see AUC Recalculation. Classification 3 seems fair due to adequate number of surveys and good coverage of run timing.",For coho the information collected from the three inspections was entered into the AUC program using a 48 day Residency Time and 90% Observer Efficiency to calculate the final escapement. There were no inspections in September because of the poor weather so used Sept. 5 as the arrival date.,AUC given reasonably matches recalulation (158).,8,Walk / Float,
kiskosh_ck,6,douglas_ursula_devastation_channels,2012,,175,154,5,Visual,,3,3,3,3,Y (OCT C),"5/6 inspections saw coho. Peak spawning was included in the survey period (peak survey Oct. 25). AUC seems fair, see AUC Recalculation. Classification 3 seems fair due to adequate number of surveys and good coverage of run timing.",For Coho the information collected from the 5 inspections was entered into the AUC program using a 55 day Residency Time and a 90% Observer Efficiency to calculate the final escapement. Peak count on Oct. 25 was 139 Coho. Only 6 coho remaining in stream on Nov 25.,"AUC calculated with the following parameters: RT 55 days; OE 90%; actual counts, suggests escapement estimate 154.",6,Walk,
kiskosh_ck,6,douglas_ursula_devastation_channels,2013,,255,255,4,,,3,3,3,4,Y (OCT C),"4/7 inspections saw coho. Peak spawning was included in the survey period (Oct. 28). AUC seems fair, see AUC Recalculation. Recommend classification 4 due to low resolution.",For coho the information colleted from the four inspections was entered into the AUC program using a 50 day RT and a 90% OE to calculate the final escapement. A peak count of 228 coho on Oct. 28. Only 33 coho were remaining in the stream on Nov. 16.,AUC given reasonably matches recalculation (253).,7,Walk / Float,
kiskosh_ck,6,douglas_ursula_devastation_channels,2014,,90,90,5,Visual,,3,3,3,3,Y (OCT C),"5/8 inspections saw coho. Peak spawning was included in the survey period (Oct. 22, 31). AUC seems fair, see AUC Recalculation. Classification 3 seems fair due to adequate number of surveys and good coverage of run timing.",Five coho inspections were completed in 2014. The counts from each inspection was entered into the AUC program using a 50 day RT and a 80% OE to calculate the final escapement of 90.,AUC given matches recalculation.,8,Walk / Float,
kiskosh_ck,6,douglas_ursula_devastation_channels,2015,,160,160,3,Visual,,3,4,1,4,N (OCT C),"3/4 inspections saw coho. Peak survey was not conducted due to early end to the survey period (last survey Oct. 18). Peak count seems fair, recommend estimate method changed to 1 (peak live plus dead). Classification 4 seems fair due to incomplete coverage of run timing.",Three coho inspections were completed  in the 2015 season. The peak count was used as the final escapement. As in past year the majority of coho are holding in the stream by mid October.,,4,Walk / Float,
kiskosh_ck,6,douglas_ursula_devastation_channels,2016,,490,490,4,Visual,,3,3,3,4,Y (OCT C),"4/5 inspections saw coho. Peak spawning was included in the survey period (peak survey Oct. 26). AUC seems fair, see AUC Recalculation. Recommend classification 4 due to low resolution.", There were 4 inspections completed for coho in 2016. The individual counts from each inspections was entered into the AUC program using a 54 day RT and a 90% OE to calculate the final escapement of 490.,AUC given reasonably matches recalculation (483).,5,Walk,
kiskosh_ck,6,douglas_ursula_devastation_channels,2017,,184,184,2,Visual,,3,3,1,5,N (OCT C),"2/6 inspections saw coho. Peak survey was not conducted due to gap in the survey period (Oct. 3 - Nov. 1). AUC not appropriate due to missed peak survey and fewer than three counts. Recommend estimate changed to 110 (estimated escapement to date listed on final SIL of the season). Recommend estimate method changed to 1 (peak live plus dead), classification 5 due to no peak survey and low resolution.",2 inspections were completed to enumerate coho and the actual counts from each inspection was entered into the AUC program using a 35 day RT and a 90% OE to calculate the final escapement. ,AUC not appropriate.,6,Walk,
kiskosh_ck,6,douglas_ursula_devastation_channels,2018,,60,60,2,Visual,,1,5,1,5,N (OCT C),"2/5 inspection saw coho. Peak survey was not conducted due to early end to the survey period (last survey Oct. 13). Peak count seems fair, classification 5 seems fair due to low resolution and missed peak survey.",The annual coho escapement is peak count of coho rounded up.,,5,Walk / Float,
kiskosh_ck,6,douglas_ursula_devastation_channels,2019,,No Record,97,,Visual,,,,1,5,Y (OCT C),"No annual estimate in database. 2/5 inspections saw coho. Peak timing for this stream is usually estimated in OCT C, it is likely that peak spawning was included in the survey period (peak survey Oct. 27, highest count Oct. 3). Recommend 97 for estimate (count from Oct. 3 survey). Recommend classification 5 due to no original estimate provided.",,,5,Walk / Float,
kiskosh_ck,6,douglas_ursula_devastation_channels,2020,,115,115,3,Visual,,3,3,3,3,N (OCT C),"3/6 inspections saw coho. Peak survey was not conducted due to early end to the survey period (last survey Oct. 7). AUC seems fair, see AUC Recalculation. Recommend classification 4 due to low resolution and incomplete coverage of run timing.","The annual coho escapement is based on the 3 inspections throughout the season. The information collected from the actual counts was entered into the AUC program using a 50 day RT and a 90% OE to calculate the final escapement of 115.
The annual pink escapement is based on the regular ground inspections conducted through the season. The actual counts were entered into the AUC program using a 18 day RT and a 90% OE to calculate the final escapement of 1840.
The annual chum escapement is the actual number of chum counted on 2 inspections.",AUC given reasonably matches recalculation (113).,6,Walk / Float,
kiskosh_ck,6,douglas_ursula_devastation_channels,2021,,75,75,1,Visual,,5,5,5,5,N (OCT C),1/5 inspections saw coho. Peak survey was not conducted due to early end to the survey period (last survey Oct. 9). Numerical estimate may be fair. Classification 5 fair due to basis of the estimate on a single survey.,The coho final escapement is based on one inspection and comparing it to other years I felt the majority of coho were holding fin the creek. Recording the minimum observed escapement was preferred over stating AP.,,5,Walk,
kiskosh_ck,6,douglas_ursula_devastation_channels,2022,,170,170,3,Visual,,3,3,1,5,N (OCT B),"2/5 inspections saw coho. Peak survey was not conducted due to gap in the survey period (Sep. 30 - Oct. 23). AUC not appropriate due to missed peak survey and fewer than three counts. Recommend estimate changed to 140 (estimate based on the Sep. 30 count), estimate method changed to 1 (peak live plus dead). Recommend classification 5 due to no peak survey and low resolution.",The coho annual escapement  was derived from the actual counts from 3 inspections. The counts were entered into the AUC program using a 60day RT and a 90% OE.,,5,Walk,
kiskosh_ck,6,douglas_ursula_devastation_channels,2023,,275,275,1,Visual,,5,5,5,5,Y (NOV A),"1/4 inspections saw coho. Peak spawning was included in the survey period (peak survey Nov. 1). Peak count seems fair, classification 5 seems fair due to basis of estimate on a single survey.",The coho annual escapement is the peak count from the 1 inspection completed.,,4,Walk,
kiskosh_ck,6,douglas_ursula_devastation_channels,2024,,150,150,1,Visual,,5,5,5,5,Y (OCT C),"2/3 inspections saw coho. Peak spawning was included in the survey period (peak survey Oct. 28). Peak count seems fair, classification 5 seems fair due to basis of estimate on a single survey.","The annual coho escapement is a peak count estimate, Recording the minimum observed escapement in favour of stating Adults Present",,3,Walk,
martin,8,northern_coastal,1980,1000,1000,A/P,UNK,,,,,,,N (OCT C),"No SILs are available for this year. It is likely they are stored elsewhere as there is a numerical annual estimate provided (1000). Without the SILs, cannot effectively review the annual estimate. According to the SEN, the river was inspected ""regularly"". Peak timing is indicated on the SEN as OCT C. Cannot determine if peak was captured without SILs and/or inspection dates. Recommend changing annual estimate to A/P until a numerical value can be verified.",,,No SILs available,,
martin,8,northern_coastal,1981,1400,1400,A/P,UNK,,,,,,,N (DEC B),"No SILs are available for this year. It is likely they are stored elsewhere as there is a numerical annual estimate provided (1400). Without the SILs, cannot effectively review the annual estimate. According to the SEN, the river was inspected ""regularly"". Peak timing is indicated on the SEN as DEC B. Cannot determine if peak was captured without SILs and/or inspection dates. Recommend changing annual estimate to A/P until a numerical value can be verified.",,,No SILs available,,
martin,8,northern_coastal,1982,1550,1550,A/P,UNK,,,,,,,N (DEC B),"No SILs are available for this year. It is likely they are stored elsewhere as there is a numerical annual estimate provided (1550). Without the SILs, cannot effectively review the annual estimate. According to the SEN, the river was inspected ""regularly"". Peak timing is indicated on the SEN as DEC B. Cannot determine if peak was captured without SILs and/or inspection dates. Recommend changing annual estimate to A/P until a numerical value can be verified.",,,No SILs available,,
martin,8,northern_coastal,1983,1200,1200,A/P,UNK,,,,,,,N (DEC C),"No SILs are available for this year. It is likely they are stored elsewhere as there is a numerical annual estimate provided (1200). Without the SILs, cannot effectively review the annual estimate. According to the SEN, the river was inspected ""regularly"". Peak timing is indicated on the SEN as DEC C. Cannot determine if peak was captured without SILs and/or inspection dates. Recommend changing annual estimate to A/P until a numerical value can be verified.",Well monitored coho escapement - this figure is used as a base for determining coho escapement in other systems as a comparative number for different years.,,No SILs available,,
martin,8,northern_coastal,1984,2250,2250,A/P,UNK,C&F,B,,,,,N (DEC C),"No SILs are available for this year. It is likely they are stored elsewhere as there is a numerical annual estimate provided (2250). Without the SILs, cannot effectively review the annual estimate. According to the SEN, the river was inspected first on Jul 27 and last on Feb 19 with 14 inspections between for a total of 16 surveys this season. Peak timing is indicated on the SEN as DEC C, at which point the survey period had ended. Unlikely that peak was captured. Recommend changing annual estimate to A/P until a numerical value can be verified.",Well monitored coho escapement. This system used as a comparative figure to estimate coho escapements in other systems.,,No SILs available,,
martin,8,northern_coastal,1985,1000,1000,A/P,UNK,,,,,,,N (DEC C),"No SILs are available for this year. It is likely they are stored elsewhere as there is a numerical annual estimate provided (1000). Without the SILs, cannot effectively review the annual estimate. According to the SEN, the river was inspected on Jul 25, Aug 9. 10, 24, 25, Sep 5, Oct 29, Nov 11, Dec 7. Peak timing is indicated on the SEN as DEC C, at which point the survey period had ended. Unlikely that peak was captured. Recommend changing annual estimate to A/P until a numerical value can be verified.","Well monitored system, as seasonal patrolman/guardian lives in Ocean Falls and inspects the system on a regular basis. Coho numbers in this system are used as a guide when determining other coho escapements in Area 8.",,9**,,
martin,8,northern_coastal,1986,270,270,A/P,UNK,1,1,,,,,N (DEC C),"No SILs are available for this year. It is likely they are stored elsewhere as there is a numerical annual estimate provided (270). Without the SILs, cannot effectively review the annual estimate. According to the SEN, the river was inspected on Aug 27, Sep 5, 21, 22, Oct 21. Peak timing is indicated on the SEN as DEC C, at which point the survey period had ended. Unlikely that peak was captured. Recommend changing annual estimate to A/P until a numerical value can be verified.",No coho inspections this year due to budget constraints. Important coho index river for the rest of Area 8 streams.,,5**,,
martin,8,northern_coastal,1987,1140,1140,A/P,UNK,1&2,4,,,,,Y (DEC B),"No SILs are available for this year. It is likely they are stored elsewhere as there is a numerical annual estimate provided (1400). Without the SILs, cannot effectively review the annual estimate. According to the SEN, the river was inspected on Sep 8, 13, 26, Oct 27, Nov 1, 7, 22, 28, Dec 4, 15, 24, 30. Peak timing is indicated on the SEN as DEC B, during which there was a survey conducted (15 Dec). It seems likely that peak was captured this year. Recommend changing annual estimate to A/P until a numerical value can be verified.",Brian Penman was hired for ten days in November and December as the Martin River Guardian to enumerate coho stocks and clear trail.,,12**,,
martin,8,northern_coastal,1988,2000,2000,A/P,UNK,1&2,4,,,,,N (DEC B),"No SILs are available for this year. It is likely they are stored elsewhere as there is a numerical annual estimate provided (2000). Without the SILs, cannot effectively review the annual estimate. According to the SEN, the river was inspected on Aug 9, 17, 24, Sep 2, 6, 12, 17, 20, Oct 5, Nov 21. Peak timing is indicated on the SEN as DEC B, at which point the survey period had ended. Unlikely peak was captured this year. Recommend changing annual estimate to A/P until a numerical value can be verified.",,,10**,,
martin,8,northern_coastal,1989,1300,1300,A/P,UNK,1,4,,,,,N (DEC B),"No SILs are available for this year. It is likely they are stored elsewhere as there is a numerical annual estimate provided (1300). Without the SILs, cannot effectively review the annual estimate. According to the SEN, the river was inspected on Aug 9, 15, Sep 2, 11, 20, 21, 26, Oct 3, 6, 16. Peak timing is indicated on the SEN as DEC B, at which point the survey period had ended. Unlikely peak was captured this year. Recommend changing annual estimate to A/P until a numerical value can be verified.","Beaver dams controlled on lower river to let fish pass during low flows. Guardian Ernie Johnson hired one day/week, Sep - Dec (15 weeks) to monitor coho escapements.",,10**,,
martin,8,northern_coastal,1990,5000,5000,A/P,UNK,1,2,,,,,N (DEC B),"No SILs are available for this year. It is likely they are stored elsewhere as there is a numerical annual estimate provided (5000). Without the SILs, cannot effectively review the annual estimate. According to the SEN, the river was inspected on Aug 29, Sep 17, 22, Oct 6, 15, Nov 20. Peak timing is indicated on the SEN as DEC B, at which point the survey period had ended. Unlikely peak was captured this year. Recommend changing annual estimate to A/P until a numerical value can be verified.",SEP community advisor along with group of volunteers from Oceans Falls took 1500 coho eggs for an incubation box to enhance the locals knowledge of salmonids life cycles.,,6**,,
martin,8,northern_coastal,1991,3000,3000,3000,2,1,1,,,,,N (DEC B),"Coho were observed in 2/2 SILs (Sep 9, Oct 19). The annual estimate (3000) seems to have been generated with respect to observed totals, matches the listed value for 19 Oct. Peak timing is indicated on the SEN as DEC B, at which point the survey period had concluded. Peak was likely not captured this year. ",,,2**,,
martin,8,northern_coastal,1992,1000,1000,1000,4,1,2,,,,,N (DEC B),"Coho were observed in 2/4 SILs (Sep 13, Oct 12). It is unclear how the annual estimate (1000) was generated given that the estimated escapement to date on the final SIL (12 Oct) is 500. Peak timing is indicated on the SEN as DEC B, at which point the survey period had concluded. Peak was likely not captured this year. Recommend review to determine an appropriate annual estimate, in the meantime, recommend changing annual estimate to A/P.",,,4**,,
martin,8,northern_coastal,1993,700,700,A/P,UNK,1,2,,,,,N (DEC B),"No SILs are available for this year. It is likely they are stored elsewhere as there is a numerical annual estimate provided (700). Without the SILs, cannot effectively review the annual estimate. According to the SEN, the river was inspected on Aug 20, 25, Oct 7, 17, Nov 12, Dec 5. Additionally, surveyors note in the SEN that ""coho were later this year as compared to the past 4 years."" Peak timing is indicated on the SEN as DEC B, at which point the survey period had ended. Unlikely peak was captured this year. Recommend changing annual estimate to A/P until a numerical value can be verified.",Coho were later this year as compared to the past 4 years.,,No SILs available**,,
martin,8,northern_coastal,1994,NA,N/I,N/I,,,,,,,,,No SILs are available for this year. Martin River was reportedly N/I this year (SEN estimate).,,,No SILs available,,
martin,8,northern_coastal,1995,1000,1000,1000,4,,,,,,,N (OCT C),"Coho were observed in 2/4 SILs (Nov 1, 22). It seems that the annual estimate (1000) was generated with respect to the estimated escapement to date, and was likely an expansion of the 1 Nov estimate of 850 (not provided for 22 Nov). Peak timing is not indicated on the SEN, nor is it mentioned on any of the SILs. The stream catalogue lists peak spawning as OCT C, during which there were no surveys. Although there was a survey conducted on 1 Nov, it is unclear from the reported coho counts whether or not peak timing was captured this year. ",Late estimates of coho made by SEP volunteers at Ocean Falls.,,4,,
martin,8,northern_coastal,1996,3000,3000,A/P,UNK,,,,,,,N,"Coho were observed in 1/1 SIL (17 Sep). It is unclear how the annual estimate (3000) was generated given that the estimated escapement to date listed on the only SIL of the season is 225. The surveyor notes on the SIL that the estimate of 225 is potentially low because they were unable to survey the upper spawning grounds. Viewing conditions were indicated as fair for this survey, but it was conducted significantly before peak (stream catalogue: OCT C). Recommend changing the annual estimate to A/P given single survey significantly before peak spawning.",,,1,,
martin,8,northern_coastal,1997,NA,2000,A/P,UNK,1,3,,,,,N (OCT C),"Coho were observed in 1/4 SILs (20 Sep). The annual estimate provided in the SEN (2000) was generated relying on reports from ""a knowledgeable local resident"". However, the only SIL containing coho counts (20 Sep) only saw a single fish. Comments listed in the Annual Est. Rationale reference data collected in Oct for which there are no SILs. It is unclear if there is more data that is stored elsewhere. Viewing conditions seem good for this season, but all surveys that have SILs available were conducted significantly before peak (stream catalogue: OCT C). It should be noted that there is a large disparity between the annual estimates provided by NuSEDs vs. the SEN (NA and 2000 respectively). Recommend review to determine an appropriate annual estimate, in the meantime, recommend changing the annual estimate to A/P.",After the Oct 16 rain approx 2000 coho were observed to move from the lower river near the pump house to the upper river by a knowledgeable local resident. Approximately 500 coho were counted by the Sooke Post crew on Oct 24 (50 by the pumphouse and 450 above the 1st swamp). Counts of Pinks and Chums were not adequately conducted to obtain a count.,,4,,
martin,8,northern_coastal,1998,2000,2000,2000,4,1,3,,,,,N (OCT C),"Coho were observed in 5/8 SILs (Aug 22, Sep 5, 20, Oct 2, 13). The annual estimate (2000) was generated as an expert opinion accounting for sections of the river inspected and visibility conditions. However, the surveyor notes that the estimate is to be regarded as a to-date figure (15 Oct), and does not account for fish entering the system later in the season. Viewing conditions seem good for this season. Peak timing is not indicated on the SEN, nor is it listed on the SILs. The stream catalogue indicates OCT C as peak spawning, during which there were no surveys. It seems unlikely that peak spawning was captured this year.","The coho escapement this year is significantly higher than in 1997. Inspection of Sep 5 showed 20 coho in system. The inspection of Sep 20 indicated 915 coho. On this inspection 100% of the system was covered. Oct 2 showed 300 coho but viewing conditions were not ideal due to higher water levels and rain. On Oct 15 there were 590 coho counted in the first 1.5 km and from past experience I would conservatively estimate an additional 200 coho in the next 1.5 km holding in the deeper, tree-lined pools there. These are new fish since previous inspections. I would suggest that there were in the order of 2000 coho in the Martin River so far this year (Oct 15).",,8,,
martin,8,northern_coastal,1999,2500,4000,A/P,UNK,1&3,3,,,,,N (OCT C),"Coho were observed in 3/3 SILs (Oct 5, 11, 30). The annual estimate was generated via undocumented expansion, though it is unclear which estimate (NuSEDs - 2500; SEN - 4000) is the correct one. Viewing conditions seem good for this season. Peak timing is not indicated on the SEN, nor is it listed on the SILs. The stream catalogue indicates OCT C as peak spawning. There was a survey conducted in this period (Oct 30), but the provided counts seem to indicate that peak may have been missed. It is unclear if peak was captured this year. It should be noted that there is a large disparity between the annual estimates provided by NuSEDs vs. the SEN (2500 and 4000 respectively). Recommend review to determine which estimate is appropriate, in the meantime recommend annual estimate changed to A/P.",Final escapements based on an undocumented expansion.,,3,,
martin,8,northern_coastal,2000,2750,3200,A/P,8,1&3,,,,,,N,"Coho were observed in 5/8** SILs (Aug 31, Sep 19, 26, Oct 14, Nov 21). See Annual Est. Rationale for how the annual estimate was generated (note that the rationale matches the SEN estimate, not the NuSEDs one). Viewing conditions varied, but seem overall good for this season. Peak timing is not indicated on the SEN, nor is it listed on the SILs. The stream catalogue indicates OCT C as peak spawning, during which there were no surveys conducted. It should be noted that there is a disparity between the annual estimates provided by NuSEDs vs. the SEN (2750 vs. 3200 respectively). Recommend annual estimate recorded as 3200. Additionally, it is mentioned in the Annual Est. Rationale that an AUC was calculated, though there is limited information on how the calculation was done. I was unable to reasonably replicate the AUC calculation, could be due to missing data (SEN indicates 19 inspections, only SILs available for 8). AUC may not be an appropriate method of estimation due to missing peak survey (usually, peak must be clearly defined). See AUC Recalculation for more detail. Recommend review to determine an appropriate annual estimate, in the meantime, recommend changing annual estimate to A/P.","Coho: final escapement estimate is 3200. This estimate was arrived at by reviewing the stream inspection logs (BC 16 entries) made for the year and by discussing actual counts, estimate, holding patterns, and spawning migratory movements with Ocean Falls streamkeeper Andrew Joanisse. The reliability factor was also taken into consideration when finalizing the estimate. AUC was also applied tot he data, taking into account the residency time of the coho ranged from approx. 4-6 weeks.","Could not reasonably replicate the AUC calculation to match either provided annual estimate. Was possible using the observed totals and manipulating observer efficiency, but required OE of ~48% (unlikely). If a more reasonable OE is used instead (80%), the AUC output is ~1900 which is much too low to match either annual estimate (2750 or 3200). This is similar to if estimated TTDs are entered with 100% OE. Estimated TTDs seem to have been entered as coho adult live estimated totals, which is why I included them in the AUC calculation process. See sheet ""MetaData"" for information regarding calculation of TTDs for 19 Sep and 21 Nov.",8**,,
martin,8,northern_coastal,2001,8500,150,8500,13,1&3,1,,,,,Y (OCT C),"Coho were observed in 10/13 SILs (Sep 8, Oct 19, 20, 21, 25, 31, Nov 8, 12, 23, Dec 12). It is unclear how the annual estimate (8500) was generated, though it matches the estimated escapement to date listed on the 25 Oct SIL. Viewing conditions seem good for this season. Peak timing is not indicated on the SEN, nor is it listed on the SILs. The stream catalogue indicates OCT C as peak spawning. There were multiple surveys conducted in this period (Oct 21, 25, 31), and the season's reported counts of coho support that peak was captured. It should be noted that there is a large disparity between the annual estimates provided by NuSEDs vs. the SEN (8500 and 150 respectively). Recommend annual estimate recorded as 8500.",,,13,,
martin,8,northern_coastal,2002,9210,9210,9210,14,1&3,3,,,,,Y (OCT C),"Coho were observed in 13/14 SILs (Aug 20, 29, Sep 4, 16, 23, 26, 29, Oct 7, 12, 18, 23, 29, Nov 9). It is unclear how the annual estimate (9210) was generated, but it may have been an expansion of the estimated total to date indicated on the 9 Nov SIL. Viewing conditions seem good for this season. Peak timing is not indicated on the SEN, nor is it listed on the SILs. The stream catalogue indicates OCT C as peak spawning. There were multiple surveys conducted in this period (Oct 23, 29), and the season's reported counts of coho support that peak was captured.",,,14,,
martin,8,northern_coastal,2003,5900,5900,5900,16,1&3,3,,,,,N,"Coho were observed in 12/16* SILs (Sep 6, 14, 26*, Oct 2, 4, 12, 19, 26, Nov 2, 5, 8, 10). It is unclear how the annual estimate (5900) was generated, but it may be too low as the estimated escapement to date provided on the 10 Nov SIL is 6500. Viewing conditions were variable this season, but seem overall good. Peak timing is not indicated on the SEN, nor is it listed on the SILs. The stream catalogue indicates OCT C as peak spawning. There was a survey conducted during this period, however, later surveys (i.e. 10 Nov) continued to report similarly high counts of coho. It is unclear if peak spawning was captured this season. Note that there were two surveys conducted on 26 Sep, one by foot, the other by plane. Only the inspection by foot is being referenced here as the plane did not observe any coho (likely due to poor countability conditions).",,,16*,,
martin,8,northern_coastal,2004,5200,5200,5200,7,Plane / Bank Walk / Streamwalk,Medium,,4,,,N,"Coho were observed in 4/7 SILs (Sep 20, Oct 22, Nov 11, 28). It seems the annual estimate (5200) was generated with regard to estimated total to date, matches the value for 29 Nov. Viewing conditions were variable this season, but seem overall fair. Peak timing is not indicated on the SEN. Surveyors note that the 16 Oct inspection was conducted before active spawning, but no such information is provided for 29 Nov. Alternatively, the stream catalogue indicates OCT C as peak spawning, during which there were no surveys. It is unclear if peak spawning was captured this season.",,,7,,
martin,8,northern_coastal,2005,4100,4100,4100,5,Streamwalk / Bank Walk / Plane,,12,4,5,,N,"Coho were observed in 3/5 SILs (Sep 18, Oct 16, Nov 29). It seems the annual estimate (4100) was generated with regard to estimated total to date, matches the value for 29 Nov. Viewing conditions were variable this season, but seem overall fair. Peak timing is not indicated on the SEN. Surveyors note that the 16 Oct inspection was conducted before active spawning, but no such information is provided for 29 Nov. Alternatively, the stream catalogue indicates OCT C as peak spawning, during which there were no surveys. It is unclear if peak spawning was captured this season. Recommend changing estimate method from 12 (other) to 5 (expert opinion).",,,5,,
martin,8,northern_coastal,2006,3300,3300,3300,1,Streamwalk,,12,4,,,Y,"Coho were observed in 2/3 SILs (Oct 7, Nov 24). It is unclear how the annual estimate (3300) was generated, but it is likely to be primarily based on the 24 Nov peak survey where 2500 coho were estimated. Viewing conditions were variable this season, but seem overall fair. Peak timing is indicated on the SEN as NOV C, during which there was a survey. It seems likely peak spawning was captured. ",,,3,,
martin,8,northern_coastal,2007,1100,1100,1100,2,Plane / Bank Walk / Streamwalk,,12,4,,,N,"Coho were observed in 2/3 SILs (Oct 24, Nov 27). It seems the annual estimate (1100) was generated by adding the estimated total from 24 Oct (700) to the estimated new from 27 Nov (400). Viewing conditions were variable this season, but seem overall good. Peak timing is not indicated on the SEN. Surveyors note that the 24 Oct inspection was conducted at the start of active spawning, but no such information is available for 27 Nov. Alternatively, the stream catalogue indicates peak spawning as OCT C, during which there were no surveys. It is unclear whether or not peak was captured.",,,3,,
martin,8,northern_coastal,2008,1400,1400,1400,5,Bank Walk,,1,4,,,N,"Coho were observed in 4/5 SILs (Sep 22, 23, Nov 24, 25, 26). It seems the annual estimate (1400) was generated with respect to the estimated total to date, matches the value listed on 26 Nov. Viewing conditions were variable this season. Peak timing is not indicated on the SEN. Surveyors note that the 23 Sep inspection was conducted before active spawning, but no such information is available for later surveys. Alternatively, the stream catalogue indicates peak spawning as OCT C, during which there were no surveys. It is unclear whether or not peak was captured as reported counts of coho were still increasing by the last survey.",,,5,,
martin,8,northern_coastal,2009,5500,5500,5500,1,Bank Walk / Streamwalk,,5,5,,,Y,"Coho were observed in 7/7 SILs including early 2010 (Aug 25, Sep 11, Oct 5, Dec 2, 30, Jan 19, Feb 4). It is unclear how the annual estimate (5500) was generated, though it may be an expansion of the estimated total to date (4500) from the peak survey on 2 Dec. Viewing conditions varied over the season, but seem overall good. Peak timing is not indicated on the SEN, but surveyors note that the 2 Dec inspection was conducted at peak.",Just below the falls (dry channel) the stream went under ground for about a km down stream before starting to see some of the deeper pools with water. This is the area where the estimated 350 coho were stranded & died before spawning (entered area during high water but were stranded during dry periods that followed).  Diverting Martin Lake water back into the Martin sytem would help alleviate this problem but the tunnel diversion was done over 80 years ago and higher flood waters may cause some negative impacts as the stream adjusts itself. Some assessment before diverting the water back to the Martin Valley is advisable.,,7,,
martin,8,northern_coastal,2010,4000,4000,4000,4,Bank Walk / Streamwalk,,5,4,,,Y (NOV C),"Coho were observed in 4/4 SILs (Sep 12, Oct 23, 24, Nov 28). It seems the annual estimate (4000) was generated with respect to the estimated total to date, matches value listed on 28 Nov. Viewing conditions varied over the season, but seem overall fair. Peak timing is indicated on the SEN as NOV C, during which there was a survey conducted. Peak was likely captured this year. ",,,4,,
martin,8,northern_coastal,2011,4000,4000,4000,1,Bank Walk / Streamwalk,,5,6,,5,N,"Coho were observed in 4/4 SILs (Aug 9, Sep 8, Oct 8, Nov 18). It seems the annual estimate (4000) was generated as a peak count, matches the observed total on 8 Oct and the estimated total to date listed on 18 Nov. Viewing conditions varied over the season, but seem overall fair. Peak timing is not indicated on the SEN. Surveyors note that the 8 Oct survey was conducted before active spawning, but no such information is available for 18 Nov. Alternatively, the stream catalogue indicates peak spawning as OCT C, during which there were no surveys conducted. Peak was likely not captured this year. Estimate classification of 6 is in contradiction with a numerical annual estimate. Recommend changing estimate classification to 5 due to long period between critical surveys (i.e. 8 Oct - 18 Nov) and missing peak survey.",,,4,,
martin,8,northern_coastal,2012,4300,4300,4300,2,Streamwalk,,5,5,,,Y (NOV C),"Coho were observed in 2/2 SILs (Sep 21, Nov 29). It is unclear how the annual estimate (4300) was generated, but it matches the estimated total to date listed on the 29 Nov SIL. Viewing conditions seem overall decent this season. Peak timing is indicated on the SEN as NOV C, during which there was a survey conducted. It seems peak was likely captured this year. Likely classified as Low Resolution due to long period between critical surveys (i.e. 21 Sep - 29 Nov), and only two surveys conducted.",,,2,,
martin,8,northern_coastal,2013,4000,4000,4000,6,Bank Walk / Streamwalk,,5,5,,4,Y (NOV C),"Coho were observed in 6/6 SILs (Sep 18, Oct 2, 19, 20, Nov 25, 26). The annual estimate (4000) was likely generated with respect to the estimated total to date, though it is slightly higher than the TTD listed on 26 Nov (3900). Viewing conditions varied over the season, but seem overall somewhat poor. Peak timing is indicated on the SEN as NOV C, during which there was a survey conducted. It seems peak was likely captured this year. Recommend review of estimate classification due to decent survey conditions and survey conducted at peak, likely could be increased. In the meantime, recommend changing estimate classification from 5 to 4.",,,6,,
martin,8,northern_coastal,2014,6300,6300,6300,4,Bank Walk / Streamwalk,,5,5,,,N (NOV C),"Coho were observed in 3/4 SILs (Sep 28, Oct 6, Nov 19). The annual estimate (6300) was likely generated with respect to the estimated total to date, though it is slightly higher than the TTD listed on 19 Nov (6200). Viewing conditions varied over the season, but seem overall somewhat poor. Peak timing is indicated on the SEN as NOV C. While no survey was conducted during this period, there was an inspection in late NOV B (19 Nov). It is unclear if peak was captured this year.",,,4,,
martin,8,northern_coastal,2015,3800,3800,3800,2,Bank Walk,,1,5,,,N,"Coho were observed in 1/2 SILs (22 Oct). The annual estimate (3800) matches the estimated total to date from the 22 Oct survey. Viewing conditions for this survey were poor (low estimate reliability, poor fish countability). Peak timing is not indicated on the SEN, though surveyors note that the 22 Oct inspection was conducted at the start of active spawning (before peak). Due to poor survey conditions, incomplete coverage of run timing, and only one observation date, may be a candidate for A/P.",,,2,,
martin,8,northern_coastal,2016,NA,A/P,A/P,5,Bank Walk / Streamwalk,,,6,,,N,"Coho were observed in 3/5 SILs (Sep 27, Oct 11, Nov 30). There is no numerical annual estimate provided this year, and surveyors note on the final SIL that the total to date is very unreliable. Viewing conditions varied through the season, but seem overall poor. Peak timing is not indicated on the SEN. Surveyors note that the 11 Oct inspection was conducted before active spawning, but no such information is available for 30 Nov. Alternatively, the stream catalogue indicates peak spawning as OCT C, during which there were no surveys conducted. It seems unlikely that peak was captured this year. ",,,5,,
martin,8,northern_coastal,2017,NA,A/P,A/P,2,Bank Walk / Streamwalk,,,6,,,N,"Coho were observed in 1/2 SILs (1 Sep). There is no numerical annual estimate provided this year, which seems appropriate as there was only one observation of spawners and the 1 Sep survey was conducted in very poor viewing conditions (low estimate reliability, nil fish countability). Peak timing is not indicated on the SEN, though surveyors note that the 1 Sep inspection was conducted before active spawning.",Later-season walks were planned and would have been necessary to make an assessment of coho and chums from.,,2,,
martin,8,northern_coastal,2018,1725,1725,1725,5,Streamwalk / Bank Walk,,5,5,,,N,"Coho were observed in 4/5 SILs (Aug 29, Sep 19, 27, Oct 12). It seems the annual estimate (1725) was generated with respect to the estimated total escapement to date, and matches the value listed on the final SIL (12 Oct). Peak timing is not indicated on the SEN. Surveyors note that the 27 Sep inspection was conducted before active spawning, but no such information is provided for 12 Oct. Alternatively, the stream catalogue indicates peak spawning as OCT C, at which point the survey period this year had ended. Peak was likely not captured.",,,5,,
martin,8,northern_coastal,2019,1000,1000,1000,2,Bank Walk / Streamwalk / Helicopter / Other,,5,5,,,Y (NOV B),"Coho were observed in 2/5 SILs (Oct 11, Nov 20). It is unclear how the annual estimate (1000) was generated, but it likely accounts for estimated total from 11 Oct (620) and the estimated new count from 20 Nov (370). Peak timing is indicated on the SEN as NOV B, during which there was a survey conducted. Peak was likely captured.",,,5,,
martin,8,northern_coastal,2020,600,600,600,2,Streamwalk / Helicopter,,5,4,,,N,"Coho were observed in 2/2 SILs (Oct 9, Nov 7). It seems the annual estimate (600) was generated with respect to the estimated total to date, and matches the value listed on the final survey (7 Nov). Peak timing is not indicated on the SEN. Surveyors note on the 9 Oct SIL that the inspection was conducted at the start of active spawning (before peak), but no such information is provided on the 7 Nov SIL. Alternatively, the stream catalogue indicates peak spawning as occuring in OCT C which was not surveyed. It is unclear whether peak was captured this year or not.",,,2,,
martin,8,northern_coastal,2021,NA***,1300,1300,5,Bank Walk / Helicopter,,5,5,,,N,"Coho were observed in 3/5* SILs (Aug 2*, Aug 21*, Oct 24*). It seems the annual estimate (1300) was generated with respect to the estimated total to date, and matches the value listed on the final survey (24 Oct). For all inspections that counted coho, surveyors note that estimate reliability is low and fish countability is poor. Peak timing is not indicated on the SEN, though surveyors note on the final SIL that the inspection was conducted at the start of active spawning (before peak). Due to poor survey conditions and incomplete coverage of run timing, may be a candidate for A/P.",,,5*,,
martin,8,northern_coastal,2022,750,750,750,UNK,Bank Walk / Streamwalk,,5,5,,,,"Coho were observed in 3/6* SILs (Aug 31*, Oct 3*, Oct 11*). It is unclear how the annual estimate (750) was generated, though it may have been a further expansion of the estimated total to date recorded on the 11 Oct SIL (650). For all inspections that counted coho, surveyors note that estimate reliability is low and fish countability is poor. Peak timing is not indicated on the SEN. It is noted on the 3 Oct SIL that the inspection occured before active spawning, but no such information is given for the final survey on 11 Oct. Peak was likely not captured this year. Due to poor survey conditions and incomplete coverage of run timing, may be a candidate for A/P.","The helicopter flight which was planned but didin't happen, would have made the confidence in the coho count much greater.",,6*,,
martin,8,northern_coastal,2023,600,600,A/P,1,Bank Walk / Streamwalk,,1,5,,6,N (OCT A),"Coho were observed in 2/5 SILs (Sep 6, Oct 6). It seems the annual estimate (600) was generated using primarily the 6 Oct survey, matches the estimated escapement to date. However, surveyors note in the SIL that estimate reliability is low and fish countability is poor. The previous survey on 6 Sep estimated 10 adult live coho but countability is indicated as nil. Peak timing is indicated on the SEN as OCT A. There was a survey coducted in this period (6 Oct) though it is noted on the SIL that the inspection occured at the start of active spawning (before peak). Recommend changing annual estimate to A/P, estimate classification to 6 due to poor survey conditions and incomplete survey coverage of run timing.","On the last walk of October 6th, very few coho were seen; possibly there were many more than estimated in the bigger lower swamp pool, which is always difficult to see into and enumerate. Very few coho were seen in other pools with better visibility, howe",,5,,
martin,8,northern_coastal,2024,NA***,A/P,A/P,6,Bank Walk / Streamwalk / Other,,,6,,,N,"Coho were observed in 1/6 SILs (12 Sep). No numerical estimate is provided this year, likely due to the single observation and low / poor estimate reliability and fish countability indicated on the SIL. Peak timing is not indicated on the SEN, though surveyors note on the 12 Sep SIL that the inspection occured before active spawning.",,,6,,
molly_walker,8,bella_coola_system,1980,,,,,,,,,,,,No SILs available. No annual estimate generated specific to this stream.,,,,,
molly_walker,8,bella_coola_system,1981,,,,,,,,,,,,No SILs available. No annual estimate generated specific to this stream.,,,,,
molly_walker,8,bella_coola_system,1982,,,,,,,,,,,,No SILs available. No annual estimate generated specific to this stream.,,,,,
molly_walker,8,bella_coola_system,1983,,25,25,,,,,,,5,UNK,No SILs available. Unclear if this figure is included in the Bella Coola River estimate. Recommend classification 5 due to lack of information provided.,,,,,
molly_walker,8,bella_coola_system,1984,,75,75,,,,,,,5,UNK,No SILs available. Unclear if this figure is included in the Bella Coola River estimate. Recommend classification 5 due to lack of information provided.,,,,,
molly_walker,8,bella_coola_system,1985,,A/P,A/P,,,,,,,6,UNK,No SILs available. Unclear if this figure is included in the Bella Coola River estimate. Recommend classification 6 due to presence category.,,,,,
molly_walker,8,bella_coola_system,1986,,,,,,,,,,,,No SILs available. No annual estimate generated specific to this stream.,,,,,
molly_walker,8,bella_coola_system,1987,,,,,,,,,,,,No SILs available. No annual estimate generated specific to this stream.,,,,,
molly_walker,8,bella_coola_system,1988,,,,,,,,,,,,No SILs available. No annual estimate generated specific to this stream.,,,,,
molly_walker,8,bella_coola_system,1989,,,,,,,,,,,,No SILs available. No annual estimate generated specific to this stream.,,,,,
molly_walker,8,bella_coola_system,1990,,,,,,,,,,,,No SILs available. No annual estimate generated specific to this stream.,,,,,
molly_walker,8,bella_coola_system,1991,,,,,,,,,,,,No SILs available. No annual estimate generated specific to this stream.,,,,,
molly_walker,8,bella_coola_system,1992,,,,,,,,,,,,No SILs available. No annual estimate generated specific to this stream.,,,,,
molly_walker,8,bella_coola_system,1993,,,,,,,,,,,,No SILs available. No annual estimate generated specific to this stream.,,,,,
molly_walker,8,bella_coola_system,1994,,,,,,,,,,,,No SILs available. No annual estimate generated specific to this stream.,,,,,
molly_walker,8,bella_coola_system,1995,,,,,,,,,,,,No SILs available. No annual estimate generated specific to this stream.,,,,,
molly_walker,8,bella_coola_system,1996,,,,,,,,,,,,No SILs available. No annual estimate generated specific to this stream.,,,,,
molly_walker,8,bella_coola_system,1997,,,,,,,,,,,,No SILs available. No annual estimate generated specific to this stream.,,,,,
molly_walker,8,bella_coola_system,1998,,,,,,,,,,,,No SILs available. No annual estimate generated specific to this stream. See Annual Est. Rationale for available count data.,"Counts are as follows:
Nov. 23 - 2 live coho
Nov. 25 - 215 live, 15 dead coho
Nov. 26 - 41 live, 17 dead coho.",,6,,
molly_walker,8,bella_coola_system,1999,,,,,,,,,,,,No SILs available. No annual estimate generated specific to this stream.,Escapement figures for this stream are included on the BC16 for Bella Coola River.,,5,,
molly_walker,8,bella_coola_system,2000,,,,,,,,,,,,No SILs available. No annual estimate generated specific to this stream.,Escapement figures for this stream are included on the BC16 for Bella Coola River.,,6,,
molly_walker,8,bella_coola_system,2001,,30,30,1,,,,,,5,UNK,"1/3 inspections saw coho. Peak timing unknown, observation on Nov. 5. Numerical estimate may be fair, recommend classification 5 due to lack of information available. ",,,3,Walk,
molly_walker,8,bella_coola_system,2002,,100,100,5,Visual,3,,,,4,Y (NOV B),"All five inspections saw coho. Peak spawning was included in the survey period (peak survey Nov. 17). AUC may be fair, cannot recalculate without OE and RT values. Recommend classification 4 due to provided reliability estimate.",Coho escapement based on AUC.,,5,Walk,
molly_walker,8,bella_coola_system,2003,,18,18,2,Visual,1,,,,5,UNK,"1/2 inspections saw coho. Peak timing unknown, only observation Oct. 30. Numerical estimate may be fair, recommend classification 5 due to provided reliability estimate. Candidate for A/P designation.","The coho estimate is included in the Bella Coola River estimate (the above number is for reference only).  Charter Patrol and Nuxalk Fisheries made two instream inspections.  The coho escapement was the estimated live from one inspection in late October.  Low migration water levels could have contributed to the decreased escapement.  Regardless, with ony two inspections, this estimate has a lower reliability.",,2,Walk,
molly_walker,8,bella_coola_system,2004,,70,70,2,Visual,,10,4,12,4,Y (NOV B),"Both inspections this season saw coho. Peak spawning was included in the survey period (peak survey Nov. 18). Numerical estimate seems fair, classification 4 seems appropriate.","The above estimate is included in/was used to calculate the total coho escapement to the Bella Coola River (the above number is for reference only).  Charter Patrol and Nuxalk Fisheries made instream inspections for coho.  The residence time for coho this year was estimated to be < 11 days.  With the excessive high water events, when water conditions did stabilize, the fish turned over quickly.  Therefore, the coho escapement was the summation of the number of new fish to the system during the counts on November 9 (30) and 18 (36).  Pinks and chums were not inspected.",,2,Walk,
molly_walker,8,bella_coola_system,2005,,45,45,4,Visual,,12,4,12,4,Y (NOV B),"3/4 inspections saw coho. Peak spawning was included in the survey period (peak survey Nov. 12). Numerical estimate seems fair, classification 4 seems appropriate.","The above estimate is included in/was used to calculate the total escapement to the Bella Coola River (the above number is for reference only).  Charter Patrol and Nuxalk Fisheries made instream inspections for coho.  Coho were observed during 3 of the 4 inspections.  During the first inspection on October 28 no coho were observed but conditions were poor.  During the next inspection on November 4 there were 3 dead coho present that were probably missed on October 28.  For the annual estimate used the number of new fish to the system on each of the counts (8 + 16 + 10) plus the 3 dead on November 4.  Inspections ended early in the spawning, so Charter Patrol estimated another 20% (8) for fish later in the run.  The final escapement was estimated at 37 + 8 = 45 for 2005.  As in recent years, pinks and chums were not inspected.",,4,Walk,
molly_walker,8,bella_coola_system,2006,,20,20,1,Visual,,12,4,12,4,UNK (NOV B),"2/5 inspections saw coho. Many years for this stream estimate Peak in NOV B, peak survey may have been Nov. 14 (none seen, highest count Oct. 30). Numerical estimate may be fair, classification 4 seems appropriate.","The above estimate is included in/was used to calculate the total coho escapement to the Bella Coola River (the above number is for reference only).  Charter Patrol and Nuxalk Fisheries made instream inspections for coho.  Ralph Nelson estimated 18 coho based on carcasses, new to the system between walks, and empty redds at the beginning of the inspections.  He did feel that it was probable that early coho were missed, as there were kelts present on the first inspection.  Therefore, the final escapement was estimated at 20.  As in recent years, pinks and chums were not inspected.",,5,Walk,
molly_walker,8,bella_coola_system,2007,,16,16,3,Visual,,5,4,5,5,Y (NOV A),"All three inspections this season saw coho. Peak spawning was included in the survey period (peak survey Nov. 6). Numerical estimate may be fair, recommend classification 5 due to uncertaintly noted in the SEN comments. Candidate for A/P designation.","The above estimate is included in/was used to calculate the total coho escapement to the Bella Coola River (the above number is for reference only).  Charter Patrol and Nuxalk Fisheries made instream inspections for coho.  Ralph Nelson (Charter Patrol) reported a final escapement of 14 coho based on the number of live and dead observed, the number of new fish between inspections, and also unoccupied redds during the 1st inspection.  He felt there was a high probability that early coho were missed and a moderate possibility that late coho could have been missed.  Based on the latter assumptions, the annual index of escapement was estimated at 16 coho.  As in recent years, the pinks and chums were not inspected.",,3,Walk,
molly_walker,8,bella_coola_system,2008,,30,30,3,Visual,,5,4,5,4,Y (NOV B),"2/3 inspections saw coho. Peak spawning was included in the survey period (peak survey Nov. 13). Numerical estimate seems fair, classification 4 seems appropriate.","The above estimate was included in/was used to calculate the total escapement to the Bella Coola River but is recorded here for reference.

Estimate based on the three inspections, more coho could have arrived after last inspection,",,3,Walk,
molly_walker,8,bella_coola_system,2009,,A/P,A/P,2,Visual,,,6,,6,N (NOV B),"1/2 inspections saw coho. Many years for this stream indicate Peak in NOV B, unlikely that a peak survey was conducted due to early end to the survey period (last survey Nov. 3). A/P may be fair, if numerical estimate is desired, recommend 40. If using a numerical estimate, classification 5.","Two inspections, one before the rain for no fish seen and the other after the rain for a count of 40 coho.",,2,Walk,
molly_walker,8,bella_coola_system,2010,,32,A/P,3,Visual,,5,5,5,6,Y (NOV A),2/3 inspections saw live coho. Peak spawning was included in the survey period (peak survey Nov. 3). Recommend estimate changed to A/P due to only 2 observations of very few live coho.,"Molly Walker Creek was inspected three times for coho this year. Coho were seen on all occasions, though only carcasses were counted on the last inspection.",,3,Walk,
molly_walker,8,bella_coola_system,2011,,110,110,3,Visual,,3,4,3,4,Y (OCT C),"All three inspections this season saw coho. Peak spawning was included in the survey period (peak survey Oct. 31). AUC seems fair, see AUC Recalculation. Classification 4 fair due to low resolution.",Coho estimate is an AUC calculation using the three estimates with a 10 day residency time (heavy predation) = 100 then added 10% because later inspections of like streams in the valley suggest that further spawning would have occurred.,"AUC was calculated with the following parameters: RT 10 days; OE 100%; all counts, suggests escapement estimate 97. 1.1x expansion matches the given original estimate.",3,Walk,
molly_walker,8,bella_coola_system,2012,,24,24,3,Visual,,5,4,5,5,N (NOV B),"1/3 inspections saw coho. Many years for this stream estimate Peak in NOV B, there was a survey on Nov. 15 but no coho were observed. Numerical estimate may be fair, recommend classification 5 due to only one observation of live coho.","This system was walked three times by Charter Patrolman, specifically to look for Coho. Live coho were seen only on the first walk, though (3) new unaccompanied redds were seen on the 2nd (no new on 3rd). The annual estimate is a compilation of live plus dead and unaccompanied redd counts. ",,3,Walk,
molly_walker,8,bella_coola_system,2013,,100,100,4,Visual,,5,4,5,4,Y (NOV B),"All four inspections this season saw coho. Peak spawning was included in the survey period (peak survey Nov. 20, highest count Dec. 5). Numerical estimate may be fair, classification 4 may be appropriate.","Charter Patrol inspected this creek 4 times this year; all inspections were conducted in late fall and were specific to counting coho. There was a higher water event which occurred after the last inspection which saw more coho move into some other Bella Coola tributaries. It is not known if this sytem saw more or not.
Redds, carcasses and live coho were counted to arrive at the annual estimate (expert opinion), above. ",,4,Walk,
molly_walker,8,bella_coola_system,2014,,45,45,4,Visual,,5,5,5,5,Y (NOV B),"All four inspections this season saw coho. Peak spawning was included in the survey period (peak survey Nov. 14). Numerical estimate may be fair, classification 5 seems appropriate.","Molly Walker Creek was walked 4 times this year, all by CP and all timed to target coho.
Coho were seen on every walk occasion. The annual estimate is a compilation of unaccompanied redds and live coho. Later season coho are probable so the annual estimate is a minimum.",,4,Walk,
molly_walker,8,bella_coola_system,2015,,116,116,5,Visual,,12,4,12,5,N (NOV B),"3/6 inspections saw coho. Peak survey was not conducted due to gap in the survey period (Nov. 8 - Nov. 24). Numerical estimate may be fair, recommend classification 5 due to comments stating the estimate represents an unreliable minimum.","There were 6 inspections of this creek this year, 4 were specific to coho and all were by CP.
Coho were seen 5 times. The annual estimate was compiled from a redd count and the live plus dead estimates. This number should be considered a relatively unreliable minimum as there are later spawners expected.",,6,Walk / Other,
molly_walker,8,bella_coola_system,2016,,16,16,3,Visual,,6,4,6,5,N (NOV B),"1/3 inspections saw coho. Peak survey was not conducted due to gap in the survey period (Nov. 7 - Dec. 4). Numerical estimate may be fair, recommend classification 5 due to single observation of live coho and missed peak survey. Candidate for A/P.","There were no earlier season inspections of Molly Walker Creek this year, however; there were 3 inspections in the later fall by CP, targeting coho.
Coho inspections were conducted through the later fall, though circumstances disallowed a peak-of-spawn mid-November inspection. 
The 1st coho inspection saw no fish with some certainty; the 2nd saw coho arriving and the 3rd counted redds. Though the redd count was done in good inspection conditions the missed inspection reduced the reliability. The length inspected is the usual: from the source springs downstream to below the hwy 2 bridge, but not to the confluence with the Bella Coola River. The lower section is difficult to enumerate, with almost no suitable spawning habitat, so the annual estimate is comparable to past years and probably reasonably accurately represents the escapement to the whole creek length. ",,3,Walk,
molly_walker,8,bella_coola_system,2017,,105,105,4,Visual,,5,3,5,4,N (NOV B),"All four inspections this season saw coho. Peak survey was not conducted due to gap in the survey period (Nov. 7 - Nov. 21). Numerical estimate may be fair, recommend classification 4 due to missed peak survey.","There were no early-season pink and chum walks of this creek. Later-season coho enumeration walks were conducted, by CP: there were 4 of these.
Coho were seen on each of the (4) coho directed inspections. The annual escpament estimate was generated from redd counts and live plus dead estimates. Although the first walk saw fish spawning already and some carcasses it is felt that very few were missed and the end of spawn was well observed. ",,4,Walk,
molly_walker,8,bella_coola_system,2018,,8,A/P,4,Visual,,6,5,,6,Y (NOV B),"1/4 inspections saw live coho. Peak spawning was included in the survey period (peak survey Nov. 10, no live coho recorded). Recommend estimate changed to A/P due to very few coho seen throughout the season and comments highlighting the potential inaccuracy of this estimate.","Molly walker Creek was not examined for early-season salmon this year; 4 later walks by CP were conducted, specific to spawning coho.
Coho were not actually seen alive, though a carcass and 4 unaccompanied redds were seen. The redd counts make up the annual estimate, above, and should be seen as a minimum number and somewhat inaccurate. The stream was not examined downstream, on the approaches to the spawning gravel areas, as usual (except to spot check beaver dams). Spawning below the Hwy 20 crossing has always been uncommon and the usual inspection is above the hwy.",,4,Walk,
molly_walker,8,bella_coola_system,2019,,38,38,4,Visual,,6,4,6,4,N (NOV B),"3/4 inspections saw coho. Many years for this stream estimate Peak in NOV B, unlikely that a peak survey was conducted due to gap in the survey period (Nov. 4 - Nov. 23). Numerical estimate may be fair, classification 4 may be appropriate.","There were no early season walks of this creek this year; 4 later season walks, specific to coho were conducted by CP starting in October, ending in December. 
Coho were seen on 3 occasions live. Redds were counted on the last walk without live coho. The annual escapement estimate is based on this last walk redd count with reference to the earlier live counts to substantiate it. The whole creek length was not walked but the usual length was, which in any case is where the coho spawn. ",,4,Walk,
molly_walker,8,bella_coola_system,2020,,42,42,4,Visual,,5,3,5,4,N (NOV B),"3/4 inspections saw coho. Peak survey was not conducted due to gap in the survey period (Nov. 3 - Nov. 21). Numerical estimate may be fair, recommend classification 4 due to missed peak survey.","Coho were seen on all 4 inspections: the annual escapement estimate is an unaccompanied redd and live/dead count (expert opinion), which is thought to be reasonably accurate.",,4,Walk,
molly_walker,8,bella_coola_system,2021,,100,100,4,Visual,,5,4,5,4,N (NOV B),"3/4 inspections saw coho. Peak survey was not conducted due to gap in the survey period (Nov. 5 - Nov. 23). Numerical estimate may be fair, classification 4 seems appropriate.",Coho were seen on all 4 walks and the annual estimate is an expert opinion based on redd counts and live plus dead and adding a small number (6)  for future arrivals. Confidence is reasonable.,,4,Walk,
molly_walker,8,bella_coola_system,2022,,50,50,4,Visual,,5,4,5,4,N (NOV C),"2/4 inspections saw coho. Peak survey was not conducted due to gap in the survey period (Nov. 15 - Dec. 1). Numerical estimate may be fair, classification 4 seems appropriate.","Coho were seen on 3 occasions; these live and dead coho and some unaccompanied redds were used to establish an expert opinion of the annual escapement estimate, rounded up, as above. Confidence in the result is reasonable.",,4,Walk,
molly_walker,8,bella_coola_system,2023,,85,85,5,Visual,,5,3,5,3,Y (NOV B),"4/6 inspections saw coho. Peak spawning was included in the survey period (peak survey Nov. 19, highest count Dec. 11). Numerical estimate may be fair, classification 3 may be appropriate.",Coho were seen 5 times. Redd counts and live on the final walk of December 11 contributed to the annual escapement estimate for the inspected portion (the northern fork is not traditionally inspected-- most of the spawning occurs in the southern fork). ,,6,Walk,
molly_walker,8,bella_coola_system,2024,,50,50,4,Visual,,5,4,5,4,N (NOV A),"3/4 inspections saw coho. Peak survey was not conducted due to gap in the survey period (Oct. 29 - Nov. 19). Numerical estimate may be fair, classification 4 seems appropriate.","There were 4 inspections of Molly Walker Creek this year, specifically looking for coho spawners. All inspections were by CP and all saw coho or redds. As usual, the traditional/comparative inspection length is not the full-length, though the almost all, if not all spawning, occurs in the examined length
The annual escapement estimate is an expert opinion based on live plus dead and redd counts. Reliability is medium, not better because of fallen trees, muddy waters and cutbanks.",,4,Walk,
necleetsconnay,8,bella_coola_dean,1980,100,100,A/P,,,,,,,,N (Nov B),"No rationale, method, or reliability stated, peak was not seen. Unsure of how this estimate was reached, recommend switch to A/P.",,,5,,
necleetsconnay,8,bella_coola_dean,1981,NA,"""Few""",A/P,,,,,,,,N (Nov B),"No rationale, method, or reliability stated, peak was not seen. Estimate stated was ""Few"", recommend switch to the more appropriate A/P.",,,2,,
necleetsconnay,8,bella_coola_dean,1982,65,65,A/P,,,,,,,,N (Nov B),"No rationale, method, or reliability stated, peak was not seen. Unsure of how this estimate was reached, recommend switch to A/P.",,,2,,
necleetsconnay,8,bella_coola_dean,1983,150,15,A/P,,,,,,,,N (Nov B),"No rationale, method, or reliability stated, peak was not seen. Unsure of how this estimate was reached, recommend switch to A/P.",,,5,,
necleetsconnay,8,bella_coola_dean,1984,NA,Unk.,A/P,,,,,,,,N (Nov B),"7 inspections done this year. No rationale, method or reliability included, peak timing was not seen on the inspections. Original estimate of A/P is valid.",,,7,,
necleetsconnay,8,bella_coola_dean,1985,NA,N/O,N/O,,,,,,,,N (Nov B),"8 inspections done this year. No rationale, method or reliability included, peak timing was not seen on the inspections. Original estimate of N/O is valid.",,,8,,
necleetsconnay,8,bella_coola_dean,1986,NA,,F/P,,,,,,,,N (Nov B),"3 inspections done this year. No rationale, method or reliability included, peak timing was not seen on the inspections. Estimate rationale states that no coho inspections were made this year, N/I would be the valid estimate, however they specifically mentioned coho fry were seen throughout the season, recommend F/P.",Coho fry observed throughout season. No coho inspections made.,,3,,
necleetsconnay,8,bella_coola_dean,1987,NA,"""Present""",A/P,,,,,,,,N (Nov B),"No rationale, method, or reliability stated, peak was not seen. Estimate stated was ""Present"", recommend switch to the more appropriate A/P.",No coho inspections made this season.,,4,,
necleetsconnay,8,bella_coola_dean,1988,NA,N/O,N/I,,,,,,,,N (Nov B),"2 inspections done this year. No rationale, method or reliability included, peak timing was not seen on the inspections. Estimate stated that no coho inspections were made this year, recommend switch to N/I.",No coho inspections made this season.,,2,,
necleetsconnay,8,bella_coola_dean,1989,NA,N/I,N/I,,,,,,,,N (Nov B),"Escapement estimate of  N/I is valid, coho were not inspected this year.",No coho inspections made this season.,,2,,
necleetsconnay,8,bella_coola_dean,1990,NA,N/I,N/I,,,,,,,,N (Nov B),"Escapement estimate of  N/I is valid, coho were not inspected this year.",No coho inspections made this season.,,3,,
necleetsconnay,8,bella_coola_dean,1991,NA,N/I,N/I,,,,,,,,N (Nov B),"Escapement estimate of  N/I is valid, coho were not inspected this year.",,,3,,
necleetsconnay,8,bella_coola_dean,1992,NA,N/I,N/I,,,,,,,,N (Nov B),"Escapement estimate of  N/I is valid, coho were not inspected this year.",No coho inspections made this season.,,2,,
necleetsconnay,8,bella_coola_dean,1993,NA,N/I,N/I,,,,,,,,N (Nov B),"Escapement estimate of  N/I is valid, coho were not inspected this year.",,,2,,
necleetsconnay,8,bella_coola_dean,1994,NA,N/I,N/I,,,,,,,,N (Nov B),"Escapement estimate of  N/I is valid, coho were not inspected this year.",,,2,,
necleetsconnay,8,bella_coola_dean,1995,NA,N/I,N/I,,,,,,,,N (Nov B),"Escapement estimate of  N/I is valid, coho were not inspected this year.",,,2,,
necleetsconnay,8,bella_coola_dean,1996,NA,,N/I,,,,,,,,N (Nov B),"Escapement estimate of  N/I is valid, coho were not inspected this year.",,,1,,
necleetsconnay,8,bella_coola_dean,1997,NA,N/I,N/I,,,,,,,,N (Nov B),"Escapement estimate of  N/I is valid, coho were not inspected this year.",,,2,,
necleetsconnay,8,bella_coola_dean,1998,1000,1000,1000,3,1,2,,,,,Y (Nov B),"3 inspections done this year, All 3 used to generate coho estimate. Weak reliability of 2, but peak timing was seen. Data is strong enough to generate an accurate estimate, was specifically mentioned in the rationale that a effort towards coho enumeration was done this year, original estimate is likely valid. Estimate was most likely done by way of an undocumented expansion from the count done of Nov 11.",More effort was directed at Coho enumeration this year. The escapement estimate is a best guess given the fact that Coho are difficult to count and may spawn over a long period of time. Individual counts were conducted as follows: Nov 11 - 850 Coho estimated.,,3,,
necleetsconnay,8,bella_coola_dean,1999,1000,1000,A/P,,,,,,,,N (Nov B),"3 inspections done this year, Not stated how many were used to generate coho estimate. Unknown reliability, and peak timing was seen. Data is not clear and strong enough to generate an accurate estimate. Was mentioned in the rationale that the estimate was most likely done by way of an undocumented expansion, and that it was added into the SEN late, and was also included in the counts for the Bella Coola River. If understood correctly, it seems like they may have doubled up on these 1000 coho in both the Bella Coola and Necleetsconnay, recommend witch to A/P.",The final escapements is based on undocumented expansion. Necleetsconnay - Add 1000 coho and ignore the fact that it is included in the comments section for the Bella Coola river.,,3,,
necleetsconnay,8,bella_coola_dean,2000,500,Unk.,A/P,,,,,,,,Y (Nov B),"4 inspections done this year. No rationale, method or reliability included, peak timing was seen on the inspections. Original estimate of A/P is valid.",,,4,,
necleetsconnay,8,bella_coola_dean,2001,1500,,A/P,,,,,,,,,"No information available for 2001, unsure how this estimate was reached, recommend switch to A/P.",,,,,
necleetsconnay,8,bella_coola_dean,2002,1000,1000,A/P,2,1,1,,,,,N (Nov B),"2 inspections done this year, Both used to generate the coho estimate. Low reliability of 1, peak timing was not seen on the inspections. Data available is not strong enough to generate an accurate estimate without any rationale, recommend switch to A/P.",,,2,,
necleetsconnay,8,bella_coola_dean,2003,1500,1500,A/P,1,1,2,,,,,N (Nov B),"2 inspections done this year, Both used to generate the coho estimate. Low reliability of 1, peak timing was not seen on the inspections. Data available is not strong enough to generate an accurate estimate without any rationale, recommend switch to A/P.",,,2,,
necleetsconnay,8,bella_coola_dean,2004,1000,1000,1000,1,,,5,4,5,4,N (Nov B),"4 inspections done this year, Only 1 used to generate coho estimate. Weak reliability classification of 2, peak timing was not seen. Escapement estimate was done by an expert opinion. Estimate is likely valid, as the as the expanded estimate was done from counts around the start of peak.","During the November 3 inspection, there were 400 coho estimated in the Necleetsconnay and the pool below the falls wasn't enumerated.  A flight at the end of November estimated a significant number of fish still spawning.  Therefore based on observations from previous years, the estimates from both inpsections were added and doubled (400 + 130 = 530 x 2 = 1000).  This methodology is similar to previous years'. ",,4,,
necleetsconnay,8,bella_coola_dean,2005,250,250,250,2,,,12,4,5,4,Y (Nov B),"4 inspections done this year, 2 used to generate coho estimate. Weak reliability classification of 4, but peak timing was seen. Data is strong enough to generate an accurate estimate, original estimate is likely valid. Estimate was done by a ""other"" method, given the rationale states the estimate is based on a peak count + 50, method of 1 or 5 would be more appropriate."," Ralph Nelson (Charter Patrol) performed 3 counts for coho this year- Ocober 25 and November 7 and 24.  The coho escapement was from the number observed holding on October 25 (200), plus the number of new fish on November 24 (50).  During his last walk on November 24, he estimated that all fish observed were observed previously on October 25 (couldn't use November 7 as poor visibility).  After discussions with Ralph, and the high water events experienced in early November, it was assumed that these were new fish. ",,4,,
necleetsconnay,8,bella_coola_dean,2006,NA,N/I,N/I,,,,,6,,6,N (Nov B),"Escapement estimate of  N/I is valid, coho were not inspected this year.","No coho were observed, but it was too early in the run timing for coho, therefore not inspected.  Sockeye were not inspected this year.  Both of the inspections only got within 3/4 of a mile of the canyon.  The known sockeye spawning areas are in side channels just below the entrance to the canyon. ",,2,,
necleetsconnay,8,bella_coola_dean,2007,NA,A/P,A/P,1,,,,6,,6,Y (Nov B),Escapement estimate is valid. Not enough information to generate an escapement estimate.,The mid-November walk did enumerate coho- 3 observed and 10 estimated.  No escapement estimate was made based on the one inspection. ,,2,,
necleetsconnay,8,bella_coola_dean,2008,160,160,A/P,1,,,5,5,,6,N (Nov B),"Escapement estimate is based on 1 stream inspection that took place before peak, not enough information to generate an escapement estimate. Recommend switch to A/P.","Coho estimate based on one inspection on October 30th for a count of 103 coho and 5 unaccompanied redds. Estimate is considered a minimum.
",,1,,
necleetsconnay,8,bella_coola_dean,2009,1800,1800,1800,2,,,5,5,5,5,Y (Nov B),"4 inspections done this year, 2 used to generate coho estimate. Weak reliability classification of 5, but peak timing was seen. Data is strong enough to generate an accurate estimate, original estimate is valid. Peak count of 1300 was seen on Nov 19th, rounded to 1800 by undocumented expansion.","Coho - Need more inspections to increase reliability, however this estimate reflects a good return and is useful for management.  
",,4,,
necleetsconnay,8,bella_coola_dean,2010,650,650,650,2,,,5,4,5,4,N (Nov B),"3 inspections done this year, 2 used to generate coho estimate. Medium reliability classification of 4, peak timing was not seen. Estimate was done by a live plus dead plus unaccompanied redd count, hence the use of expert opinion. Conditions were good during inspections. Data is strong enough to generate an accurate estimate, original estimate is likely valid.",Coho were inspected for on an additional two occasions by Charter Patrol. Walks were to the falls on both occasions (unusually good access). The annual escapement estimate for coho was a combination of live plus dead and redd counts and it is thought to be relatively accurate because of the good conditions during the inspections.,,3,,
necleetsconnay,8,bella_coola_dean,2011,1000,1000,1000,2,,,5,4,5,4,N (Nov B),"2 inspections done this year, both used to generate coho estimate. Medium reliability classification of 4. Estimate was done by a live plus dead plus unaccompanied redd count, hence the use of expert opinion. Rationale states Dec 5th as a peak count, later then previous years but likely valid. Data is strong enough to generate an accurate estimate, original estimate is likely valid.","Peak count on Dec 05 would account for 850 (181 redds (x 2), an estimated 475 live and 13 dead ). Don't believe a significant number of coho entered the stream after the 5th as they would have had to enter from the ocean or be holding in the Bella Coola River estuary unlike the lower Bella Coola tributaries where fish hold in the main river. The 1000 is believed to be a conservative estimate of total return.",,2,,
necleetsconnay,8,bella_coola_dean,2012,500,500,500,2,,,5,4,5,4,Y (Nov B),"2 inspections done this year, both used to generate coho estimate. Medium reliability classification of 4, and peak timing was seen. Estimate was done by a live plus dead plus unaccompanied redd count, hence the use of expert opinion. Data is strong enough to generate an accurate estimate, original estimate is likely valid.","The Necleetsconnay River was walked twice this year during the Coho spawning season, both times by Charter Patrolman. Coho were counted on both occasions, as were unaccompanied redds, which were factored into the annual escapement above.
",,2,,
necleetsconnay,8,bella_coola_dean,2013,1800,1800,A/P,1,,,5,5,,6,N (Nov B),"1 inspection done this year, used to generate coho estimate. Low reliability classification of 5, and peak timing was not seen. Estimate was done by an unexplained expert opinion. Rationale states that the estimate is conservative and more inspections are needed. Data is not strong enough to generate an accurate estimate, recommend switch to A/P.","Coho - Tied for the highest escapement estimate compared to the past 10 years. Estimate likely conservative, more inspections needed to increase reliability.
",,1,,
necleetsconnay,8,bella_coola_dean,2014,452,452,A/P,1,,,5,5,,6,N (Nov B),"2 inspections done this year, only 1 used to generate coho estimate. Low reliability classification of 5. Estimate was done by a live plus dead plus unaccompanied redd count, hence the use of expert opinion. Rationale states the Dec 2nd count as late, that flooding and ice buildup earlier in the season may have smoothed over redds. Data is strong enough to generate an accurate estimate, recommend switch to A/P.","Coho were seen once, at the relatively late date of December 2nd, and an annual estimate, which should be viewed as a minimum because earlier floods may have smoothed over redds, making them invisible, and because there was considerable ice along the banks and backwaters (with some redds noted underneath) under which some coho, at least, were hiding (some were seen there). The annual estimate is an addition of live coho plus unaccompanied redds.",,2,,
necleetsconnay,8,bella_coola_dean,2015,654,654,654,1,,,12,4,5,4,Y (Nov B),"3 inspections done this year, only 1 used to generate coho estimate. Medium reliability classification of 4, and peak timing was seen. Estimate was done by a live plus dead plus unaccompanied redd count, hence the ""other"" method being used, expert opinion may be more appropriate. Data is strong enough to generate an accurate estimate, original estimate is likely valid.","Coho were estimated exclusively from the results of the last walk (the only to see coho); the annual estimate was a compilation of live plus dead and an unaccompanied redd count. 
",,3,,
necleetsconnay,8,bella_coola_dean,2016,120,120,A/P,2,,,5,6,,6,Y (Nov B),"5 inspections done this year, 2 used to generate coho estimate. Reliability classification of 6 was stated not appropriate for the rest of the estimate. Peak timing was seen. Estimate was done by a live plus dead plus unaccompanied redd count, hence the expert opinion. Rationale states that redds were not easy to count due to recent flooding, states only to be usued as a minimum estimate. Despite 2 counts done during peak, inspection quality was not strong, recommend switch to A/P.","Coho were seen on the last 2 (coho-specific) inspections only. The annual escapament estimate is a combination of redd counts and live plus dead coho. A flood on the 8th of November smoothed the spawning gravels and made it easy to count only new redds on the second walk. Unaccompanied redds made up the majority of the estimate: cumulative live counts amounted only to 49 coho.
On the date of the last count (November 26) no new coho were observed but river levels were low; run timing is lacking as a result of there only being the 2 walks, but the peak of spawn was identified. The annual escapement should be seen a as a low reliaibility minimum number.",,5,,
necleetsconnay,8,bella_coola_dean,2017,1100,1100,1100,2,,,5,4,5,4,Y (Nov B),"4 inspections done this year, 2 used to generate coho estimate. Medium reliability classification of 4, and peak timing was seen. Estimate was done by a live plus dead plus unaccompanied redd count, hence the expert opinion. Data is strong enough to generate an accurate estimate, countability on inspection dates were strong during peak timing, original estimate is likely valid.","Coho were seen on both the 2 full-system late-season walks. Unaccompanied redd counts, coupled with live estimates were used to arrive at the estimated annual total. Count dates well defined run timing, as above.",,4,,
necleetsconnay,8,bella_coola_dean,2018,264,264,264,1,,,1,5,5,5,Y (Nov B),"4 inspections done this year, only 1 used to generate coho estimate. Low reliability classification of 5, and peak timing was seen. Estimate was done by a live plus dead plus unaccompanied redd count, live plus dea was the stated method, recommend switch to expert opinion as unaccompanied redds were used in the estimation. Data is strong enough to generate an accurate estimate, countability on inspection dates were strong during peak timing, original estimate is likely valid.","Coho were seen once and the estimate (160 coho) from that examination coupled with the unaccompanied redd count (of 52) is the annual estimate entered above. The numbers from the walk were considered accurate and the annual estimate should be thought of as relatively good considering that it was formed from only one walk. 
",,4,,
necleetsconnay,8,bella_coola_dean,2019,760,760,A/P,2,,,5,5,,6,Y (Nov B),"4 inspections done this year, 2 used to generate coho estimate. Low reliability classification of 5, and peak timing was seen. Estimate was done by an expert opinion from poor visibility aerial surveys. Data is not strong enough to generate an accurate estimate, countability on inspection dates was not strong during peak timing, recommend switch to A/P.","Coho were seen on both later-season inspections. The second inspection, by helicopter, was however unable to see into the deeper pools very well and the water was generally murky. This reduced the reliability, despite that most coho would have been spawning/spawned by this time. The annual escapement estimate is a combination of live and redd counts and some judgement about how many of the flight fish were new.
",,4,,
necleetsconnay,8,bella_coola_dean,2020,100,100,A/P,1,,,,5,,6,N (Nov B),"3 inspections done this year, 1 used to generate coho estimate. Low reliability classification of 5,  peak timing was not seen. Estimate was done by an expert opinion from a poor visibility aerial survey. Data is not strong enough to generate an accurate estimate, recommend switch to A/P.","Coho were seen the once, from the helicopter only. Conditions for counting were poor because of silty high water and the resultant estimate, which is
also the annual escapement estimate, is of low quality.
",,3,,
necleetsconnay,8,bella_coola_dean,2021,652,652,652,2,,,5,4,5,4,Y (Nov B),"3 inspections done this year, 2 used to generate coho estimate. Medium reliability classification of 4, peak timing was seen. Estimate was done by a live plus dead plus unaccompanied redd count, hence the expert opinion. Data is strong enough to generate an accurate estimate, countability on inspection dates were strong during peak timing, original estimate is likely valid.","2 later-season coho-specific inspections were conducted by CP. The first of these was by helicopter. The annual coho escapement is an expert opinion, based on the live plus dead and an unaccmpanied redd count, based primarily on the walk, done at close to peak of spawn, but corroborated by the flight counts, and is thought to be relatively accurate. ",,3,,
necleetsconnay,8,bella_coola_dean,2022,790,790,790,2,,,5,5,5,5,Y (Nov B),"2 inspections done this year, both used to generate coho estimate. Low reliability classification of 5, peak timing was seen. Estimate was done by a live plus dead plus unaccompanied redd count, hence the expert opinion. Data is strong enough to generate an accurate estimate, original estimate is likely valid.","Coho were seen on both inspections and the annual escapement estimate is based on a peak of live plus unaccompanied redd count, which is an expert opinion. High confidence in reliability for coho in this creek is rarely possiblebecause fo the size of the creek. ",,2,,
necleetsconnay,8,bella_coola_dean,2023,325,325,A/P,2,,,6,5,,6,N (Nov B),"2 inspections done this year, both used to generate coho estimate. Low reliability classification of 5,  peak timing was not seen. Estimate was done by an expert opinion from a poor visibility aerial survey and poor visibility streamwalk. Data is not strong enough to generate an accurate estimate, recommend switch to A/P.","Coho were seen twice, initially from a helicopter, which inspection was done with poor stream visibility, and subsequently from a stream walk, with only slightly better stream conditions. The annual escapement estimate is a low reliability combination of the estimates, incorporating redd counts and live. It should be noted that the initial helicopter count saw more fish than the subsequent walk counted as adults (coho jacks and trout were presumed to have been confused with adult coho in the glacial water from the air). At least one later inspection was planned but weather and work deadlines prevented it/these. ",,2,,
necleetsconnay,8,bella_coola_dean,2024,754,754,754,2,,,5,4,,,Y (Nov B),"2 inspections done this year, both used to generate coho estimate. Medium reliability classification of 4, peak timing was seen. Estimate was done by a live plus dead plus unaccompanied redd count, hence the expert opinion. Both walks were done in good visibility, with good countability. Data is strong enough to generate an accurate estimate, original estimate is likely valid.","Both walks saw coho in as good conditons, as can be expected. The annual escapement estimate is based on an expert opinion, based in turn on both redd and live plus dead counts. 
It should be noted that this river is large and has numerous braids in its delta. Only one of the braids was examined due to time and personnel constraints, however, most coho hold and spawn in upper sections mostly above the braids or close below: these sections were examined. Escapement estimates cover the full length of the river to the impassable falls.",,2,,
nias,6,hecate_strait_mainland,1980,50,A(50),A/P,,,,,,,,N (OCT),"No method of obtaining annual estimate (50) is provided. Peak timing is not provided on the SEN. Using the run timing listed in the stream catalogue, peak spawning occurs in OCT. There were no surveys done in Oct, therefore a numerical estimate may not be appropriate. Recommend changing annual estimate to A/P. ",NOTE: BELIEVE THIS STREAM AND PACKE CREEK MIXED UP IN EARLIER STREAM REPORTS.,,4,,
nias,6,hecate_strait_mainland,1981,200,C(200),A/P,,,,,,,,N (OCT),"No method of obtaining annual estimate (200) is provided. Since the SEN indicates peak as OCT and the last survey was conducted on 26 Sep, it is unlikely peak spawning was captured. For this reason, a numerical estimate may not be appropriate. Recommend changing annual estimate to A/P. ",Coho throughout [inspected portion of system].,,2,,
nias,6,hecate_strait_mainland,1982,400,D(400),A/P,,,,,,,,N (OCT C),"No method of obtaining annual estimate (400) is provided. Since the SEN indicates peak as OCT C and the last survey was conducted on 26 Sep, it is unlikely peak spawning was captured. For this reason, a numerical estimate may not be appropriate. Recommend changing annual estimate to A/P.","[Fish distributed] from 1/4 mile to lake, chums mostly last 2 miles below lake, coho throughout.",,2,,
nias,6,hecate_strait_mainland,1983,100,B(100),A/P,,,,,,,,N (OCT C),"No method of obtaining annual estimate (100) is provided. Since the SEN indicates peak as OCT C and the last survey was conducted on 20 Sep, it is unlikely peak spawning was captured. For this reason, a numerical estimate may not be appropriate. Recommend changing annual estimate to A/P.","Distributed from 1/4 mile mark to lake, chum mainly in upper half of stream. Chum well distributed over stream bed. ",,3,,
nias,6,hecate_strait_mainland,1984,300,D(300),A/P,,,,,,,,N (OCT),"No method of obtaining annual estimate (300) is provided. Since the SEN indicates peak as OCT and the last survey was conducted on 23 Sep, it is unlikely peak spawning was captured. For this reason, a numerical estimate may not be appropriate. Recommend changing annual estimate to A/P. ",[Fish distributed] from 1/4 mile in to lake. Good return of coho this year.,,2,,
nias,6,hecate_strait_mainland,1985,225,225,225,,F,C,,,,,Y (OCT),"No method of obtaining annual estimate (225) is provided. Peak timing is not provided on the SEN. Using the run timing listed in the stream catalogue, peak spawning occurs in OCT. It seems there was at least one survey conducted at peak (13 Oct, maybe more as only the first and last surveys were listed), therefore a numerical estimate may be appropriate, but the low reliability score should be taken into account. ",Low water level stopped fish from entering stream until Sep 4.,,4,,
nias,6,hecate_strait_mainland,1986,55,55,55,,1&2,2,,,,,Y (OCT A),"No method of obtaining annual estimate (55) is provided. The SEN indicates peak spawning in OCT A. There was a survey conducted at peak (6 Oct), therefore a numerical estimate may be appropriate, but the low reliability score should be taken into account.",,,1,,
nias,6,hecate_strait_mainland,1987,150,150,A/P,,1,2,,,,,N (OCT),"No method of obtaining annual estimate (150) is provided. The SEN indicates peak spawning in OCT. There were no surveys conducted in Oct. Additionally, the reliability score assigned this year is low, perhaps a numerical estimate is not appropriate. Recommend changing annual estimate to A/P.","Fish holding from 400m to lake at 4 miles, coho just entering in lower reach. ",,4,,
nias,6,hecate_strait_mainland,1988,300,300,300,,1,1,,,,,N,"No method of obtaining annual estimate (300) is provided. Peak timing is not provided on the SEN, though surveyors note that the final survey (2 Oct) was conducted at the before / early stage of the spawning period. This shows that peak was not captured this season. A numerical estimate may be appropriate, but the low reliability score should be taken into account. ","[Fish distributed] from 400m to lake, coho holding. Coho were fairly dark on last inspection so likely will start spawning soon. ",,5,,
nias,6,hecate_strait_mainland,1989,200,200,200,,1,3,,,,,N,"No method of obtaining annual estimate (200) is provided. Peak timing is not provided on the SEN, though surveyors note in the SEN 'coho holding'. This may imply that spawning had not started by the end of the survey period, peak was likely not captured. A numerical estimate may be appropriate, but survey coverage of run timing should be considered.","[Fish distributed] from 400m to lake, coho holding. ",,6,,
nias,6,hecate_strait_mainland,1990,125,125,125,,1,3,,,,,N,"No method of obtaining annual estimate (125) is provided. Peak timing is not provided on the SEN, though surveyors note in the SEN 'coho holding'. This may imply that spawning had not started by the end of the survey period, peak was likely not captured. A numerical estimate may be appropriate.","[Fish distibuted] from 400m to lake, coho holding. ",,5,,
nias,6,hecate_strait_mainland,1991,225,225,A/P,,1,3,,,,,N (OCT),"No method of obtaining annual estimate (225) is provided. Peak timing is not provided on the SEN. Using the run timing listed in the stream catalogue, peak spawning occurs in OCT. There were no surveys conducted in Oct, therefore a numerical estimate may not be appropriate. Recommend changing annual estimate to A/P.","[Fish distributed] from 400m to lake, coho holding. Drying channel still causing some pre-spawning deaths especially to chum and a few coho, all caught by lowering water levels. Coho jumpers observed in lake.",,6,,
nias,6,hecate_strait_mainland,1992,300,300,300,,1,3,,,,,N,"No method of obtaining annual estimate (300) is provided. Peak timing is not provided on the SEN, though surveyors note in the SEN 'coho holding'. This may imply that spawning had not started by the end of the survey period, peak was likely not captured. A numerical estimate may be appropriate.","[Fish distributed] from 400m to Lake. Coho holding. Drying channel still causing some pre-spawning deaths. Coho estimate conservative, difficult to ssess during high water levels in Sep and Oct.",,9,,
nias,6,hecate_strait_mainland,1993,340,340,340,,1,3,,,,,Y (OCT),"No method of obtaining annual estimate (340) is provided. Peak timing is not provided on the SEN. Using the run timing listed in the stream catalogue, peak spawning occurs in OCT. It seems there was at least one survey conducted at peak (7 Oct), therefore a numerical estimate may be appropriate. ",Low water delayed migration into stream and affected spawning distribution.,,8,,
nias,6,hecate_strait_mainland,1994,500,500,500,,1,2,,,,,N,"No method of obtaining annual estimate (500) is provided. Peak timing is not provided on the SEN, though surveyors note that coho are holding. This may imply that spawning had not started by the end of the survey period, peak was likely not captured. A numerical estimate may be appropriate, but the low reliability score should be taken into account. ",Coho holding throughout but most to lake. ,,7,,
nias,6,hecate_strait_mainland,1995,225,225,A/P,,1,1,,,,,N,"No method of obtaining annual estimate (225) is provided. Peak timing is not provided on the SEN, though surveyors note that coho are holding. This may imply that spawning had not started by the end of the survey period, peak was likely not captured. Additionally, the reliability score assigned this year is very low, perhaps a numerical estimate is not appropriate. Recommend changing annual estimate to A/P.",Coho holding throughout but most to lake.,,7,,
nias,6,hecate_strait_mainland,1996,175,175,A/P,,1,1,,,,,N,"No method of obtaining annual estimate (175) is provided. Peak timing is not provided on the SEN, though surveyors note that coho were starting on redds. This implies that spawning was just starting, and that peak was not captured. Additionally, the reliability score assigned this year is very low, perhaps a numerical estimate is not appropriate. Recommend changing annual estimate to A/P. ",Found coho starting on redds. Coho throughout but mainly beyond lake. ,,3,,
nias,6,hecate_strait_mainland,1997,275,275,A/P,,1,1,,,,,N,"No method of obtaining annual estimate (275) is provided. Peak timing is not provided on the SEN, though surveyors note that coho are holding. This may imply that spawning had not started by the end of the survey period, peak was likely not captured. Additionally, the reliability score assigned this year is very low, perhaps a numerical estimate is not appropriate. Recommend changing annual estimate to A/P.",Coho holding deeper pools lower river and lake. ,,4,,
nias,6,hecate_strait_mainland,1998,650,650,A/P,,1,1,,,,,N (OCT),"No method of obtaining annual estimate (650) is provided. Peak timing is not provided on the SEN. Using the stream cataloue, peak spawning is estimated as OCT, at which point the survey period had ended. However, it is noted in the SEN that the coho run appears strong and surveyors believe the target will likely be exceeded. Additionally, the reliability score assigned this year is very low, perhaps a numerical estimate is not appropriate. Recommend changing annual estimate to A/P.",Coho return appears strong and believe likely exceeded target. Tried to inspect creek near end of Oct but once again defeated by high water levels.,,2,,
nias,6,hecate_strait_mainland,1999,250,250,250,,1,1,,,,,Y (OCT),"Annual estimate (250) is from observations at arrival, start, and peak phases of the spawning period. Peak timing is not provided on the SEN. Using the run timing listed in the stream catalogue, peak spawning occurs in OCT. It seems there was at least one survey conducted at peak (6 Oct), therefore a numerical estimate may be appropriate, but the low reliability score should be taken into account. ","Escapement estimate from observations at arrival, start and peak of spawning period.",,3,,
nias,6,hecate_strait_mainland,2000,300,300,A/P,,1,1,,,,,N (OCT),"Annual estimate (300) is from observations at arrival, start, and near peak phases of the spawning period. Peak timing is not provided on the SEN. Using the run timing listed in the stream catalogue, peak spawning occurs in OCT, at which point the survey period had ended. Additionally, the reliability score assigned this year is very low, perhaps a numerical estimate is not appropriate. Recommend changing annual estimate to A/P.","Escapement estimate from observations at arrival, start and near peak of spawning period.",,2,,
nias,6,hecate_strait_mainland,2001,450,450,450,,1,1,,,,,Y (OCT),"Annual estimate (450) is described as a conservative estimate of coho present during inspections. Peak timing is not provided on the SEN. Using the run timing listed in the stream catalogue, peak spawning occurs in OCT. It seems there was at least one survey conducted at peak (24 Oct), therefore a numerical estimate may be appropriate, but the low reliability score should be taken into account. ","Coho is a conservative estimate of number of coho present during inspections. High water levels did not allow an inspection during late/early Oct. From Nov inspection done during moderately high water levels, it appears that majority of coho head for the watershed above the lake.",,3,,
nias,6,hecate_strait_mainland,2002,700,700,700,,1,2,,,,,Y (OCT),"Annual estimate (700) is from observations at arrival and start phases of the spawning period. Peak timing is not provided on the SEN. Using the run timing listed in the stream catalogue, peak spawning occurs in OCT. It seems there was at least one survey conducted at peak (23 Oct), therefore a numerical estimate may be appropriate, but the low reliability score should be taken into account. ",Coho estimate from observations during arrival and start of spawning period. ,,4,,
nias,6,hecate_strait_mainland,2003,450,450,A/P,,1,2,,,,,N (OCT B),"Annual estimate (450) is from observations at start and peak phases of the spawning period. The SEN indicates peak spawning in OCT B, during which there were no surveys conducted. In combination with the low reliability score, a numerical estimate may not be appropriate. Recommend changing annual estimate to A/P.",Escapement estimates from observations during start and peak of spawning period.,,3,,
nias,6,hecate_strait_mainland,2004,NA,-2,A/P,2,Streamwalk,,,,,,Y (OCT),"Access indicates CohoAnnualEst as ""-2"", this seems to be a default fill when the space is not filled in manually. The highest coho count was 258 fish that were observed holding in pools during the 2 Oct inspection (AnnualEstRationale). Peak timing is not provided on the SEN. Using the run timing listed in the stream catalogue, peak spawning occurs in OCT. It seems there was at least one survey conducted at peak (2 Oct). Recommend more detailed review and possible numerical annual estimate, in the meantime, recommend annual estimate changed to A/P.",Coho highest count was 258 found holding in pools below lake.,N/A,4,,
nias,6,hecate_strait_mainland,2005,NA,A/P,A/P,3,Streamwalk,,,6,,,N,"Likely not a good candidate for numerical estimate due to incomplete survey coverage of run timing. There is no estimated timing for peak spawning provided on the SEN, surveyors note in all SILs that inspections occured before active spawning. ",Peak count for coho 295. ,N/A,3,,
nias,6,hecate_strait_mainland,2006,NA,A/P,A/P,4,Float (Boat) / Bank Walk / Snorkel or Swim / Streamwalk,,5,6,5,,Y (OCT),"Peak timing is not provided on the SEN. Using the run timing listed in the stream catalogue, peak spawning occurs in OCT. It seems there was at least one survey conducted at peak (6 Oct). Recommend more detailed review and possible numerical annual estimate.","Patrolman Comments:
Coho holding in deeper pools in lower river, very few observed holding in lake or in creek above lake.

Coho - Highest single count was 290. No formal estimate because reliability of counts for coho were described as low for all but the first inspection. Also the last inspection was completed Oct. 06 which is too early to conclude that there were still not significant numbers of coho yet to enter the system.",N/A,4,,
nias,6,hecate_strait_mainland,2007,NA,A/P,A/P,3,Streamwalk,,,,,,N,"Likely not a good candidate for numerical estimate due to incomplete survey coverage of run timing. There is no estimated timing for peak spawning provided on the SEN, surveyors note in all SILs that inspections occured before active spawning.",Coho - highest single count 189. ,N/A,3,,
nias,6,hecate_strait_mainland,2008,NA,A/P,A/P,2,Float (Boat) / Streamwalk,,5,6,5,,N,"Likely not a good candidate for numerical estimate due to incomplete survey coverage of run timing. There is no estimated timing for peak spawning provided on the SEN, surveyors note in all SILs that inspections occured before active spawning.","Observed total of 395 coho off mouth and through lower stream over two inspections.
Estimates should be considered minimums.",N/A,2,,
nias,6,hecate_strait_mainland,2009,NA,A/P,A/P,1,Streamwalk / Float (Boat) / Other,,5,6,5,,N,"Likely not a good candidate for numerical estimate due to low resolution data and incomplete survey coverage of run timing. There is no estimated timing for peak spawning provided on the SEN, surveyors note in all SILs that inspections occured before active spawning.",Coho count during the single inspection to the lake was 281 with most found holding in usual pools in lower third of creek.,N/A,2,,
nias,6,hecate_strait_mainland,2010,NA,A/P,A/P,4,Float (Boat) / Bank Walk / Streamwalk,,,6,,,N,"Likely not a good candidate for numerical estimate due to incomplete survey coverage of run timing. There is no estimated timing for peak spawning provided on the SEN, surveyors note in all SILs that inspections occured before active spawning.","The highest single count of coho was 180 on Sept 19.  A mid Oct. inspection of the lower third of creek found only live coho in low numbers 

Coho - seen 5 times highest count 180",N/A,5,,
nias,6,hecate_strait_mainland,2011,NA,A/P,A/P,3,Float (Boat) / Streamwalk / Other,,5,6,5,,N,"Likely not a good candidate for numerical estimate due to incomplete survey coverage of run timing and 'poor' to 'fair' fish countability. There is no estimated timing for peak spawning privided on the SEN, surveyors note that the final inspection was conducted at the start of spawning.",A total count of 242 coho was made over the three inspections,N/A,4,,
nias,6,hecate_strait_mainland,2012,NA,A/P,A/P,4,Float (Boat) / Streamwalk,,5,6,5,,N,"Likely not a good candidate for numerical estimate due to incomplete survey coverage of run timing. There is no estimated timing for peak spawning provided on the SEN, surveyors note in all SILs that inspections occured before active spawning.",In stream arrival for coho. Total of 267 coho observed during stream inspections.,N/A,4,,
nias,6,hecate_strait_mainland,2013,NA,,,,,,,,,,,,,N/A,0,,
nias,6,hecate_strait_mainland,2014,NA,A/P,A/P,3,Bank Walk / Float (Boat) / Streamwalk,,5,6,5,,N,"Likely not a good candidate for numerical estimate due to incomplete survey coverage of run timing. There is no estimated timing for peak spawning provided on the SEN, surveyors note in all SILs that inspections occured before active spawning.",Coho estimates and counts from fish holding in estuary and pools through creek.,N/A,3,,
nias,6,hecate_strait_mainland,2015,NA,A/P,A/P,5,Float (Boat) / Bank Walk / Streamwalk,,5,6,5,,N,"Likely not a good candidate for numerical estimate due to low resolution data and incomplete survey coverage of run timing. There is no estimated timing for peak spawning provided on the SEN, surveyors note in all SILs that inspections occured before active spawning.","Able to make a single inspection in Sep. estimated return at last inspection 1,000 pink, 7,000 - 7,500 chum and observed a total of 475 coho holding in deeper pools. ",N/A,5,,
nias,6,hecate_strait_mainland,2016,NA,A/P,A/P,2,Streamwalk / Float (Boat),,5,6,5,,N,"Likely not a good candidate for numerical estimate due to incomplete survey coverage of run timing. There is no estimated timing for peak spawning provided on the SEN, surveyors note in all SILs that inspections occured before active spawning.",Coho total from all inspections.,N/A,4,,
nias,6,hecate_strait_mainland,2017,NA,N/I,N/I,0,,,,,,,,n/a,Not inspected this year.,N/A,0,,
nias,6,hecate_strait_mainland,2018,NA,A/P,A/P,UNK,Streamwalk,,,6,,,Y (OCT),"Peak timing is not provided on the SEN. Using the run timing listed in the stream catalogue, peak spawning occurs in OCT. It seems there was at least one survey conducted at peak (11 Oct). Recommend more detailed review and possible numerical annual estimate.",,N/A,2,,
nias,6,hecate_strait_mainland,2019,790,790,A/P,UNK,Streamwalk,,,6,,6,N,"No method of obtaining annual estimate (790) is provided. There is no estimated timing for peak spawning provided on the SEN, surveyors note in all SILs that inspections occured before active spawning. Due to incomplete survey coverage of spawning period, this may be a poor candidate for numerical estimate. Recommend more detailed review to determine if a numerical estimate is appropriate, in the meantime, recommend annual estimate changed to A/P.",,N/A,3,,
nias,6,hecate_strait_mainland,2020,NA,N/I,A/P,3,Streamwalk,,,6,,,Y (OCT),"Peak timing is not provided on the SEN. Using the run timing listed in the stream catalogue, peak spawning occurs in OCT. It seems there was at least one survey conducted at peak (8 Oct). While the SEN indicates an annual estimate of N/I, there are 3 SILs available for this year (though none of them include counts of coho). On the 8 Oct SIL, while Pres_Coho is indicated as N/O, RationaleForEst indicates that there were coho holding in the stream (no count given). Recommend annual estimate changed to A/P.",,N/A,3,,
nias,6,hecate_strait_mainland,2021,,,,,,,,,,,,No data available.,,,,,
nias,6,hecate_strait_mainland,2022,A/P,A/P,A/P,3,Streamwalk,,,6,,,N,"Likely not a good candidate for numerical estimate due to incomplete survey coverage of run timing. There is no estimated timing for peak spawning provided on the SEN, surveyors note in all SILs that inspections occured before active spawning.",,,3,,
nias,6,hecate_strait_mainland,2023,,Data Not Received,,,,,,,,,,No data available.,,,,,
nias,6,hecate_strait_mainland,2024,NA***,N/I,A/P,2,,,,6,,,N,"Likely not a good candidate for numerical estimate due to incomplete survey coverage of run timing. There is no estimated timing for peak spawning provided on the SEN, surveyors note in all SILs that inspections occured before active spawning. While the SEN indicates an annual estimate of N/I, there are 2 SILs available that provide coho counts (3 Sep, 15 Sep). Recommend changing annual estimate to A/P.",,,2,,
noohalk_ck,8,bella_coola_system,1980,,20,20,,,,,,,5,UNK,No SILs available. Unclear if this figure is included in the Bella Coola River estimate. Recommend classification 5 due to lack of information provided.,,,,,
noohalk_ck,8,bella_coola_system,1981,,,,,,,,,,,,No SILs available. No annual estimate generated specific to this stream.,,,,,
noohalk_ck,8,bella_coola_system,1982,,6,A/P,,,,,,,6,UNK,No SILs available. Unclear if this figure is included in the Bella Coola River estimate. Recommend estimate changed to A/P.,,,,,
noohalk_ck,8,bella_coola_system,1983,,125,125,,,,,,,5,UNK,No SILs available. Unclear if this figure is included in the Bella Coola River estimate. Recommend classification 5 due to lack of information provided.,,,,,
noohalk_ck,8,bella_coola_system,1984,,200,200,,,,,,,5,UNK,No SILs available. Unclear if this figure is included in the Bella Coola River estimate. Recommend classification 5 due to lack of information provided.,,,,,
noohalk_ck,8,bella_coola_system,1985,,250,250,,,,,,,5,UNK,No SILs available. Unclear if this figure is included in the Bella Coola River estimate. Recommend classification 5 due to lack of information provided.,,,,,
noohalk_ck,8,bella_coola_system,1986,,,,,,,,,,,,No SILs available. No annual estimate generated specific to this stream.,,,,,
noohalk_ck,8,bella_coola_system,1987,,7,A/P,,,,,,,6,UNK,No SILs available. Unclear if this figure is included in the Bella Coola River estimate. Recommend estimate changed to A/P.,,,,,
noohalk_ck,8,bella_coola_system,1988,,,,,,,,,,,,No SILs available. No annual estimate generated specific to this stream.,,,,,
noohalk_ck,8,bella_coola_system,1989,,44,44,,,,,,,5,UNK,No SILs available. Unclear if this figure is included in the Bella Coola River estimate. Recommend classification 5 due to lack of information provided.,,,,,
noohalk_ck,8,bella_coola_system,1990,,,,,,,,,,,,No SILs available. No annual estimate generated specific to this stream.,,,,,
noohalk_ck,8,bella_coola_system,1991,,,,,,,,,,,,No SILs available. No annual estimate generated specific to this stream.,,,,,
noohalk_ck,8,bella_coola_system,1992,,,,,,,,,,,,No SILs available. No annual estimate generated specific to this stream.,,,,,
noohalk_ck,8,bella_coola_system,1993,,,,,,,,,,,,No SILs available. No annual estimate generated specific to this stream.,,,,,
noohalk_ck,8,bella_coola_system,1994,,,,,,,,,,,,No SILs available. No annual estimate generated specific to this stream.,,,,,
noohalk_ck,8,bella_coola_system,1995,,,,,,,,,,,,No SILs available. No annual estimate generated specific to this stream.,,,,,
noohalk_ck,8,bella_coola_system,1996,,,,,,,,,,,,No SILs available. No annual estimate generated specific to this stream.,,,,,
noohalk_ck,8,bella_coola_system,1997,,,,,,,,,,,,No SILs available. No annual estimate generated specific to this stream.,,,6,,
noohalk_ck,8,bella_coola_system,1998,,,,,,,,,,,,No SILs available. No annual estimate generated specific to this stream. See Annual Est. Rationale for available count data.,"Counts are as follows:
Oct. 13 - 28 live coho
Oct. 22 - 25 live, 2 dead coho
Oct. 30 - 15 live coho
Nov. 2 - 35 live, 5 dead coho
Nov. 9 - 61 live, 3 dead coho
Nov. 19 - 52 live, 8 dead coho
Nov. 26 - 63 live, 15 dead coho
Nov. 30 - 25 live, 2 dead coho
Dec. 2 - 44 live, 42 dead coho
Dec. 14 - 151 live, 5 dead coho.",,16,,
noohalk_ck,8,bella_coola_system,1999,,,,,,,,,,,,No SILs available. No annual estimate generated specific to this stream.,Escapement figures for this stream are included on the BC16 for Bella Coola River.,,24,,
noohalk_ck,8,bella_coola_system,2000,,,,,,,,,,,,No SILs available. No annual estimate generated specific to this stream.,Escapement figures for this stream are included on the BC16 for Bella Coola River.,,12,,
noohalk_ck,8,bella_coola_system,2001,,40,40,3,Visual,,,,,5,UNK,"3/10 inspections saw coho. Peak timing unknown, highest count Oct. 29. Numerical estimate may be appropriate, recommend classification 5 due to lack of information available.",,,10,Walk,
noohalk_ck,8,bella_coola_system,2002,,580,580,7,Visual,3,,,,4,Y (NOV C),"7/12 inspections saw coho. Peak spawning was included in the survey period (peak survey Nov. 27). AUC may be fair, cannot recalculate without OE and RT values. Recommend classification 4 due to provided reliability estimate.",Coho escapement based on AUC.,Cannot recalculate due to missing values.,12,Walk,
noohalk_ck,8,bella_coola_system,2003,,149,149,7,Visual,3,,,,4,Y (NOV B),"6/12 inspections saw coho. Peak spawning was included in the survey period (peak survey Nov. 17). AUC seems fair, see AUC Recalculation. Recommend classification 4 due to provided reliability estimate.","The above estimates are included in the Bella Coola River estimate (numbers are for reference only).  Charter Patrol and Nuxalk Fisheries made instream inspections for pinks, chums, and coho.  The coho estimate was from an AUC with 11 d residence.","AUC calculated with the following parameters: RT 11 days; OE 80%; coho total counts from the surveys with coho observation, suggests escapement estimate 168.",12,Walk,
noohalk_ck,8,bella_coola_system,2004,,210,210,4,Visual,,10,5,12,5,Y (NOV B),"3/9 inspections saw coho. Peak spawning was included in the survey period (peak survey Nov. 20). Numerical estimate seems fair, recommend classification 4 due to multiple observations and good coverage of run timing.","The above estimates are included in/were used to calculate the total escapements to the Bella Coola River (the above numbers are for reference only).  Charter Patrol, Snootli Hatchery, and Nuxalk Fisheries made instream inspections for pinks, chums, and coho.  The residence time for coho this year was estimated to be < 11 days.  With the excessive high water events, when water conditions did stabilize, the fish turned over quickly.  There were fish missed on November 11, as conditions were very high and muddy.  An estimate of 50 was made for this time period.  Therefore, the coho escapement was the summation of the counts from November 2 (25), 11 (50 estimate), 20 (120), and 30 (10), as all fish were new for each inspection.",,9,Walk,
noohalk_ck,8,bella_coola_system,2005,,70,70,2,Visual,,12,4,12,4,Y (NOV B),"2/9 inspections saw coho. Peak spawning was included in the survey period (peak survey Nov. 14, highest count Nov. 21). Numerical estimate seems fair, classification 4 seems appropriate.","The above estimates are included in/were used to calculate the total escapements to the Bella Coola River (the above numbers are for reference only).  Charter Patrol, Snootli Hatchery, and Nuxalk Fisheries made instream inspections for pinks, chums, and coho.  There were 4 inspections for coho this season.  Conditions were such that coho were only observed during 2 of the 4 inspections.  The estimate was determined using the number of fish present during the November 14 inspection (30) + the new fish during the November 21 inspection (30).  There were empty redds noted on November 21 that weren't accounted for.  Charter Patrol made a conservative estimate of 10 fish for the 6-8 empty redds.",,9,Walk,
noohalk_ck,8,bella_coola_system,2006,,25,25,1,Visual,,12,5,12,5,UNK (NOV),"1/8 inspections saw coho. Most years for this stream estimate Peak in NOV, peak survey may have been Nov. 6. Numerical estimate may be fair, classification 5 seems appropriate. Candidate for A/P designation due to very few spawners seen this season.","The above estimates are included in/were used to calculate the total escapements to the Bella Coola River (the above numbers are for reference only).  Charter Patrol and Nuxalk Fisheries made instream inspections for pinks, chums, and coho.  Ralph Nelson estimated estimated 20 coho for 2006, based on new to the system, carcasses, and empty redds during the only inspection (as all other attempts failed due to high, muddy water).  This system has some very productive coho spawning areas.  Ralph was able to see empty redds in the system, even after the extended high, muddy water events.  For this reason, the final estimate was bumped to 25 coho and given low reliability.",,8,Walk,
noohalk_ck,8,bella_coola_system,2007,,26,26,3,Visual,,5,4,5,4,Y (OCT C),"2/8 inspections saw live coho. Peak spawning was included in the survey period (peak survey Oct. 31). Numerical estimate seems fair, classification 4 seems appropriate.","The above estimates are included in/were used to calculate the total escapements to the Bella Coola River (the above numbers are for reference only).  Charter Patrol and Nuxalk Fisheries made instream inspections for pinks, chums, and coho.  For coho, Ralph Nelson (Charter Patrol) reported a final coho escapement estimate of 24 based on unoccupied redds during the 1st inspection, the number of carcasses, the number of live fish observed, and the number of new fish between inspections.  From his three inspections with coho present, he felt that there was a high probability that coho were missed before the inspections started.  Based on this assumption, a conservative estimate of 26 was made for 2007.",,8,Walk,
noohalk_ck,8,bella_coola_system,2008,,54,54,2,Visual,,5,4,5,4,UNK (NOV),"2/3 inspections saw coho. Most years for this stream estimate Peak in NOV, peak survey may have been Nov. 10. Numerical estimate may be may be fair, classification 4 seems appropriate.","The above estimate was included in/was used to calculate the total escapement to the Bella Coola River but is recorded here for reference. 
Coho - Estimate is conservative but reflective of a low return. ",,3,Walk,
noohalk_ck,8,bella_coola_system,2009,,A/P,A/P,2,Visual,,,6,,6,UNK (NOV),"2/6 inspections saw coho. Most years for this stream estimate Peak in NOV, peak survey may have been Nov. 3. A/P may be appropriate due to few spawners seen this season and uncertainty about peak timing coverage.",Coho - Two inspections of upper spawning area on Oct 24 & Nov 03 for a total to date estimate of 27.  Further spawning after the last inspection likely. ,,6,Walk,
noohalk_ck,8,bella_coola_system,2010,,65,65,3,Visual,,5,5,5,5,UNK (NOV),"1/8 inspections saw live coho. Most years for this stream estimate Peak in NOV, peak survey may have been Nov. 8 (only live count for this season). Numerical estimate may be fair, classification 5 seems appropriate.","Coho were inspected for three times. Most were counted on the first walk, although a fresh carcass was seen on the last, as were twelve new unattended redds. Coho inspections were full-length (excepting some middle silty sections, especially before water levels were lowered in conjunction with Thorsen Creek in stream machine excavations) . There appeared to be two peaks of spawning, in early November and early December.",,8,Walk,
noohalk_ck,8,bella_coola_system,2011,,200,200,4,Visual,,3,4,3,4,Y (NOV C),"4/8 inspections saw live coho. Peak spawning was included in the survey period (peak survey Nov. 30). AUC seems fair, see AUC Recalculation. Classification seems fair due to low resolution.","Coho estimate is an AUC calculation using the estimates generated from the three inspections (Oct 29, Nov 30 & Dec 08) with a 15 day residency time = 181. The Dec 14 inspection was a spot check only which indicated further spawning after the 8th. Inspections of other like streams in the valley from the middle to the end of Dec along with the Dec 14 inspection would suggest that at least 10% or more coho spawned after the 8th. Estimate is for the sections inspected which is from just above the highway to streams confluence with Snooka Creek and from its confluence with Garbage Dump Creek to Thorsen Creek.","AUC calculated with the following parameters: RT 15 days; OE 85%; all counts with coho observations, suggests escapement estimate 200.",8,Walk,
noohalk_ck,8,bella_coola_system,2012,,26,26,4,Visual,,5,4,5,5,UNK (NOV),"3/12 inspections saw live coho. Many years for this stream estimate Peak in NOV, peak survey may have been Nov. 6, 14, or 18 (highest count was Oct. 25). Numerical estimate may be fair, candidate for A/P. If using the numerical estimate, recommend classification 5.","Coho were enumerated for on 5 occasions, 4 by Charter Patrolman and the other by CCFMB. An additional walk was conducted in the lowest section only and 6 coho were removed for broodstock to be reared by Snootli Hatchery. These 6 were subtracted from the Total To Date derived from the unaccompanied redd counts plus live and dead estimates. ",,12,Walk,
noohalk_ck,8,bella_coola_system,2013,,160,160,4,Visual,,5,5,5,5,Y (NOV B),"3/7 inspections saw coho. Peak spawning was included in the survey period (peak survey Nov. 18, highest count Dec. 3). Numerical estimate may be fair, classification 5 seems appropriate.","Coho were inspected for 4 times, though two of these walks were of the different lengths of creek on consecutive days, both contributing to the complete count. Expert opinion derived the annual estimate from redd, carcass and live counts. It is doubted that many more coho will enter the creek to spawn after the date of the last walk (December 3), but it is not impossible. The annual estimate is therefore a minimum.",,7,Walk,
noohalk_ck,8,bella_coola_system,2014,,45,45,3,Visual,,5,5,5,5,Y (NOV B),"2/10 inspections saw live coho. Peak spawning was included in the survey period (peak survey Nov. 10). Numerical estimate may be fair, classification 5 seems appropriate.","Coho - Estimate base on the 3 coho inspections which included live, dead and redd counts. The estimate is for the sections inspected which cover most of the coho spawning areas.",,10,Walk,
noohalk_ck,8,bella_coola_system,2015,,42,42,3,Visual,,5,5,5,5,Y (NOV B),"2/6 inspections saw coho. Peak spawning was included in the survey period (peak survey Nov. 10). Numerical estimate seems fair, classification 5 seems appropriate.","There were 6 inspections of Noohalk Creek this year, 3 were by NFP; 3 by CP, specific to coho enumeration.
Coho were seen twice and not on the last walk.The coho estimate is based on live plus dead and redd counts. A dog prevented a good look in the vicinity of the house, which is where there is a concentration of spawning activity. This, and that holding coho in the lower stream are not necessarily destined for this tributary (as opposed to Garbage Dump and Snooka Creeks), has reduced the reliability of the estimate.",,6,Walk,
noohalk_ck,8,bella_coola_system,2016,,30,30,3,Visual,,12,4,12,4,Y (NOV A),"2/8 inspections saw live coho. Peak spawning was included in the survey period (peak survey Nov. 5). Numerical estimate seems fair, classification 4 may be appropriate.","There were 2 NFP SILs this year plus 3 more that were gleaned (by CP) from NFP Thorsen Creek SIL entries. CP also did 3 later-fall inspections, specific to this creek, targeting coho.
Coho were seen on all 3 later-fall inspections. The annual coho escapement estimate is composed of live plus dead and unaccompanied redd counts over those 3 inspections.",,8,Walk,
noohalk_ck,8,bella_coola_system,2017,,328,328,6,Visual,,5,3,5,3,Y (NOV C),"5/11 inspections saw coho. Peak spawning was included in the survey period (peak survey Nov. 20, highest count Dec. 6). Numerical estimate seems fair, classification 3 may be appropriate.","There were 5 early-season pink and chum inspections of Noohalk Creek this year: 2 by DW; 3 by NFP. All these walks only enumerated below the Mikkelson's driveway bridge to the mouth at Thorsen Creek. 6 later-season coho inspections by CP were conducted after October.
Coho were seen on all coho directed inspections except the 2nd. The annual escapement estimate is composed of redd counts and live plus dead estimates. Coho enumeration spawnned the timing of the run well: it is not thought that significant numbers of later arrivals are likely.The end of the run timing is an estimate based on experience of looking at the condition and age of holding coho. ",,11,Walk,
noohalk_ck,8,bella_coola_system,2018,,14,14,3,Visual,,5,4,5,5,Y (NOV),"1/3 inspections saw coho. Peak spawning was included in the survey period (peak survey Nov. 17). Numerical estimate may be fair, recommend classification 5 due to single observation of live coho this season.","There were no NFP early-season inspections of this creek this year; normally there are. 3 later-season inspections were conducted by CP.
Coho adults were seen live once and redds were seen twice. The annual estimate is a compilation of redd and live counts and is probably reasonably accurate.",,3,Walk,
noohalk_ck,8,bella_coola_system,2019,,130,130,4,Visual,,5,4,5,4,Y (NOV B),"3/8 inspections saw live coho. Peak spawning was included in the survey period (peak survey Nov. 12, highest count Nov. 23). Numerical estimate may be fair, classification 4 seems appropriate.","There were 4 early season inspection of Noohalk Creek this year, all by NFP; 4 later inspections were done from October on, by CP. 
Coho were seen 4 times. The annual escapement estimate was generated from an expert opinion based on live and dead coho and unaccommpanied redd counts. The reliability was reduced by the tea coloured lower sections being difficult to see into. ",,8,Walk,
noohalk_ck,8,bella_coola_system,2020,,90,90,6,Visual,,5,5,5,5,Y (NOV B),"All three inspections saw coho. Peak spawning was included in the survey period (peak survey Nov. 12, highest count Nov. 26). Numerical estimate may be fair, classification 5 may be appropriate.","Coho were seen on all inspections(3). Redd counts and live plus dead contributed to the annual escapement estimate. Another inspection would have been conducted under ideal circumstances but time and weather prevented this. While all the prime spawning locations were examined, as usual, the whole creek wasn't, partially due to the continuous high water levels experienced this year. ",,3,Walk,
noohalk_ck,8,bella_coola_system,2021,,230,230,3,Visual,,5,4,5,4,Y (NOV A),"2/5 inspections saw coho. Peak spawning was included in the survey period (peak survey Nov. 9). Numerical estimate may be fair, classification 4 seems appropriate.","4 coho specific walks were conducted by CP in the later fall and the annual escapament estimate is an expert opinion based on the redd count and some live  and dead. The annual escpament estimate, being based heavily on redd counts should have a reasonable accuracy. The middle section of creek is somewhat inaccessible, especially during higher flows and has little desireable spawning gravel. Traditionally this is not inspected but this does result in much uncertainty in the entire stream estimate. Coho were seen all occasions. Redds were the basis for the first running total to date (there were many unspawned carcasses), new redds and live plus dead coho added to the annual estimate entered above. Reliability is fair.",,5,Walk,
noohalk_ck,8,bella_coola_system,2022,,80,80,3,Visual,,5,5,5,5,Y (NOV C),"3/8 inspections saw coho. Peak spawning was included in the survey period (peak survey Nov. 25). Numerical estimate seems fair, classification 5 may be appropriate.","All 3 coho inspections saw coho. The annual escapement estimate is an expert opinion based on these observations. Early spawner residencies were easy to determine as all coho were consumed by bears without there being a single redd in the prime spawning areas. Later spawning was successful. Lower confidence in the results is because of deeper, murky sections which make enumeration difficult. ",,8,Walk,
noohalk_ck,8,bella_coola_system,2023,,160,160,5,Visual,,5,3,5,3,Y (NOV C),"5/11 inspections saw coho. Peak spawning was included in the survey period (peak survey Nov. 28). Numerical estimate seems fair, classification 3 seems appropriate.",Coho were seen all 5 times. Redd counts and live counts were used to arrive at the annual escapement estimate above; Snooka Creek coho were subtracted from the penultimate live count (coho were holding just below the junction with Snooka Creek). This resulting number is felt to be relatively accurate. ,,11,Walk,
noohalk_ck,8,bella_coola_system,2024,,A/P,220,,Visual,,,6,5,5,Y (NOV),"5/7 inspections saw coho. Many years for this stream estimate Peak in NOV, peak survey may have been Nov. 4, 17 (highest count), or 28. Unclear why A/P was chosen, recommend estimate changed to 220 to reflect the estimated escapement to date listed on the final SIL. Recommend classification 5 due to upgrading from a categorical estimate.","Coho were observed on the first walk, on July 25.",,7,Walk,
paril,6,gardner_channel,1980,,100,100,,,,,,,5,N (SEP A),"No SILs available. Peak survey was not conducted due to gap in the survey period (Aug. 18 - Sep. 18). Numerical estimate may be fair, recommend classification 5 due to lack of information available. ",,,3,,
paril,6,gardner_channel,1981,,50,50,,,,,,,5,N (OCT),"No SILs available. Peak survey was not conducted due to early end to the survey period (last survey Sep. 18). Numerical estimate may be fair, recommend classification 5 due to lack of information available. ",,,2,,
paril,6,gardner_channel,1982,,300,300,,,,,,,5,N (SEP B),"No SILs available. Peak survey was not conducted due to early end to the survey period (only recorded survey date Aug. 27). Numerical estimate may be fair, recommend classification 5 due to lack of information available. ",,,1,,
paril,6,gardner_channel,1983,,100,100,,,,,,,5,Y (SEP A),"No SILs available. Peak spawning was included in the survey period (peak survey Sep. 4). Numerical estimate may be fair, recommend classification 5 due to lack of information available. ",,,2,,
paril,6,gardner_channel,1984,,300,300,,,,,,,5,UNK (SEP A),"No SILs available. Unclear if a peak survey was conducted, no survey dates provided. Numerical estimate may be fair, recommend classification 5 due to lack of information.",Good showing of coho fry above falls. IFF took additional 300 coho from river this year.,,,,
paril,6,gardner_channel,1985,,200,200,1,Visual,C,,,,5,Y (SEP C),"No SILs available. Peak spawning was included in the survey period (peak survey Sep. 26). Numerical estimate may be fair, recommend classification 5 due to provided reliability estimate.",,,4,Walk,
paril,6,gardner_channel,1986,,200,200,2,Visual,3,,,,4,N (SEP C),"No SILs available. Peak survey was not conducted due to early end to the survey period (last survey Sep. 8). Numerical estimate may be fair, recommend classification 4 due to provided reliability estimate.",,,4,Walk / Float,
paril,6,gardner_channel,1987,,400,400,3,Visual,3,,,,4,Y (SEP C),"No SILs available. Peak spawning was included in the survey period (peak survey Sep. 24). Numerical estimate may be fair, recommend classification 4 due to provided reliability estimate.",A significant number of Kitamaat Band food fishermen gillnet coho off the mouth of this stream.,,6,Walk / Float,
paril,6,gardner_channel,1988,,400,400,,Visual,2,,,,4,N (SEP C),"No SILs available. Peak survey was not conducted due to early end to the survey period (last recorded survey date Sep. 18). Numerical estimate may be fair, recommend classification 4 due to provided reliability estimate.",A food fish permit was issued to the Kitamaat Band for coho in this river. The Kitamaat Band also gillnets coho off the mouth.,,4,Walk / Float,
paril,6,gardner_channel,1989,,400,400,,Visual,3,,,,4,N (OCT),"No SILs available. Peak survey was not conducted due to early end to the survey period (last survey Sep. 20). Numerical estimate may be fair, recommend classification 4 due to provided reliability estimate.",The Kitamaat band gillnets coho off the mouth of this river.,,4,Walk / Float,
paril,6,gardner_channel,1990,,UNK,A/P,1,Visual,1,,,,6,N (UNK),"No SILs available. Peak timing estimate not provided, but many years for this stream estimate peak in OCT C or NOV A, possible that a survey was conducted during peak (peak survey Oct. 23). Recommend estimate changed to A/P.","60 coho were seen during the Sep. 30 inspection fish countability is usually poor due to dark, tea coloured water. The Kitamaat band gillnets coho off the mouth of this river.",,5,Walk,
paril,6,gardner_channel,1991,,125,125,3,Visual,,,,,5,N (UNK),"No SILs available. Peak timing estimate not provided, but many years for this stream estimate peak in OCT C or NOV A. Unlikely that a peak survey was conducted, the last recorded survey date was Sep. 19. Numerical estimate may be fair, recommend classification 5 due to incomplete coverage of run timing.",Sep. 8 first coho observed. Kitamaat band harvest coho at the mouth of the Pril River. 90 coho observed up into lake systems. Oct. 10 blowdown occurred on reach 1 km downstream of lake. Needs some inspection to have greater confidence in reliability.,,4,Walk,
paril,6,gardner_channel,1992,,100,100,,Visual,1,,,,5,N (UNK),"No SILs available. Peak timing estimate not provided, but many years for this stream estimate peak in OCT C or NOV A. Unlikely that a peak survey was conducted, the last recorded survey date was Sep. 11. Numerical estimate may be fair, recommend classification 5 due to provided reliability estimate.",,,4,Walk / Float,
paril,6,gardner_channel,1993,,300,300,1,Visual,1,,,,6,N (UNK),"No SILs available. Peak timing estimate not provided, but many years for this stream estimate peak in OCT C or NOV A. Unlikely that a peak survey was conducted, only recorded survey date was Aug. 16. Numerical estimate may be fair, recommend classification 5 due to provided reliability estimate.",,,2,Walk / Float,
paril,6,gardner_channel,1994,,UNK,A/P,,,,,,,6,N (UNK),"No SILs available. Peak timing estimate not provided, but many years for this stream estimate peak in OCT C or NOV A. Unlikely that a peak survey was conducted, the last recorded survey date was Sep. 20. Recommend estimate changed to A/P.",,,2,,
paril,6,gardner_channel,1995,,270,270,,Visual,1,,,,5,N (OCT),"No SILs available. Peak survey was not conducted due to early end to the survey period (last survey Sep. 25). Numerical estimate may be fair, recommend classification 5 due to provided reliability estimate.",,,2,Walk,
paril,6,gardner_channel,1996,,40,A/P,,Visual,1,,,,6,N (OCT),No SILs available. Peak survey was not conducted due to early end to the survey period (only survey Sep. 7). Recommend estimate changed to A/P due to single survey very early in the season with few observed spawners.,,,1,Walk,
paril,6,gardner_channel,1997,,11,A/P,1,Visual,1,,,,6,N (OCT),No SILs available. Peak survey was not conducted due to early end to the survey period (only survey Sep. 10). Recommend estimate changed to A/P due to single survey very early in the season with few observed spawners.,"IFF for coho in river. Only able to inspect river once this season. Coho number is the actual count, number lower than usual.",,1,Walk,
paril,6,gardner_channel,1998,,150,150,2,Visual,1,,,,5,N (OCT),"No SILs available. Peak survey was not conducted due to early end to the survey period (last survey Sep. 28). Numerical estimate may be fair, recommend classification 5 due to provided reliability estimate.",Coho escapement is the actual number counted.,,3,Walk,
paril,6,gardner_channel,1999,,20,A/P,1,,,,,,6,N (NOV),No SILs available. Peak survey was not conducted due to early end to the survey period (only survey Sep. 3). Recommend estimate changed to A/P due to single survey very early in the season with few observed spawners.,"20 coho were counted on Sep. 3, no other coho inspections were done. No estimate on the number of coho taken by IFF.",,1,,
paril,6,gardner_channel,2000,,UNK,A/P,,,,,,,6,N (UNK),"No SILs available. Peak timing estimate not provided, but many years for this stream estimate peak in OCT C or NOV A. Unlikely that a peak survey was conducted, the only recorded survey date was Sep. 14. Recommend estimate changed to A/P.",Coho were present on Sep. 14 but were holding in the deep pools. One site was selected on the tributary stream to the Paril river for juvenile coho sampling.,,1,,
paril,6,gardner_channel,2001,,1800,1800,7,Visual,2,,,,4,Y (NOV B),"No SILs available. Peak spawning was included in the survey period (peak survey Nov. 13). Numerical estimate may be fair, recommend classification 4 due to provided reliability estimate.",Good showing of coho at mouth of river in early September. Five coho inspections were done on the tributary stream. Majority of coho spawning between beaver swamps and cascades at 4 km. Actual coho counts were used on the five inspections. No live coho observed during the Dec. 29 inspection. Coho were also estimated when schooled in the tidal portion of the river. 74 coho DNA samples were taken was river. Coho juvenile removal depletion sampling was conducted on the triburary stream. 267 coho fry were sampled in 3 trappings.,,8,Walk,
paril,6,gardner_channel,2002,,1600,1600,4,Visual,2,,,,4,Y (NOV B),"No SILs available. Peak spawning was included in the survey period (peak survey Nov. 19). Numerical estimate seems fair, recommend classification 4 due to provided reliability estimate.","Coho escapement was estimated from inspecting the stream at the start of spawning, at or near the peak of spawning at the end of spawning. A percentage of new fish was estimated between inspections for a subjective estimate of 1600. The inspection that was scheculed in mid november was cancelled because of heavy rain. Coho juvenile survey completed again this year. Peak adult count was 683.

Counts are as follows:
Sep. 10 - 0 coho
Oct. 3 - 12 coho
Oct. 20 - 4 coho
Nov. 6 - 0 coho
Nov. 8 - 680 coho
Nov. 19 - 0 coho
Dec. 2 - 88 coho",,7,Walk,
paril,6,gardner_channel,2003,,400,400,1,Visual,1,,,,4,N (OCT C),"No SILs available. Peak survey was not conducted due to gap in the survey period (Oct. 11 - Nov. 4). Numerical estimate may be fair, recommend classification 4 due to missed peak survey.",Coho final escapement estimate was determined from the actual number of coho counted in the section of river from the beaver ponds to the cascades.,,4,Walk,
paril,6,gardner_channel,2004,,1900,2300,5,Visual,,,,3,4,Y (NOV A),"7/9 inspections saw coho. Peak spawning was included in the survey period (peak survey Nov. 9). AUC seems fair, recommend estimate changed to 2010 (see AUC Recalculation). Classification 4 fair due to low resolution.",The coho annual escapement estimate was derived from the actual counts made of the spawning beds throughout the season. The spawning area was inspected regularly through the season with a live and dead count obtained. An AUC calculation using inspections from Oct 20 and later with 15 day residency and 80% observer efficiency = 1778 coho.,"AUC could not be matched to estimate provided. New AUC calculated with the following parameters: RT 15 days; OE 80%; live plus dead counts from Oct. 28, Nov. 9, 22, Dec. 7. Suggests new escapement estimate 2303.",9,Walk,
paril,6,gardner_channel,2005,,1300,1300,5,Visual,,3,3,3,4,Y (NOV A),"6/7 inspections saw coho. Peak spawning was included in the survey period (peak survey Nov. 7, highest count Nov. 18). AUC seems fair, see AUC Recalculation. Recommend classification 4 due to low resolution (only 4 inspections used in calculation).","This is a primary system for enumerating coho. Coho escapements were inspected on a regular basis through the spawning season. The Oct. 14th , 29th, Nov 7th & 18th escapement information was entered into the AUC program to verify my escapement estimate. The AUC calculation was 1254 coho and my estimate was 1300 coho using 80 % observer efficiency with a 15 day RT. 15 days was used as the RT because I am only counting spawning fish in this system.","AUC calculated with the following parameters: RT 15 days; OE 80%; live counts from Oct. 14 and 29, live plus dead counts from Nov. 7 and 18. Suggests escapement estimate 1305.",7,Walk / Float,
paril,6,gardner_channel,2006,,720,745,9,Visual,,3,3,3,4,Y (NOV A),"All nine inspections saw coho. Peak spawning was included in the survey period (peak survey Nov. 2). AUC seems fair, recommend estimate changed to 745 (see AUC Recalculation). Recommend classification 4 due to low resolution (only 4 inspections used in calculation).", Coho were inspected regularly through the spawning season. Coho were enumerated as they moved from the beaver ponds onto the spawning gravel. The actual counts were used for each inspection and then entered into the AUC program to calculate the final escapement. A 15 day Residency Time for spawning coho and an 80 % Observer Efficiency.,"AUC could not be matched to estimate provided. Closest AUC to the original estimate calculated with the following parameters: RT 15 days; OE 80%; live counts from Oct. 19, Nov. 2, 10, 16. Suggests new escapement estimate 744.",9,Walk / Float,
paril,6,gardner_channel,2007,,580,530,5,Visual,,3,3,3,4,Y (NOV A),"5/7 inspections saw coho. Peak spawning was included in the spawning period (peak survey Nov. 1). AUC seems fair, recommend estimate changed to 530 (see AUC Recalculation). Recommend classification 4 due to low resolution (only 4 inspections used in calculation).",Coho were inspected regularly through the spawning season. Coho were enumerated as they moved from the beaver ponds onto the spawning gravel. The actual counts were used for each inspection and then entered into the AUC program to calculate the final escapement. A 15 day Residency Time  for spawning coho and an 80 % Observer Efficiency.,"AUC could not be matched to estimate provided. Closest AUC to the original estimate calculated with the following parameters: RT 15 days; OE 80%; live counts from Oct. 17, Nov. 1, 16, 23. Suggests escapement estimate 526.",7,Walk / Float,
paril,6,gardner_channel,2008,,830,810,5,Visual,,3,3,3,3,Y (OCT C),"6/7 inspections saw coho. Peak spawning was included in the survey period (peak survey Oct. 23). AUC seems fair, recommend estimate changed to 810 (see AUC Recalculation). Classification 3 seems fair due to adequate number of surveys and good coverage of run timing.","Coho were inspected regularly through the spawning season. Coho were enumerated as they moved from the beaver ponds onto the spawning gravel. The actual count was used for each inspection and then entered into the AUC program to calculate the final escapement. A 15 day residency time  for spawning coho and an 80 % observer efficiency. This year two tribs that flow into a small pond at the head waters were not inspected, one is about 200 meters long and the other 500 meters long, total return <50.  The estimate is for the areas inspected.","AUC could not be matched to estimate provided. Closest AUC to the original estimate calculated with the following parameters: RT 15 days; OE 80%; live counts from Oct. 12 and 23, live plus dead counts from Nov. 11, 19, 25. Suggests escapement estimate 808.",7,Walk / Float,
paril,6,gardner_channel,2009,,2130,2185,7,Visual,,3,3,3,3,Y (NOV A),"8/12 inspections saw coho. Peak spawning was included in the survey period (peak survey Nov. 7). AUC seems fair, recommend estimate changed to 2184 (see AUC Recalculation). Classification 3 seems fair due to adequate number of surveys and good coverage of run timing.",Coho were enumerated as they moved from the beaver ponds onto the spawning gravel. The actual counts were used for each inspection and then entered into the AUC program to calculate the final escapement. A 15 day residency time for spawning coho and a 80% observer efficiency.,"AUC could not be matched to estimate provided. Closest AUC to the original estimate calculated with the following parameters: RT 15 days; OE 80%; spawner only counts from Oct. 17, 28, Nov. 7, 15, 25. Suggests new escapement estimate 2184.",12,Walk / Float,
paril,6,gardner_channel,2010,,460,500,8,Visual,,3,4,3,4,Y (NOV A),"6/7 inspections saw coho. Peak spawning was included in the survey period (peak survey Oct. 23). AUC seems fair, recommend estimate changed to 810 (see AUC Recalculation). Classification 4 seems fair due to low resolution (only 3 inspections used in the calculation).",Coho were inspected regularly through the spawning season. Coho were enumerated as they moved from the beaver ponds onto the spawning gravel. The actual counts were used for each inspection and then entered into the AUC program to calculate the final escapement using a 12 day Residency Time for spawning coho and  90% Observer Efficiency. This was the second lowest recorded coho escapement since the start of the comprehensive assessment program that started in 2001.,"AUC could not be matched to estimate provided. Closest AUC to the original estimate calculated with the following parameters: RT 12 days; OE 90%; spawner only counts from Oct. 24, Nov. 6, 17. Suggests new escapement estimate 501.",10,Walk / Float,
paril,6,gardner_channel,2011,,280,295,5,Visual,,3,3,3,4,Y (OCT C),"5/6 inspections saw coho. Peak spawning was included in the survey period (peak survey Oct. 26). AUC seems fair, recommend estimate changed to 295 (see AUC Recalculation). Recommend classification 4 due to low resolution (only 3 inspections used in the calculation).","There were five inspections done to enumerate coho this season.  The information collected from each inspection was entered into the AUC program using a 15 day Residency Time and  90% Observer Efficiency to calculate the final escapement. The 15 day Residency Time is for spawning coho only. The juvenile depletion survey was completed Sept 20th  - 1st trapping 47 juveniles, 2nd 31 and last 12 for a total of 90 juveniles.","Closest AUC to the original estimate calculated with the following parameters: RT 15 days; OE 80%; spawner only counts from Oct. 26, Nov. 7, 15. Suggests escapement estimate 293.",6,Walk / Float,
paril,6,gardner_channel,2012,,655,630,4,Visual,,3,3,3,4,Y (NOV B),"5/7 inspections saw coho. Peak spawning was included in the spawning period (peak survey Nov. 17, highest count Nov. 6). AUC seems fair, recommend estimate changed to 630 (see AUC Recalculation). Recommend classification 4 due to low resolution (only 3 inspections used in the calculation).",The information collected for Coho was entered into the AUC program using a 15 day Residency Time and an 85% Observer Efficiency to derive the final escapement. The Residency Time of 15 days is for spawning Coho.,"Closest AUC to the original estimate calculated with the following parameters: RT 15 days; OE 85%; live counts from Oct. 21, Nov. 6, 17. Suggests escapement estimate 632.",7,Walk / Float,
paril,6,gardner_channel,2013,,200,200,6,Visual,,3,4,3,3,Y (OCT C),"All six inspections saw coho. Peak spawning was included in the survey period (peak survey Oct. 21). AUC seems fair, see AUC Recalculation. Unclear why classification 4 was chosen, recommend classification 3 due to adequate number of surveys and good coverage of run timing.",There were five inspections done to enumerate coho through the spawning season. The information from each inspection was entered into the AUC program while using a 15 day RT and a 80% OE to calculate the final escapement. A 15 day RT was used for coho because I used spawning fish only.,"AUC calculated with the following parameters: RT 15 days; OE 80%; live counts from  Sep. 15, Oct. 7, 21, Nov. 5, 13. Suggests escapement estimate 187.",6,Walk / Float,
paril,6,gardner_channel,2014,,350,420,3,Visual,,1,5,1,4,N (NOV A),All four inspections saw coho. Peak survey was not conducted due to early end to the survey period (last survey Oct. 24). Recommend estimate changed to 420 (highest count from Sep. 13). Recommend classification 4 due to incomplete coverage of run timing.,The majority of coho were spawning on Oct. 24.,,4,Walk / Float,
paril,6,gardner_channel,2015,,530,430,6,Visual,,3,3,3,4,Y (NOV A),"5/7 inspections saw coho. Peak spawning was included in the survey period (peak survey Nov. 3, 9). AUC seems fair, recommend estimate changed to 430 (see AUC Recalculation). Recommend classification 4 due to low resolution (only 3 inspections used in the calculation).",Six coho inspections were completed on Paril River in 2015. The actual counts of coho from each inspection was entered into the AUC program using a 15 day RT and a 90% OE to calculate the final escapement. The 15 day residence time is for spawning fish.,"AUC could not be matched to the estimate provided. Closest AUC to the original estimate calculated with the following parameters: RT 15 days; OE 90%; live plus dead counts from Oct. 24, Nov. 3, 9. Suggests new escapement estimate 432.",7,Walk / Float,
paril,6,gardner_channel,2016,,570,560,3,Visual,,3,4,3,4,Y (NOV B),"All four inspections saw coho. Peak spawning was included in the survey period (peak survey Nov. 16). AUC seems fair, recommend estimate changed to 560 (see AUC Recalculation). Classification 4 seems fair due to low resolution.","The annual coho escapement was derived from the individual counts from the 3 inspections. Each of the counts were entered into the AUC program using a 18 day RT and a 100% OE to calculate the escapement at 570. The 18 day residence time is for spawning fish. The tributaries above the 2 ponds in the upper part of the system were not part of the estimate in 2016, only the main spawning area from the beaver ponds to the cascades were enumerated . ","AUC calculated with the following parameters: RT 18 days; OE 100%; live counts from Sep. 28, Oct. 21, Nov. 16. Suggests escapement estimate 562.",4,Walk / Float,
paril,6,gardner_channel,2017,,150,150,4,Visual,,3,3,3,4,Y (OCT C),"4/6 inspections saw coho. Peak spawning was included in the survey period (peak survey Oct. 20, 27). AUC seems fair, see AUC Recalculation. Recommend classification 4 due to low resolution.",There were 3 inspections completed to enumerate coho in 2017. The actual counts for coho were entered into the AUC program using a 15 day RT and a 80% OE to calculate the final escapement. The 15 day RT is used because by the time the coho move from the beaver ponds to the creek they are considered to be spawning.,"AUC calculated with the following parameters: RT 15 days; OE 80%; live counts from Oct. 11, 20, 27, Nov. 10. Suggests escapement estimate 148.",6,Walk / Float,
paril,6,gardner_channel,2018,,130,290,3,Visual,,1,4,1,4,Y (NOV A),"3/4 inspections saw coho. Peak spawning was included in the survey period (peak survey Nov. 1). Recommend AUC, estimate change to 290 (see AUC Recalculation). Recommend classification 4 due to low resolution.",The annual coho escapement was the actual peak count from the inspection on Nov 1. Coho escapements have been recorded on a continual basis in this system since 2001 so recording a minimum observed escapement was preferred over stating AP.,"New AUC calculated with the following parameters: RT 15 days; OE 80%; live counts from Sep. 26, Oct. 9, Nov. 1. Suggests escapement estimate 286.",4,Walk / Float,
paril,6,gardner_channel,2019,,No Record,132,,Visual,,,,1,5,Y (NOV A),"No annual estimate in database. All five inspections saw coho. Peak timing for this stream is usually estimated in NOV A, it is likely that peak spawning was included in the survey period (peak survey Nov. 4). Recommend 132 for estimate (peak live plus dead count from Nov. 4 survey). Recommend classification 5 due to no original estimate provided.",,,5,Walk / Float,
paril,6,gardner_channel,2020,,170,140,5,Visual,,5,5,3,3,Y (OCT C),"All five inspections saw coho. Peak spawning was included in the survey period (peak survey Oct. 27, highest count Aug. 31). Recommend AUC, estimate changed to 140 (see AUC Recalculation). Recommend classification 4 due to low resolution (only 3 inspections used in the calculation).",The annual coho escapement estimate was based on regular inspections of the mainstem and the tributary stream. The peak count of coho holding in the mainstem before moving into the tributary was 155. 3 counts were done on the tributary of the holding and spawning coho wiith a peak count of 50 coho.,"New AUC calculated with the following parameters: RT 15 days; OE 80%; live counts from Oct. 1, 17, 27. Suggests escapement estimate 142.",5,Walk / Float,
paril,6,gardner_channel,2021,,300,250,3,Visual,,3,3,3,4,Y (NOV A),"4/6 inspections saw coho. Peak spawning was included in the survey period (peak survey Nov. 8). AUC seems fair, recommend estimate changed to 250 (see AUC Recalculation). Recommend classification 4 due to low resolution.",Three inspections were completed to enumerate coho. The actual counts from each inspection was entered into the AUC program using a 25 day RT and a 80% OE. On Nov 7 a redd count was done as the water level was low and the redds were showing nicely. A total of 136redds. Roughly about 270 coho so I estimated the run at 300.,"AUC could not be matched to the estimate provided. Closest AUC to the original estimate calculated with the following parameters: RT 25 days; OE 80%; live plus dead counts from Sep. 26, Oct. 13, Nov. 8. Suggests escapement estimate 250.",6,Walk / Float,
paril,6,gardner_channel,2022,,250,250,2,Visual,,5,5,5,5,Y (OCT C),"Both of the inspection saw coho. Peak spawning was included in the survey period (peak survey Oct. 20). Numerical estimate seems fair, classification 5 seems fair.",The coho annual escapement was the peak spawning count. Recording the minimum observed escapement was preferred over stating AP.,,2,Walk,
paril,6,gardner_channel,2023,,A/P,A/P,1,Visual,,,6,,6,N (OCT C),1/2 inspections saw coho. Peak survey was not conducted due to early end to the survey period (last survey Oct. 10). A/P seems appropriate due to single observation of few coho and missing peak survey.,,,2,Walk / Float,
paril,6,gardner_channel,2024,,225,225,3,Visual,,3,4,3,4,Y (OCT C),"All three inspections saw coho. Peak spawning was included in the survey period (peak survey Oct. 27, highest count Sep. 15). AUC seems fair, see AUC Recalculation. Classification 4 seems fair due to low resolution.",The annual coho escapement was derived by entering the counts into the AUC program using a 40 day RT and a 80% OE,AUC calculated with the following parameters: RT 40 days; OE 80%; live counts from the three surveys. Suggests escapement estimate 225.,3,Walk / Float,
quaal,6,douglas_ursula_devastation_channels,1980,,3000,3000,,,,,,,5,N (OCT C),"No SILs available. Peak survey was not conducted due to early end to survey period (last survey in Sep.). Numerical estimate may be fair, recommend classification 5 due to lack of information available.",,,UNK,,
quaal,6,douglas_ursula_devastation_channels,1981,,6000,6000,,,,,,,5,N (OCT),"No SILs available. Peak survey was not conducted due to early end to survey period (last survey in Sep.). Numerical estimate may be fair, recommend classification 5 due to lack of information available.",,,UNK,,
quaal,6,douglas_ursula_devastation_channels,1982,,6000,6000,,,,,,,5,N (OCT ),"No SILs available. Peak survey was not conducted due to early end to survey period (last survey Sep. 6). Numerical estimate may be fair, recommend classification 5 due to lack of information available.",,,5,,
quaal,6,douglas_ursula_devastation_channels,1983,,4000,A/P,,,,,,,6,N (OCT C),"No SILs available. Peak survey was not conducted due to early end to survey period (last survey Sep. 1). Unclear how estimate was generated, A/P designation may be better due to very early end to survey period. If using numerical estimate, classification 5.",,,6,,
quaal,6,douglas_ursula_devastation_channels,1984,,5000,5000,,,,,,,5,UNK (OCT C),"No SILs available. Unclear whether surveys were conducted around peak, limited survey dates provided. Numerical estimate may be fair, recommend classification 5 due to lack of information available.",,,UNK,,
quaal,6,douglas_ursula_devastation_channels,1985,,7500,7500,2,Visual,B,,,,4,N (OCT C),"No SILs available. Peak survey was not conducted due to early end to survey period (last survey Sep. 30). Numerical estimate may be fair, recommend classification 4 due to provided reliability estimate.",,,10,Walk / Float,
quaal,6,douglas_ursula_devastation_channels,1986,,15000,15000,4,Visual,3,,,,4,UNK (OCT C),"No SILs available. Unclear whether surveys were conducted around peak, limited survey dates provided. Numerical estimate may be fair, recommend classification 4 due to provided reliability estimated.",,,UNK,Walk / Plane,
quaal,6,douglas_ursula_devastation_channels,1987,,5500,5500,4,Visual,2,,,,4,Y (OCT C),"No SILs available. Peak spawning was included in the survey period (peak surveys Oct. 20, 22, 23). Numerical esitmate may be fair, recommend classification 4 due to good coverage of spawning period.",,,10,Walk,
quaal,6,douglas_ursula_devastation_channels,1988,,2000,2000,,Visual,2,,,,5,N (OCT C),"No SILs available. Peak survey was not conducted due to early end to survey period (last survey Oct. 5). Numerical estimate may be fair, recommend classification 5 due to provided reliability estimate.",,,13,Walk / Float / Plane,
quaal,6,douglas_ursula_devastation_channels,1989,,UNK,N/I,,Visual,2,,,,6,N (OCT C),"No SILs available. Peak survey was not conducted due to early end to survey period (last survey Sep. 9). Unclear whether coho were observed, recommend N/I.",,,6,Walk / Float / Plane,
quaal,6,douglas_ursula_devastation_channels,1990,,2500,2500,5,Visual,2,,,,5,Y (NOV A),"No SILs available. Peak timing is unclear, but many years for this stream estimate peak around OCT C or NOV A (peak survey Nov. 1). Numerical estimate may be fair, recommend classification 5 due to provided reliability estimate.",,,11,Plane / Heli,
quaal,6,douglas_ursula_devastation_channels,1991,,UNK,N/I,1,Visual,,,,,6,N (OCT C),"No SILs available. Peak timing is unclear, but many years for this stream estimate peak around OCT C or NOV A (no peak survey, last survey Aug. 26). Recommend N/I due to very early end to survey period.",Quaal River not inspected for coho although the presence of the species is known through IFF data and sightings.,,12,Walk / Float / Heli,
quaal,6,douglas_ursula_devastation_channels,1992,,1100,1100,3,Visual,1,,,,5,N (OCT C),"No SILs available. Peak timing is unclear, but many years for this stream estimate peak around OCT C or NOV A (no peak survey, last survey Oct. 2). Numerical estimate may be fair, recommend classification 5 due to provided reliability estimate.",,,7,Walk / Float / Plane,
quaal,6,douglas_ursula_devastation_channels,1993,,1800,1800,4,Visual,2,,,,5,N (OCT C),"No SILs available. Peak timing is unclear, but many years for this stream estimate peak around OCT C or NOV A (no peak survey, last survey Oct. 10). Numerical estimate may be fair, recommend classification 5 due to provided reliability estimate.",,,7,Walk / Float / Plane / Heli,
quaal,6,douglas_ursula_devastation_channels,1994,,620,620,,Visual,1,,,,5,Y (OCT),"No SILs available. Peak spawning was included in the survey period (peak survey Oct. 2). Numerical estimate may be fair, recommend classification 5 due to provided reliability estimate.",Coho escapement is the actual number counted to Oct. 2. Coho still moving into river.,,9,Walk / Float / Plane,
quaal,6,douglas_ursula_devastation_channels,1995,,518,518,,Visual,1,,,,5,N (OCT),"No SILs available. Peak survey was not conducted due to early end to survey period (last survey Sep. 27). Numerical estimate may be fair, recommend classification 5 due to provided reliability estimate.",No coho inspections made this season. Coho escapement figure is the actual number counted.,,8,Walk / Float,
quaal,6,douglas_ursula_devastation_channels,1996,,550,550,,Visual,1,,,,5,N (OCT),"No SILs available. Peak survey was not conducted due to early end to survey period (last survey Sep. 12). Numerical estimate may be fair, recommend classification 5 due to provided reliability estimate.",No coho inspections made this season. Coho escapement figure is the actual number counted.,,8,Walk / Float,
quaal,6,douglas_ursula_devastation_channels,1997,,N/I,N/I,,Visual,,,,,6,,"No SILs available. N/I appropriate (last survey Sep. 14, Annual Est. Rationale).",No coho inspections made this season. Coho numbers in the lower river were poor this season.,,12,Walk,
quaal,6,douglas_ursula_devastation_channels,1998,,500,500,5,Visual,1,,,,4,Y (OCT),"No SILs available. Peak spawning was included in the survey period (peak survey Oct. 27). Numerical estimate may be fair, recommend classification 5 due to provided reliability estimate.",The coho count above was the actual count observed holding in pools throughout the season.,,13,Walk / Heli,
quaal,6,douglas_ursula_devastation_channels,1999,,1330,1330,,Visual,2,,,,4,Y (NOV B),"No SILs available. Peak spawning was included in the survey period (peak survey Nov. 13). Numerical estimate may be fair, recommend classification 4 due to basis of estimate on two surveys.",Coho escapement number is the actual count by helicopter on Oct. 28 and Nov. 13.,,13,Heli,
quaal,6,douglas_ursula_devastation_channels,2000,,1200,1200,3,Visual,2,,,,4,Y (OCT C),"No SILs available. Peak spawning was included in the survey period (peak survey Oct. 21). Numerical estimate seems fair, recommend classification 4 due to basis of estimate on two surveys.","An extra effort was placed on determining the coho escapement to this river. Two helicopter flights were timed to count in the best conditions to cover the expected peak of the coho run. The entire river was inspected on Oct. 21 and Nov. 10, viewing conditions were good. The section of river that flows into the small lake at the head of Gavel creek was inspected. Excellent gravel creek but no coho were observed. Coho counts are as follows: Oct. 21 - 820; Nov. 11 - 510 (est. 1200 total to date).",,9,Walk / Heli,
quaal,6,douglas_ursula_devastation_channels,2001,,3500,3500,7,Visual,2,,,,4,Y (NOV B),"No SILs available. Peak spawning was included in the survey period (peak survey Nov. 17). Numerical estimate may be fair, recommend classification 4 due to basis of estimate on two surveys.","Coho escapement is based on observations throughout the season, two helicopter inspections of the entire river and a drift count of the upper river to compare to the helicopter count. ",,9,Walk / Float / Heli,
quaal,6,douglas_ursula_devastation_channels,2002,,4000,4000,9,Visual,2,,,,5,Y (OCT B),"No SILs available. Peak spawning was included in the survey period (peak survey Oct. 11).  Numerical estimate may be fair, recommend classification 5 due to provided reliability estimate.","Coho escapement was estimated from counts on regular inspections throughout the season. The peak count was Oct. 11, the majority of coho would have been holding in the river by this date.",,12,Walk / Heli,
quaal,6,douglas_ursula_devastation_channels,2003,,UNK,A/P,3,Visual,,,,,6,N (OCT C),"No SILs available. Peak timing is unclear, but many years for this stream estimate peak around OCT C or NOV A (no peak survey, last survey Sep. 23). Recommend A/P designation, comments indicate coho were seen on Sep. 23.","No coho estimate was made this season, peak count was 550 on September 23. Poor weather prevented any inspections later in the year.",,5,Walk / Float,
quaal,6,douglas_ursula_devastation_channels,2004,,3800,3005,6,Visual,LOW,5,,3,3,Y (OCT C),"6/7 inspections saw coho. Peak timing is unclear, But many years for this stream estimate peak around OCT C or NOV A (peak survey Oct. 21). Recommend AUC for estimate, see AUC Recalculation. Recommend classification 3 due to adequate number of surveys and good coverage of spawning period.",The coho annual escapement estimate was derived from the actual counts obtained through the season. The coho estimate is for comparative purposes as it is difficult to enumerate the entire system.,AUC calculation: RT 60 days; OE 80%; actual counts (Sep. 6 estimate entered with 100% OE). Suggests escapement estimate 3004.,7,Walk / Float,
quaal,6,douglas_ursula_devastation_channels,2005,,A/P,A/P,4,Visual,,,6,,6,N (NOV),7/10 inspections saw coho (6 counts). Peak survey was not conducted due to early end to survey period (last survey Oct. 1). A/P designation may be fair.,"Coho were present on all inspections from July 17 to October 1. The run appeared strong with reasonable counts obtained in the mainstem. On October 1, the last pink inspection of the season, a total of 1440 coho were observed throughout the system holding in pools. A later inspection for coho was planned but had to be cancelled because of the rainy weather in October.",,10,Walk / Float,
quaal,6,douglas_ursula_devastation_channels,2006,,5000,5000,4,Visual,,5,5,5,5,N (NOV),"8/9 inspections saw coho (4 counts). Peak survey was not conducted due to early end to survey period (last survey Oct. 13). Numerical estimate seems fair, classification 5 fair due to incomplete coverage of run timing and reported minimum observed escapement.",The coho estimate is a peak count of the population and is used for management purposes. Shortly after this inspection water levels were high and the coho moved into the tribs and smaller drainages. ,,9,Walk / Float,
quaal,6,douglas_ursula_devastation_channels,2007,,A/P,A/P,5,Visual,,,6,,6,N (NOV),"7/14 inspections saw coho (6 counts). Peak survey was not conducted due to early end to survey period (last survey Oct. 25). A/P designation seems fair, see Annual Est. Rationale.",One coho inspection was done on October 25 on a portion of the mainstem for a count of 462. There was only enough coho information collected throughout the season to evaluate the coho run as poor.,,14,Walk / Float,
quaal,6,douglas_ursula_devastation_channels,2008,,1000,1000,5,Visual,,5,5,5,5,N (OCT C),"8/11 inspections saw coho. Peak survey was not conducted due to gap in survey period (Oct. 16 - Nov. 4, highest count Sep. 22). Numerical estimate seems fair, classification 5 fair due to missed peak survey and recorded miminum observed escapement.",Coho were inspected on a regular basis throughout the season with the peak count (957) on September 22 when most of the coho were holding in pools throughout the mainstem. The coho annual estimate is a peak count with a minimum observed escapement. This was preferred over Adults Present.,,11,Walk / Float,
quaal,6,douglas_ursula_devastation_channels,2009,,A/P,A/P,,Visual,,,6,,6,N (OCT C),"9/11 inspections saw coho (7 counts). Peak timing is unclear, but many years for this stream estimate peak around OCT C or NOV A (no peak survey, last survey Sep. 12). A/P designation seems fair.",Coho were not inspected this season as the weather and the tides did not cooperate.,,11,Walk / Float,
quaal,6,douglas_ursula_devastation_channels,2010,,A/P,A/P,,Visual,,,6,,6,N (NOV A),"8/12 inspections saw coho (7 counts). Peak survey was not conducted due to early end to survey period (last survey Sep. 26, highest count Sep. 15). A/P designation seems fair.",Peak counts  550 coho,,12,Walk / Float,
quaal,6,douglas_ursula_devastation_channels,2011,,A/P,A/P,5,Visual,,,6,,6,N (OCT C),"5/8 inspections saw coho (2 counts). Peak timing is unclear, but many years for this stream estimate peak around OCT C or NOV A (no peak survey, last survey Sep. 10). A/P designation seems fair.",No dedicated Coho inspections were done but Coho (very few) were seen on four regular inspections. On September 7th the river was inspected to the falls and only 37 Coho were counted.,,8,Walk / Float,
quaal,6,douglas_ursula_devastation_channels,2012,,A/P,A/P,,Visual,,,6,,6,N (OCT C),5/8 inspections saw coho (4 counts). Peak survey was not conducted due to early end to survey period (last survey Sep. 7). A/P designation seems fair. ,,,8,Walk / Float,
quaal,6,douglas_ursula_devastation_channels,2013,,1800,1800,7,Visual,,5,4,5,5,Y (OCT C),"7/10 inspections saw coho. Peak spawning was included in the survey period (peak survey Oct. 25). Numerical estimate seems fair, recommend classification 5 due to reporting minimum observed escapement.",Two coho inspections were completed of the mainstem by helicopter this season. The October 25 inspection was the peak count and the timing is right for the majority of coho to be in the river and holding in pools. A minimum observed escapement was preferred over entering A/P.,,10,Walk / Float,
quaal,6,douglas_ursula_devastation_channels,2014,,A/P,A/P,,Visual,,,6,,6,N (OCT C),"6/7 inspections saw coho (3 counts). Peak timing is unclear, but many years for this stream estimate peak around OCT C or NOV A (no peak survey, last survey Sep. 4). Note that there was an inspection attempted on Oct. 20, but no fish could be seen given extreme flood conditions. A/P designation seems fair.",,,7,Walk / Float,
quaal,6,douglas_ursula_devastation_channels,2015,,3000,3000,5,Visual,,5,5,5,5,N (NOV A),"5/6 inspections saw coho (4 counts). Peak survey was not conducted due to early end to survey period (last survey Oct. 16). Numerical estimate seems fair, classification 5 fair due to missed peak survey and reporting minimum observed escapement.","The coho final escapement is based on the actual number of coho counted on the October 4 ground inspections and the October 16 helicopter inspection.Recording the minimum number of coho was preferred over stating ""Adults Present"".",,6,Walk / Float / Heli,
quaal,6,douglas_ursula_devastation_channels,2016,,3100,3100,5,Visual,,5,5,5,5,N (NOV A),"8/9 inspections saw coho (1 count). Peak survey was not conducted due to early end to survey period (last survey Oct. 2). Numerical estimate seems fair, classification 5 fair due to missed peak survey and reporting minimum observed escapement.",The coho annual escapement is the peak count of coho from the helicopter inspected done on October 2. Recording  the minimum observed was favored over stating Adults Present.,,9,Walk / Float / Heli,
quaal,6,douglas_ursula_devastation_channels,2017,,2400,2400,5,Visual,,5,5,5,5,N (NOV A),"6/8 inspections saw coho (5 counts). Peak survey was not conducted due to early end to survey period (last survey Oct. 5). Numerical estimate seems fair, classification 5 fiar due to missed peak survey and reporting minimum observed escapment.",The coho escapement is based on the coho observed through the season on the regular inspections and the coho count by helicopter on October 5.  Recording the mimimum observed escapement was preferred over stating Adults Present. ,,8,Walk / Float / Heli,
quaal,6,douglas_ursula_devastation_channels,2018,,2960,2960,7,Visual,,3,3,3,4,N (OCT C),"10/14 inspections saw coho. Peak survey was not conducted due to gap in survey period (Oct. 15 - Nov. 8). AUC fair, recommend classification 4 due to potentially missed peak survey.",The annual coho escapement was derived by entering the individual counts from the 7 inspections into the AUC program using a 60 day RT and a 90% OE to calculate the final escapement of 2960.,AUC calculation given matches.,14,Walk / Float / Heli,
quaal,6,douglas_ursula_devastation_channels,2019,,No Record,1260,,Visual,,,,3,4,Y (OCT C),"No annual estimate in database. 7/11 inspections saw coho (4 counts). Peak timing is unclear, but many years for this stream estimate peak around OCT C or NOV A (peak survey Oct. 28). Recommend AUC for estimate, see AUC Recalculation. Recommend classification 4 due to low resolution.",,AUC calculation: RT 60 days; OE 80%; actual counts. Suggests escapement estimate 1260.,11,Walk / Float / Heli,
quaal,6,douglas_ursula_devastation_channels,2020,,1500,1775,5,Visual,,1,5,3,3,Y (OCT C),8/12 inspections saw coho (5 counts). Peak spawning was included in the survey period (peak survey Oct. 25). Recommend AUC for estimate. Recommend classification 4 due to low resolution (surveys from before Aug. 1 cannot be entered into program).,The coho annual escapement is the peak count from the October 25 helicopter inspection of the entire river. The majority of coho were already in the upper river with no new fish observed moving into the system.,AUC calculation: RT 60 days; OE 80%; actual counts. Suggests escapement estimate 1775.,12,Walk / Float / Heli,
quaal,6,douglas_ursula_devastation_channels,2021,,2650,2650,6,Visual,,3,3,3,3,Y (OCT C),11/13 inspections saw coho (6 counts). Peak spawning was included in the survey period (peak survey Oct. 31). Recommend estimate changed to 2410 (see AUC Recalculation). Classification 3 fair due to adequate number of surveys and good coverage of spawning period.,A total of 6 inspections were completed to derive the final escapement for coho. The actual counts from each inspection was entered into the AUC program using a 60 day RT and a 90% OE to calculate the final escapement.,"Could not match given AUC calculation. Using same parameters, new estimate suggests 2409.",13,Walk / Float / Heli,
quaal,6,douglas_ursula_devastation_channels,2022,,2030,2030,2,Visual,,3,4,1,5,N (OCT C),5/11 inspections saw coho (2 counts). Peak survey was not conducted due to gap in survey period (Oct. 7 - Nov. 10). AUC not appropriate due to too few surveys. Recommend estimate changed to 1200 (highest count from Oct. 7). Recommend classification 5 due to missed peak survey and reporting minimum observed escapement.,The annual coho escapement was derived by entering the actual counts from the 2 helicopter inspections into the AUC program using 50 day RT and a 90%OE to calculate the final escapement,AUC not appropriate.,11,Walk / Float / Heli,
quaal,6,douglas_ursula_devastation_channels,2023,,2600,2600,2,Visual,,1,4,1,4,N (NOV),"6/12 inspections saw coho (2 counts). Peak survey was not conducted due to early end to survey period (last survey Oct. 26). Numerical estimate seems fair, classification 4 fair due to potentially missed peak survey.",The 2023 coho escapement was derived from the 2 helicopter inspections. The peak estimated count was used as the annual coho escapement. ,,12,Walk / Float / Heli,
quaal,6,douglas_ursula_devastation_channels,2024,,2050,2050,1,Visual,,5,5,5,4,Y (NOV A),"5/10 inspections saw coho (4 counts). Peak spawning was included in the survey period (peak survey Nov. 1). Numerical estimate seems fair (matches estimated escapement to date on final SIL), AUC not appropriate. Unclear why classification 5 was selected, recommend classification 4.",The annual coho escapement was derived from the counts from the 2 helicopter flights. The counts were entered into the AUC program using a 40 day RT and a 90% OE.,AUC not appropriate.,10,Walk / Float / Heli,
quartcha,7,northern_coastal,1980,NA,N/O,N/O,,,,,,,,,"No coho data available, assuming there were none seen this year as inspections took place, recommend N/O.",,,,,
quartcha,7,northern_coastal,1981,NA,N/O,N/O,,,,,,,,,"No coho data available, assuming there were none seen this year as inspections took place, recommend N/O.",,,,,
quartcha,7,northern_coastal,1982,350,350,A/P,,,,,,,,,"No rationale, method, reliability, or information of peak timing. Unsure of how this estimate was reached, recommend switch to A/P.",,,,,
quartcha,7,northern_coastal,1983,NA,N/O,N/O,,,,,,,,N (Oct C - Nov A),"No coho data available, assuming there were none seen this year as inspections took place, recommend N/O.",,,4,,
quartcha,7,northern_coastal,1984,60,60,A/P,1,F,C,,,,,N (Oct C - Nov A),"13 inspections done this year, only one used to generate coho estimate. Low reliability of C, and peak timing was not seen on the inspection. Data is not strong enough to generate an accurate estimate, recommend switch to A/P.",,,13,,
quartcha,7,northern_coastal,1985,385,385,385,5,1,2,,,,,Y (Oct C - Nov A),"12 inspections done this year, 5 used to generate coho estimate. Low reliability of 2, but peak timing was seen on the inspections. Data is strong enough to generate an accurate estimate, original estimate is likely valid.",,,12,,
quartcha,7,northern_coastal,1986,90,90,A/P,4,1,2,,,,,N (Oct C - Nov A),"8 inspections done this year, 4 were used to generate coho estimate. Low reliability of 2 , and peak timing was not seen on the inspections. Data is not strong enough to generate an accurate estimate, recommend switch to A/P.",,,12,,
quartcha,7,northern_coastal,1987,NA,A/P,A/P,,,,,,,,N (Oct C - Nov A),"Coho were seen but not enough to create an accurate estimate. No rationale, method, reliability stated, and peak timing was not seen. Original estimate of A/P is valid.",,,8,,
quartcha,7,northern_coastal,1988,150,125,125,4,1,5,,,,,N (Oct C - Nov A),"12 inspections done this year, 4 used to generate coho estimate. Peak timing was not seen, but there was a high reliability of 5. Data is strong enough to generate an accurate estimate. There is a discrepancy between the original escapement estimate of 150 found in NuSEDs and the database estimate of 125. Recommend a switch from 150 to the database estimate of 125.",,,12,,
quartcha,7,northern_coastal,1989,NA,15,A/P,1,1,2,,,,,N (Oct C - Nov A),"5 inspections done this year, only one used to generate coho estimate. Low reliability of 2, and peak timing was not seen on the inspection. Data is not strong enough to generate an accurate estimate.There is a discrepancy between the original escapement estimate of NA found in NuSEDs and the database estimate of 15. Recommend switching to an estimate of A/P, meaning the original NA estimate is valid.",,,5,,
quartcha,7,northern_coastal,1990,300,300,A/P,,,,,,,,N (Oct C - Nov A),"No rationale, method, reliability, and peak timing was not seen. Estimate was reached from the amount of coho seen before peak, recommend switch to A/P.",,,11,,
quartcha,7,northern_coastal,1991,355,355,A/P,3,1,4,,,,,N (Oct C - Nov A),"9 inspections done this year, 3 were used to generate coho estimate. High reliability of 4 , but peak timing was not seen on the inspections. Data is not strong enough to generate an accurate estimate, recommend switch to A/P.",,,9,,
quartcha,7,northern_coastal,1992,600,600,600,4,1,2,,,,,Y (Oct C - Nov A),"9 inspections done this year, 4 used to generate coho estimate. Low reliability of 2, but peak timing was seen on the inspections. Data is strong enough to generate an accurate estimate, original estimate is likely valid.",,,9,,
quartcha,7,northern_coastal,1993,700,700,A/P,,1,2,,,,,N (Oct C - Nov A),"8 inspections done this year, 3 were used to generate coho estimate. Low reliability of 2 , peak timing was not seen on the inspections. Data is not strong enough to generate an accurate estimate, recommend switch to A/P.",,,8,,
quartcha,7,northern_coastal,1994,NA,N/I,N/I,,,6,,,,,N (Oct C - Nov A),"Coho were not inspected this year, N/I is valid.",,,6,,
quartcha,7,northern_coastal,1995,NA,A/P,A/P,,,6,,,,,N (Oct C - Nov A),"Coho were seen but not enough to create an accurate estimate. No rationale stated, peak timing was not seen. Original estimate of A/P is valid.",,,2,,
quartcha,7,northern_coastal,1996,NA,N/I,N/I,,,6,,,,,N (Oct C - Nov A),"No information in SEN regarding coho, a database estimate of N/I was added.",,,5,,
quartcha,7,northern_coastal,1997,NA,N/I,N/I,,,6,,,,,N (Oct C - Nov A),"Coho were not inspected this year, N/I is valid.",,,6,,
quartcha,7,northern_coastal,1998,750,1000,1000,,1,2,,,,,N (Oct C - Nov A),"8 inspections done this year, not stated were used to generate coho estimate. Low reliability of 2 , peak timing was not seen on the inspections. As stated on the rationale there was a targeted effort towards enumerating coho this year, despite the low reliability and missing peak, inclined to agree that the extra effort gives more validity to the original estimate. However, there is a discrepancy  between the original escapement estimate of 750 found in NuSEDs and the database estimate of 1000. Recommend staying with the original 750 than the database estimate of 125, due to this being the amount estimated on the inspection closest to peak.",More effort directed at coho enumeration this year. The escapement estimate is best guess given the fact that coho are difficult to count and may spawn over a long period of time. Individual counts were conducted as follows: Sep 4 - 85 coho estimated; Sep 25 - 30 coho estimated; Oct 4 - 750 Coho estimated.,,8,,
quartcha,7,northern_coastal,1999,850,800,800,2,1,1,,,,,Y (Oct C - Nov A),"11 inspections done this year, 2 used to generate coho estimate. Low reliability of 1, but peak timing was seen on the inspections. Data is strong enough to generate an accurate estimate, done by a undocumented expansion, likely expert opinion, original estimate is likely valid.",Annual coho escapement estimate based on undocumented expansion.,,11,,
quartcha,7,northern_coastal,2000,500,500,A/P,,,,,,,,Y (Oct C - Nov A),"11 inspections this year. However, there was no number of inspections used, rationale, method, or reliability listed on SEN. Peak timing was seen. Unsure of how this estimate was reached, recommend switch to A/P.",,,11,,
quartcha,7,northern_coastal,2001,600,600,A/P,2,3,2,,,,,N (Oct C - Nov A),"8 inspections done this year, 2 were used to generate coho estimate. Low reliability of 2 , peak timing was not seen on the inspections. Data is not strong enough to generate an accurate estimate, recommend switch to A/P.",,,8,,
quartcha,7,northern_coastal,2002,1800,1800,1800,13,1/3,3,,,,,Y (Oct C - Nov A),"13 inspections done this year, all 13 used to generate coho estimate. Medium reliability of 3, but peak timing was seen on the inspections. Data is strong enough to generate an accurate estimate, original estimate is likely valid.",,,13,,
quartcha,7,northern_coastal,2003,400,400,A/P,5,1/3,2,,,,,N (Oct C - Nov A),"9 inspections done this year, 5 were used to generate coho estimate. Low reliability of 2 , but peak timing was not seen on the inspections. Data is not strong enough to generate an accurate estimate, recommend switch to A/P.",,,9,,
quartcha,7,northern_coastal,2004,700,700,700,3,,,12,4,1,5,N (Oct C - Nov A),"Estimate is likely valid, due to rationale stating estimate came from highest enumeration estimate during an aerial inspection.  However, estimate method of 12 seems innapropriate, as it was not explained why this was the case in the rationale. Switch of estimate method to 1 or 5 may be more appropriate. Recommend reliability switched to 5 as the inspection used occured before peak.","The coho escapement was from the number of holding fish counted during an instream inspection on September 28.  Conditions were excellent, the whole system was inspected, and the numbers were similar to the aerial overflights in late Sept/early Oct.  ",,9,,
quartcha,7,northern_coastal,2005,950,950,950,5,,,12,4,12,4,Y (Oct C - Nov A),"8 inspections this year, 5 used for coho inspection, peak timing was seen. Estimate is likely valid, rationale states that estimate was found from a pre peak inspection of 700, together with a post peak inspection of 250. Unaccompanied redds were not taken into account as they were silted over. Method of 12 is appropriate for this estimate.","Coho were present during several inspections (flights and walks) in 2005.  During a walk on October 3, there were 700 (580 + 120) coho holding.  A final walk was conducted on December 2 with 420 fish still present, of which 250 were estimated as new since the last inspection.  During that same walk, redds couldn't be differentiated (silted over), so the final estimate for 2005 was 700 (Oct 3) + 250 (Dec 2) = 950. ",,8,,
quartcha,7,northern_coastal,2006,700,700,700,1,,,12,4,1,4,N (Oct C - Nov A),"16 inspections this year, only 1 used for coho inspection, peak timing was not seen. Estimate is likely valid, rationale states that estimate was found from a aerial survey where some schools were seen. When looking at the SILs, the one inspection they saw coho only had 10 observed, with an estimated 600. Assuming that because it was an aerial servey, the 10 value actually represents schools, expanded to a expansion of 600. This still does not equal the listed 700, undocumented expansion was done. Method of 12 is appropriate for this estimate. Still recommend that the stimate is valid, as conditions were good and was a peak count.","There were only a few schools of coho noted during the flight, and it appeared as though no other large bodies of fish moved in- therefore moderate reliablilty to the above estimate.  ",,16,,
quartcha,7,northern_coastal,2007,NA,A/P,A/P,3,,,,6,,6,Y (Oct C - Nov A),"Escapement estimate of A/P is valid due to lack of data needed to create an escapement estimate. Peak timing was seen, but conditions were not favourable and unreliable.","Coho were seen on three occasions, two of which was very unreliable the other too early in season.  During the most reliable inspection 120 were estimated from a count of 92 during a foot survey in mid-September.  Additionally, 5 jacks were estimated. A flight was planned for later October/early November, however it could not be completed until November 20.  Conditions were poor (fog) and an estimate of 65 was made with very low reliability.  Without a foot survey in October or November, or a reliable flight during the same time period, no annual estimate was possible.
",,12,,
quartcha,7,northern_coastal,2008,650,650,650,4,,,5,4,1,4,Y (Oct C - Nov A),"Escapement estimate was done by a expert opinion with a medium resolution classification of 4, estimate method of 1 may be more apporopriate. Estimate is likely valid, due to rationale stating estimate came from highest enumeration estimate during peak.","Coho were seen 5 times, but the first two were incomplete walks and so these numbers were not used. The highest enumeration estimate (heli count) was used as the annual estimate.
",,8,,
quartcha,7,northern_coastal,2009,550,550,550,2,,,1,5,1,5,Y (Oct C - Nov A),"Escapement estimate was done by a peak live plus dead calculation with a low resolution classification of 5, estimate is likely valid, due to rationale stating estimate came from highest enumeration estimate during peak.","Coho were seen 6 times but the estimate is based mainly on the helicopter inspection on Nov. 23 (a count of 535 coho) and a ground inspection Dec 3rd which suggested that no large number of coho arrived after the Nov. 23 inspection. 
",,7,,
quartcha,7,northern_coastal,2010,600,600,600,,,,,6,1,5,N (Oct C - Nov A),"Escapement estimate was done by a expert opinion with an inappropriate resolution classification of 6. looking at the SILs, the 600 estimate value came from a peak count on October 28th, in favourable conditions. Recommend that original estimate is valid, but method should be switched to 1, and reliability to 5.","Coho were seen three times. The estimate is a mimimum, another walk later in the season would have helped reliability, however weather did not cooperate. 
",,6,,
quartcha,7,northern_coastal,2011,1900,1900,1900,2,,,1,5,1,5,Y (Oct C - Nov A),"Escapement estimate was done by a peak live plus dead calculation with a low resolution classification of 5. Peak was seen, with a count happening on November 9th, despite the rationale saying the 8th. Original estimate is valid.","Coho were seen three times with a running total estimate of 1900 coho made on the last date of November 8. Additional inspections were not conducted due to inclement weather conditions. Neighbouring Roscoe Creek though, had a few new fish reported in its later walk (which did happen), so the earlier estimate is probably fairly accurate.",,4,,
quartcha,7,northern_coastal,2012,700,700,700,6,,,1,5,1,5,Y (Oct C - Nov A),"Escapement estimate was done by a peak live plus dead calculation with a low resolution classification of 5. Peak count was done on October 9th, 700 coho were estimated. Estimate is valid.","Coho were seen on all six occasions. Counted 288 coho (+ 5 jacks) above the falls on the October 9th walk. On November 26, the date of the flight, 140 coho were counted above the falls. The annual estimate is based on the October 9th inspection and should be considered a minimum.",,7,,
quartcha,7,northern_coastal,2013,580,580,580,4,,,5,5,5,5,Y (Oct C - Nov A),"Escapement estimate was done by a expert opinion with a low resolution classification of 5. Before and after peak were seen, slightly missing true peak. Estimate is valid.","Coho were seen 4 times and the last walk was specifically directed at enumerating for this species, but was past the peak of spawn, which appears to have been early this year. The 2nd to last count on September 26, estimated 500 coho but found none above the falls (above the falls was not fully inspected due to inclement conditions). Coho spawn well above the impassable to sockeye, pink and chum falls. The area above these falls is often inaccessible to enumeration (deep swamp with quick sand and mud) and that was the case this year on the last 2 inspections (though about 2/3 the length was inspected on the last walk no live adult coho were seen (3 coho carcasses were however counted). It seems that coho access to above the falls was limited through the season (probably by low water flows). The middle walk saw 80 coho above these falls), and these were added to the coho seen on subsequent walks for the estimate above. Reliability of the annual estimate is reduced accordingly. ",,4,,
quartcha,7,northern_coastal,2014,1400,1400,1400,3,,,5,5,5,5,Y (Oct C - Nov A),"Escapement estimate was done by a expert opinion with a low resolution classification of 5. Before and after peak were seen, slightly missing true peak. Estimate is valid.","Coho were seen 4 times, but once during an incomplete walk, leaving 3. The last walk was stymied at the falls (no inspection above and it is unknown whether there were coho above this point or not (very few last earlier walk). The annual estimate is composed of the September 20 walk estimate of 1,300 coho (which was reliable, in good conditions) added to the new coho estimate of 50 on November 20, rounded up to 100 new coho since the last walk, which is conservatively reasonable. The annual estimate should be considered a minimum and barely adequately reliable. The peak of coho spawn appears to have been early this year. The last SIL details thoughts about the trend in coho abundance over the last walks.
",,8,,
quartcha,7,northern_coastal,2015,750,750,750,5,,,5,5,5,5,N (Oct C - Nov A),"Escapement estimate was done by a expert opinion with a low resolution classification of 5, peak was seen, estimate is likely valid, due to rationale stating estimate came from highest enumeration estimate closest to peak.","Coho were seen 5 times. Expert opinion was used to estimate 750 coho, which was the estimate for the date of the last walk on October 18. This annual estimate is only for the portion of the creek as far as the falls/cascade, as above (accessibility to above the falls/cascades varies by the year). 
",,4,,
quartcha,7,northern_coastal,2016,NA,A/P,A/P,2,,,,6,,6,N (Oct C - Nov A),"Escapement estimate of A/P is valid due to lack of data needed to create an escapement estimate. Peak timing was seen, but conditions were not favourable and unreliable.","Coho were seen on all of the last 3 inspections although the 1st of these saw only 5 ocean fish. Both last walks estimated 600 coho and this number is probably a reasonable (although inaccurate) minimum number-- too inaccurate to enter above, however. A later fall walk inspection was planned but time constraints and weather conditions disallowed this.
",,4,,
quartcha,7,northern_coastal,2017,NA,A/P,A/P,3,,,,6,,6,N (Oct C - Nov A),"Escapement estimate of A/P is valid due to lack of data needed to create an escapement estimate. Peak timing was seen, but conditions were not favourable and unreliable.","Coho were seen on 3 walks, but couldn't be inspected for adequately on the last. Consistent high water prevented another final inspection and the absence of low water through (necessary for inspection access) the most of the rest of the season, prevented the inspection of upper spawning sections. On September 18th, 320 coho and 4 jacks were estimated. This is too early for an annual estimate to be made from, though it should be noted that above falls sections were probably inaccessible to fish as well, becasue the falls become a velocity barrier during these persistent high water conditons. 
",,4,,
quartcha,7,northern_coastal,2018,400,400,400,2,,,5,5,5,5,Y (Oct C - Nov A),"Escapement estimate was done by a expert opinion with a low resolution classification of 5. Before and after peak were seen, slightly missing true peak. Estimate is valid.","Coho were seen twice but the last coho-specific inspection was incomplete due to adverse environmental conditions. The coho annual escapement estimate is a live plus dead count of September 23, rounded up. This estimate is of necessity a very unreliable minimum. At the timing of the last walk coho are usually instream or mostly so, but conditions this year may have retarded their instream migration. Other streams walked at the time of the last walk later November (Incomplete for Quartcha Creek diue to flooding) noted the end of spawn (which, paradoxically, is an early end). 
",,4,,
quartcha,7,northern_coastal,2019,460,460,460,4,,,5,5,5,5,Y (Oct C - Nov A),"Escapement estimate was done by a expert opinion with a low resolution classification of 5. True peakwas seen, the estimate came from an estimate of 380 seen on the October 15th inspection, expanded by expert opinion. Estimate is valid.","Coho were seen 4 times. Early numbers were thought to be of all the coho instream despite the above-falls reach being inaccessible. The heliopter flight was the last inspection and though there were two sections not well seen, the estimate is thought to be close. The annual estimate is the second last walk estimate plus what were thought to be a relatively few new fish (the count from below the first falls) from the helicopter flight. Reliability is lower because of missed sections in the helicopter flight. 
",,5,,
quartcha,7,northern_coastal,2020,275,275,275,3,,,5,5,5,5,Y (Oct C - Nov A),"Escapement estimate was done by a expert opinion with a low resolution classification of 5, peak was seen, estimate is likely valid, due to rationale stating estimate came from highest enumeration estimate during peak..","Coho were seen four times; three times only to the pink and chum impassable falls (inaccessible above due to stream conditions), and once (by helicopter) full-length to the second falls/rapids. The annual escapement estimate is an expert opinion, which takes into consideration the proportion of below and above falls coho, over time. It is noteworthy that the last inspection saw no coho in the lower system, implying no later-season arrivals.",,6,,
quartcha,7,northern_coastal,2021,,A/P,A/P,,,,,6,,6,N (Oct C - Nov A),"Escapement estimate of A/P is valid due to lack of data needed to create an escapement estimate, peak timing was not seen, conditions were unfavourable.","Coho are usually enumerated well in this creek, despite difficulties in reaching the uppermost spawning areas (in swampy sections with deep channels, too deep to walk in except in very low water conditions). Helicopter flights usually see these areas well and augment the walk enumerations. Intense and persistent flooding disallowed enumerations this year and even the helicopter flight was called-off, despite our proximity to the creek, by the pilot, due to sudden and very inclement flight conditions. No estimate was possible.",,4,,
quartcha,7,northern_coastal,2022,350,350,A/P,2,,,1,5,1,5,N (Oct C - Nov A),"4 inspections done this year, 2 were used to generate coho estimate. Low reliability classification of 5 , peak timing was not seen on the inspections. Data is not strong enough to generate an accurate estimate, recommend switch to A/P.","Coho were seen 3 times, though once only in the ocean (the early-season helicopter flight saw none). Another helicopter fight was planned for coho enumeration, but a helicopter was unavailable; 320 coho were seen on October 9. A few more coho were supposed to be arriving later and an allowance for these was added to arrive at the number, entered above as a low reliability minimum annual escapement estimate. The deep swamp above the sockeye, pink and chum impassable falls has almost always been too deep to enumerate these latter years and this year was no exception, despite the drought (the planned helicopter flight enumerates these coho).
",,4,,
quartcha,7,northern_coastal,2023,A/P,A/P,A/P,2,,,,6,,6,N (Oct C - Nov A),"Escapement estimate of A/P is valid due to lack of data needed to create an escapement estimate, peak timing was not seen.","As below, later-season inspections were not to the full length of salmon migration because of an extensive area of blowdown, which worsened and blocked observer passage to the prime upstream spawning, which is where all of the sockeye and most of the coho normally  spawn. As a result there is no estimate for sockeye and coho. ",,4,,
quartcha,7,northern_coastal,2024,,A/P,A/P,3,,,,6,,6,N (Oct C - Nov A),"Escapement estimate of A/P is valid due to lack of data needed to create an escapement estimate, peak timing was not seen.","Coho were enumerated only twice, from the ground The high coho number, on September 9th, was 150 coho but this number was an estimate for the incompletetly inspected length only (most, probably all coho would have been in the inspected length at the time of the walk). The second flight saw ""a small fall coho school"" but it wasn't enumerated. Upstream prime spawning grounds were not accessible (see below). 
",,4,,
riordan,6,douglas_ursula_devastation_channels,1980,,100,100,,,,,,,5,N (OCT B),"No SILs available. Peak survey was not conducted due to early end to survey period (last survey Sep. 12). Numerical estimate may be fair, recommend classification 5 due to lack of information provided.",,,3,,
riordan,6,douglas_ursula_devastation_channels,1981,,250,250,,,,,,,5,N (OCT),"No SILs available. Peak survey was not conducted due to early end to survey period (last survey Sep. 17). Numerical estimate may be fair, recommend classification 5 due to lack of information provided. ",,,2,,
riordan,6,douglas_ursula_devastation_channels,1982,,200,200,,,,,,,5,N (OCT C),"No SILs available. Peak survey was not conducted due to early end to survey period (last survey Sep. 13). Numerical estimate may be fair, recommend classification 5 due to lack of information provided.",,,2,,
riordan,6,douglas_ursula_devastation_channels,1983,,100,100,1,,,,,,5,N (OCT B),"No SILs available. Peak survey was not conducted due to single survey conducted early in the season (Sep. 16). Numerical estimate may be fair, recommend classification 5 due to lack of information provided.",,,1,,
riordan,6,douglas_ursula_devastation_channels,1984,,250,250,,,,,,,5,UNK (OCT B),"No SILs available. Unclear if peak spawning is included in the survey period, no survey dates provided. Numerical estimate may be fair, recommend classification 5 due to lack of information provided.",,,UNK,,
riordan,6,douglas_ursula_devastation_channels,1985,,200,200,2,Visual,B,,,,4,Y* (OCT B),"No SILs available. Peak spawning was included in the survey period (peak survey Oct. 10). Numerical estimate may be fair, recommend classification 4 due to two inspections used in the estimate.",,,2,Walk,
riordan,6,douglas_ursula_devastation_channels,1986,,200,200,2,Visual,3,,,,4,N (OCT B),"No SILs available. Peak survey was not conducted due to early end to survey period (lsat survey Sep. 19). Numerical estimate may be fair, recommend classification 4 due to provided reliability estimate.",,,5,Walk,
riordan,6,douglas_ursula_devastation_channels,1987,,150,150,1,Visual,1,,,,5,N (OCT B),"No SILs available. Peak survey was not conducted due to early end to survey period (last survey Sep. 15). Numerical estimate may be fair, recommend classification 5 due to provided reliability estimate.",,,3,Walk,
riordan,6,douglas_ursula_devastation_channels,1988,,50,A/P?,,Visual,1,,,,5,N (OCT B),"No SILs available. Peak survey was not conducted due to gap in survey period (Sep. 15 - Oct. 26). Numerical estimate may be fair, recommend classification 5 due to provided reliability estimate. Candidate for A/P.",,,4,Walk,
riordan,6,douglas_ursula_devastation_channels,1989,,N/O,N/O,,Visual,1,,,,6,N (OCT B),No SILs available. Peak survey was not conducted due to early end to survey period (last survey Sep. 15). N/O seems fair,,,4,Walk,
riordan,6,douglas_ursula_devastation_channels,1990,,UNK,A/P,2,Visual,1,,,,6,Y (OCT*),"No SILs available. Peak spawning was included in the survey period (peak surveys Oct. 3, 14). Recommend A/P designation.","12 coho were seen during last inspection, unknown total for stream.",,7,Walk,
riordan,6,douglas_ursula_devastation_channels,1991,,N/O,N/O,,,,,,,6,N (OCT*),No SILs available. Peak survey was not conducted due to early end to survey period (last survey Sep. 28). N/O seems fair. ,,,6,,
riordan,6,douglas_ursula_devastation_channels,1992,,N/O,N/O,,,,,,,6,N (OCT*),No SILs available. Peak survey was not conducted due to gap in survey period (Sep. 20 - Nov. 1). N/O seems fair.,,,3,,
riordan,6,douglas_ursula_devastation_channels,1993,,N/O,N/O,,,,,,,6,N (OCT*),No SILs available. Peak survey was not conducted due to early end to survey period (last survey Sep. 21). N/O seems fair.,,,2,,
riordan,6,douglas_ursula_devastation_channels,1994,,70,70,,Visual,2,,,,4,Y (OCT),"No SILs available. Peak spawning was included in the survey period (peak survey Oct. 3). Numerical estimate seems fair, recommend classification 4 due to provided reliability estimate.",,,2,Walk,
riordan,6,douglas_ursula_devastation_channels,1995,,2,A/P,,Visual,1,,,,6,N (OCT),No SILs available. Peak survey was not conducted due to single survey early in the season (Sep. 25). Recommend A/P designation due to small observation in only one survey.,No coho inspections made this season.,,1,Walk,
riordan,6,douglas_ursula_devastation_channels,1996,,40,A/P,,Visual,1,,,,6,N (OCT),No SILs available. Peak survey was not conducted due to single survey early in the season (Sep. 24). Recommend A/P designation due to small observation in only one survey,No coho inspections made this season.,,1,Walk,
riordan,6,douglas_ursula_devastation_channels,1997,,25,A/P,1,Visual,1,,,,6,N (OCT),No SILs available. Peak survey was not conducted due to single survey early in the season (Sep. 17). Recommend A/P designation due to small observation in only one survey. ,No coho inspections done this season.,,1,Walk,
riordan,6,douglas_ursula_devastation_channels,1998,,150,150,3,Visual,3,,,,4,Y (OCT),"No SILs available. Peak spawning was included in the survey period (peak surveys Oct. 13, 14). Numerical estimate may be fair, recommend classification 4 due to provided reliability estimate.","Coho fry sampling on Oct. 13, 14.",,4,Walk,
riordan,6,douglas_ursula_devastation_channels,1999,,UNK,A/P,1,Visual,,,,,6,N (OCT),No SILs available. Peak survey was not conducted due to single survey early in the season (Sep. 11). A/P designation seems appropriate.,Only 6 coho were observed this season.,,1,Walk,
riordan,6,douglas_ursula_devastation_channels,2000,,160,160,2,Visual,3,,,,4,Y (OCT B),No SILs available. Peak spawning was included in the survey period (peak survey Oct. 12). Numerical estimate seems fair. Recommend classification 4 due to provided reliability estimate.,"An extra effort was placed on Riordan creek to determine the coho escapement. This river was selected because the entire river can be inspected by foot or canoe and the coho can easily be enumerated. 2 inspections of the entire river was completed for coho.
Counts are as follows: Oct. 12 - 92; Nov. 9 - 65, est. total to date is 160. Target escapement for this stream is 500.",,3,Walk,
riordan,6,douglas_ursula_devastation_channels,2001,,400,400,7,Visual,2,,,,4,Y (NOV A),"No SILs available. Peak spawning was included in the survey period (peak survey Nov. 5). Numerical estimate seems fair, recommend classification 4 due to provided reliability estimate.",Coho escapement is based on regular inspections of the entire river. Actual counts were used and the percentage of new fish were added to the total to come up with the final escapement. Last inspection was Dec. 31. Four coho DNA samples were collected from the stream.,,7,Walk,
riordan,6,douglas_ursula_devastation_channels,2002,,250,250,6,Visual,3,,,,4,Y (NOV B),"No SILs available. Peak spawning was included in the survey period (peak survey Nov. 15). Numerical estimate seems fair. Multiple AUCs calculated (30 day RT = 415; 45 day RT = 277), unable to confirm calculations due to missing count information. Recommend classification 4 due to provided reliability estimate.",Coho escapement was estimated from the counts on the regular coho inspections to December. The majority of coho were counted in the beaver pond and I believe that a large percentage of the fish spawned in and around this area because of the low water levels throughout October. The subjective estimated escapement for coho is 250. The AUC estimates for 80% observer efficiency using 30 and 45 day residency time are 415 and 277. Peak adult count was 189.,"Could not recalculate AUC, no counts provided.",7,Walk,
riordan,6,douglas_ursula_devastation_channels,2003,,280,280,5,Visual,2,,,,4,N (OCT C),"No SILs available. Peak survey was not conducted due to gap in survey period (Oct. 14 - Nov. 4). Numerical estimate seems fair. Multiple AUCs calculated (30 day RT = 306; 50 day RT = 279), unable to confirm calculations due to missing count information. Recommend classification 4 due to potentially missing peak survey.",The coho final escapement estimate was calculated from the regular inspections of the entire creek throughout the season. The peak coho count was used to compare to previous years peak counts. The subjective estimated escapement for coho is 280. The AUC estimates for 80% observer efficiency using 30 and 50 day residency time are 279 and 306 respectively. The peak count was 245 adult coho.,"Could not recalculate AUC, no counts provided.",5,Walk,
riordan,6,douglas_ursula_devastation_channels,2004,,325,330,4,Visual,,,,3,4,N (NOV A),"4/5 inspections saw coho. Peak survey was not conducted due to gap in survey period (Oct. 26 - Nov. 19). Numerical estimate seems fair, recommend AUC for estimate, see AUC Recalculation. Recommend classification 4 due to missed peak survey. ",Regular inspections were done to enumerate coho. The actual count on each inspection was used to derive the final escapement estimate. An AUC estimate for coho was calculated using a 30 and 50 day residency with 80% observer efficiency = 552 & 331 coho respectively.,"AUC calculation: RT 50 days; OE 80%; actual counts from all five surveys, suggests escapement estimate 330.",5,Walk,
riordan,6,douglas_ursula_devastation_channels,2005,,360,339,5,Visual,,3,3,3,3,Y (NOV A),"All five inspections saw coho. Peak spawning was included in the survey period (peak survey Nov. 6). Numerical estimate seems fair, recommend AUC for estimate (339). Classification 3 fair due to adequate number of surveys included and good coverage of run timing.",This is a primary coho system. Regular inspections were completed on the entire creek throughout the spawning season. The coho escapement counts were entered into the AUC program to compare with my escapememt estimate. The AUC calculation was 339 coho using a 45 day RT (residence time based on 1st coho in stream to first die off) and 80% OE compared to my estimate was 360 coho.,AUC calculation given matches.,5,Walk / Float,
riordan,6,douglas_ursula_devastation_channels,2006,,110,110,6,Visual,,3,3,3,4,N (OCT C),"6/7 inspections saw coho. Peak survey was not conducted due to gap in the survey period (Oct. 18 - Nov. 4). AUC fair, see AUC Recalculation. Recommend classification 4 due to potentially missed peak survey.",Regular coho inspections were made from September to November. The actual counts were used for each inspection and these counts were entered into the AUC program to calculate the final escapement. A 40 day Residency Time and an 80% Observer Efficiency was used for coho.,AUC calculation: RT 40 days; OE 80%; actual counts (excluding Nov. 4 count).,7,Walk / Float,
riordan,6,douglas_ursula_devastation_channels,2007,,250,250,4,Visual,,3,3,3,4,Y (NOV A),"4/5 inspections saw coho. Peak spawning was included in the survey period (peak survey Nov. 10). AUC fair, see Annual Est. Rationale. Recommend classification 4 due to low resolution.",Regular coho inspections were made from September to November. The actual counts were used for each inspection and these counts were entered into the AUC program to calculate the final escapement. A 45 day Residency Time and an 80% Observer Efficiency was used for coho.,AUC calculation given matches.,5,Walk / Float,
riordan,6,douglas_ursula_devastation_channels,2008,,130,134,6,Visual,,3,3,3,3,Y (OCT C),"All six inspections saw coho. Peak spawning was included in the survey period (peak survey Oct. 25). AUC fair, see Annual Est. Rationale. Classification 3 fair due to adequate number of surveys and good coverage of run timing.",Regular coho inspections were made from September to November. The actual counts were used for each inspection and these counts were entered into the AUC program to calculate the final escapement. A 45 day residency time and an 80% observer efficiency was used for coho.,AUC calculation given matches.,6,Walk / Float,
riordan,6,douglas_ursula_devastation_channels,2009,,500,495,5,Visual,,3,3,3,3,Y (NOV A),"5/7 inspections saw coho. Peak spawning was included in the survey period (peak survey Nov. 11). AUC fair, see Annual Est. Rationale. Classification 3 fair due to adequate number of surveys and good coverage of run timing.",Regular coho inspections were made from September to November. The actual counts were used for each inspection and these counts were entered into the AUC program to calculate the final coho escapement using a 45 day residency time  and an 80% observer efficiency,AUC calculation given matches.,7,Walk / Float,
riordan,6,douglas_ursula_devastation_channels,2010,,180,180,6,Visual,,3,4,3,4,N (OCT C),"6/7 inspections saw coho. Peak survey was not conducted due to gap in the survey period (Oct. 16 - Nov. 5). AUC fair, see Annual Est. Rationale. Recommend classification 4 due to potentially missed peak survey.",Regular coho inspections were made from September to November. The actual counts were used for each inspection and these counts were entered into the AUC program to calculate the final coho escapement using a 45 day Residency Time and 80% Observer Efficiency.,AUC calculation given matches.,7,Walk / Float,
riordan,6,douglas_ursula_devastation_channels,2011,,300,319,4,Visual,,3,3,3,3,Y (OCT C),"5/6 inspections saw coho. Peak spawning was included in the survey period (peak survey Oct. 23, highest count Oct. 5). AUC fair, see AUC Recalculation. Classification 3 fair due to adequate number of surveys and good coverage of run timing.",For Coho the information collected from four inspections was entered into the AUC program using a 50 day Residency Time and 90% Observer Efficiency to calculate the final escapement. The inspection on October 23 was not used because the water level was high and fast.,"AUC calculation: RT 50 days; OE 90%; actual counts, suggests escapement estimate 319.",6,Walk / Float,
riordan,6,douglas_ursula_devastation_channels,2012,,135,140,6,Visual,,3,3,3,3,Y (NOV A),"6/7 inspections saw coho. Peak spawning was included in the survey period (peak survey Nov. 3, highest count Oct. 20). AUC fair, see Annual Est. Rationale. Classification 3 fair due to adequate number of surveys and good coverage of run timing.",There were six Coho inspections and the information from each inspection was entered into the AUC program using a 50 day Residency Time and a 90% Observer Efficiency to calculate the final escapement. ,AUC calculation given matches.,7,Walk / Float,
riordan,6,douglas_ursula_devastation_channels,2013,,265,261,4,Visual,,3,4,3,4,Y (OCT C),"4/5 inspections saw coho. Peak spawning was included in the survey period (peak survey Oct. 29). AUC fair, see Annual Est. Rationale. Classification 4 fair due to low resolution.",The coho final escapement estimate was derived from the 4 inspections done this entire creek. The actual counts from each inspection were entered into the AUC program using a 40 day RT and a 80% OE to calculate the final escapement.,AUC calculation given matches.,5,Walk / Float,
riordan,6,douglas_ursula_devastation_channels,2014,,270,267,4,Visual,,3,3,3,4,Y (OCT C),"All four inspections saw coho. Peak spawning was included in the survey period (peak survey Oct. 23). AUC fair, see Annual Est. Rationale. Recommend classification 4 due to low resolution.",The information collected from the 4 inspections for coho was entered into the AUC program using a 40 day RT and a 90% OE to calculate the final escapement to 270.,AUC calculation given matches,4,Walk / Float,
riordan,6,douglas_ursula_devastation_channels,2015,,290,283,3,Visual,,3,4,3,4,N (NOV A),"3/4 inspections saw coho. Peak survey was not conducted due to early end to survey period (last survey Oct. 24). AUC fair, see Annual Est. Rationale. Classificaton 4 fair due to low resolution and incomplete coverage of run timing.",Three coho inspections were completed in 2015. The actual coho counts from each inspection was collected and entered into the AUC program using a 42 day RT and a 90% OE to calculate the final escapement of 290. The 42 day residence time is the total time instream.,AUC calculation given matches.,4,Walk / Float,
riordan,6,douglas_ursula_devastation_channels,2016,,200,200,2,Visual,,1,4,1,4,N (OCT C),"2/4 inspections saw coho. Peak survey was not conducted due to early end to survey period (last survey Oct. 16). Numerical estimate fair, classification 4 fair due to low resolution and incomplete coverage of run timing.",The coho annual escapement is based on the peak count of 198 on the October 16 inspection.,,4,Walk / Float,
riordan,6,douglas_ursula_devastation_channels,2017,,106,106,5,Visual,,3,3,3,3,Y (OCT C),"5/6 inspections saw coho. Peak spawning was included in the survey period (peak survey Oct. 25, highest count Oct. 8). AUC fair, see Annual Est. Rationale. Classification 3 fair due to adequate number of surveys and good coverage of run timing.",5 inspections were completed to enumerate coho. The actual counts of coho collected from each inspection was entered into the AuC program using 38 day RT and a 95% OE to calculate the final escpement.,AUC calculation given matches.,6,Walk / Float,
riordan,6,douglas_ursula_devastation_channels,2018,,25,A/P,2,Visual,,1,5,,6,Y (OCT C),"2/4 inspections saw coho. Peak spawning was included in the survey period (Oct. 30), but no coho were seen on this inspection. Recommend A/P designation due to low resolution and incomplete coverage of run timing.",The final coho escapement was estimated at 25 coho based on the peak count on October 8. One other inspection was attempted on  October 30 but the water levels were too high. This peak count compared to the same peak in 2017 on Oct 8 and the count at the end of the month in 2017 was the same.,,4,Walk / Float,
riordan,6,douglas_ursula_devastation_channels,2019,,No Record,93,,Visual,,,,1,5,Y (OCT C),"No annual estimate in database. 4/7 inspections saw coho. Peak timing for this stream is usually estimated in OCT C, it is likely that peak spawning was included in the survey period (peak survey Oct. 23). Recommend 93 for estimate (peak live plus dead count from Oct. 23 survey). Recommend classification 5 due to no original estimate provided.",,,7,Walk / Float,
riordan,6,douglas_ursula_devastation_channels,2020,,80,87,4,Visual,,3,3,3,4,Y (OCT C),"4/5 inspections saw coho. Peak spawning was included in the survey period (peak survey Oct. 31, highest count Oct. 16). AUC fair, see Annual Est. Rationale. Recommend classification 4 due to low resolution.",The annual coho escapement was based on the 4 ground inspections. The actual counts from each inspection was entered into the AUC program using a 42 day RT and a 90% OE to calculate the final escapement of 80.,AUC calculation given matches.,5,Walk / Float,
riordan,6,douglas_ursula_devastation_channels,2021,,125,125,5,Visual,,3,3,3,3,N (OCT C),"All five inspections saw coho. Peak survey was not conducted due to gap in the survey period (Oct. 13 - Nov. 7). AUC fair, see Annual Est. Rationale. Classification 3 fair due to adequate number of surveys and good coverage of run timing.",5 inspections were done to figure out the coho escapement. The actual count from each inspection was entered into the AUC program using a 42 day RT and a 90% OE.,AUC calculation given matches.,5,Walk / Float,
riordan,6,douglas_ursula_devastation_channels,2022,,90,82,4,Visual,,3,3,3,4,N (OCT C),"All five inspections saw coho. Peak survey was not conducted due to gap in the survey period (Oct. 19 - Nov. 19). AUC fair, see Annual Est. Rationale. Recommend classification 4 due to potentially missing peak survey.",The annual coho escapement was derived by entering the actual counts from each inspection into the AUC program using a 45 day RT and a 95% OE to calculate the final escapement.,AUC calculation given matches.,5,Walk / Float,
riordan,6,douglas_ursula_devastation_channels,2023,,85,85,2,Visual,,1,5,1,5,Y (OCT C),"1/2 inspections saw coho. Peak spawning was included in the survey period (peak survey Oct. 31). Numerical estimate seems fair, classification 5 fair due to only one observation this season.",The 2023 coho escapement is the actual number of coho counted through the season. ,,2,Walk / Float,
riordan,6,douglas_ursula_devastation_channels,2024,,85,85,2,Visual,,5,5,5,5,Y (OCT C),Both inspections saw coho. Peak spawning was included in the survey period (peak survey Oct. 27). Numerical estimate seems fair. Classification 5 fair due to reporting minimum observed escapement.,The annual coho escapement is a peak count estimate. Recording the minimum observed escapement in favour of stating Adults Present,,2,Walk / Float,
roscoe,7,northern_coastal,2009,1300,1300,1300,3,,,5,4,1,4,Y (Oct B),"7 inspections done this year, 3 used to generate coho estimate. Weak reliability classification of 4, peak timing was seen. Data is strong enough to generate an accurate estimate, original estimate is likely valid. Estimate was done by an expert opinion, given the rationale states the estimate is based on a peak count (Nov 13th), method of 1 would be more appropriate.","Coho were seen on all six inspections though no estimate was made on one occasion due to flood conditions and an incomplete walk. The maximum count was 1,260, with an estimate of 1,300 coho. 
",,7,,
roscoe,7,northern_coastal,2010,1300,1300,1300,3,,,5,5,1,4,Y (Oct B),"5 inspections done this year, 3 used to generate coho estimate. Weak reliability classification of 5, peak timing was seen. Data is strong enough to generate an accurate estimate, original estimate is likely valid. Estimate was done by an expert opinion, given the rationale states the estimate is based on a peak count (Oct 1st), method of 1 would be more appropriate.","Coho were seen three times, with the highest estimate of 1300 coho on October 1. One more later foot inspection would have helped increase reliability but weather did not cooperate.
",,5,,
roscoe,7,northern_coastal,2011,2500,2500,2500,3,,,5,5,5,5,Y (Oct B),"6 inspections done this year, 3 used to generate coho estimate. Weak reliability classification of 5, peak timing was seen. Data is strong enough to generate an accurate estimate, original estimate is likely valid. Estimate was done by an expert opinion, given the rationale states the estimate is based on a peak count (Oct 6th), method of 1 would be more appropriate.","Coho were seen on all three walks, but the October 6 inspection counted the most (estimate of 2300).
",,6,,
roscoe,7,northern_coastal,2012,2000,2000,2000,6,,,5,5,5,5,Y (Oct B),"6 inspections done this year, 6 used to generate coho estimate. Weak reliability classification of 5, peak timing was seen. Data is strong enough to generate an accurate estimate, original estimate is likely valid. Estimate was done by an expert opinion.","Coho were seen on five walks and the one flight. The annual estimate is based primarily on the October 10th walk in good conditions with an estimate of 1300 live/24 dead Coho and the September 21st walk, which estimated 2,000 Coho. During the Sept 21st inspection many ",,7,,
roscoe,7,northern_coastal,2013,900,900,900,2,,,1,5,1,5,Y (Oct B),"3 inspections done this year, 2 used to generate coho estimate. Weak reliability classification of 5, but peak timing was seen. Data is strong enough to generate an accurate estimate, original estimate is likely valid. Estimate was done by a peak live plus dead calculation.","Coho were seen 3 times, but the last walk, specific to coho spawner enumeration coincided with a flood and had to be abandoned. Warm and wet weather in the offing decided that this would be the last inspection of the season. The peak of coho spawning had long passed (very early this year) in other nearby streams and signs of redds were obliterated by bed-load movement in the flood so previous walk observations were used to make the annual estimate which must be viewed as unreliable and a minimum number.
",,3,,
roscoe,7,northern_coastal,2014,2200,2200,A/P,3,,,5,5,5,6,N (Oct B),"6 inspections done this year, 3 were used to generate coho estimate. Weak reliability classification of 5 , peak timing was not seen on the inspections. Rationale states that the estimate was based on numbers seen before peak, and that it is a unreliable minimum. Data is not strong enough to generate an accurate estimate, recommend switch to A/P.","Coho were seen 3 times. A later walk was anticipated but not conducted due to adverse weather conditions, however; the last walk of October the 8th was thought to be close to the end of coho instream migration and the estimate from that date was entered as the annual estimate above. It should be noted that this number is an unreliable minimum.
",,6,,
roscoe,7,northern_coastal,2015,2000,2000,2000,4,,,1,5,5,5,Y (Oct B),"4 inspections done this year, all 4 used to generate coho estimate. Weak reliability classification of 5, but peak timing was seen. Data is strong enough to generate an accurate estimate, original estimate is valid. Estimate was done by a peak live plus dead calculation from the Oct 16th inspection.","Coho were seen on all 4 walks. The annual estimate is based primarily on the last walk estimate (of 2,000) which extrapolated from a count of 1,662 coho in moderately reliable conditions. A later walk inspection was hoped for but weather did not permit it. 
",,4,,
roscoe,7,northern_coastal,2016,NA,A/P,A/P,4,,,,6,,6,N (Oct B),Escapement estimate of A/P is valid due to lack of reliable data.,"Coho were seen 4 times: they were not seen on August 24 and were only seen as a solitary carcass instream, on August 11; and as 4 ocean fish on August 3. The bulk of the coho run arrived instream very late this year. An additional coho inspection was planned but unexpected warming temperatures and a lack of time disallowed this last inspection. 600 coho is a minimum and unreliable estimate, and therefore it is not entered above. 
",,5,,
roscoe,7,northern_coastal,2017,1200,1200,A/P,3,,,1,5,,6,N (Oct B),"3 inspections done this year, all 3 were used to generate coho estimate. Weak reliability classification of 5 , peak timing was not seen on the inspections. Rationale states that the estimate was based on numbers seen on a before peak inspection (Sep 29th), and that it is a unreliable minimum. Data is not strong enough to generate an accurate estimate, recommend switch to A/P.",Coho were seen on all 3 inspections. The last walk count is entered above as the annual estimate but should be seen as a minimum as later arrivals were possible. On the other hand the coho were well counted. ,,3,,
roscoe,7,northern_coastal,2018,1000,1000,1000,3,,,5,5,5,5,Y (Oct B),"3 inspections done this year, all 3 used to generate coho estimate. Weak reliability classification of 5, but peak timing was seen. Data is strong enough to generate an accurate estimate, original estimate is likely valid. Estimate was done by an expert opinion.","Coho were seen on all walks, with a high instream count of 780 and 186 ocean holding (excellent ocean viewing) coho, on September 21. The last walk on November 25 was incomplete and unable to make good counts or estimates, due to unexpected flood conditions (rising temperatures with some rain). The annual escapement estimate is based on the September 21 inspection and is a live plus dead count, rounded up.
",,3,,
roscoe,7,northern_coastal,2019,460,460,460,5,,,5,4,5,5,Y (Oct B),"6 inspections done this year, 5 used to generate coho estimate. Weak reliability classification of 4, but peak timing was seen. Data is strong enough to generate an accurate estimate, original estimate is likely valid. Estimate was done by an expert opinion.","Coho were seen 5 times. The peak count/estimate was on October 14th. The next (and last) count estimate was from a helicopter. The estimated 100 new coho from this count (of 310 coho) were added to this penultimate count to arrive at the annual estimate, entered above. Reliability is considered to be good
",,6,,
roscoe,7,northern_coastal,2020,500,500,500,3,,,5,5,5,5,Y (Oct B),"6 inspections done this year, 3 used to generate coho estimate. Weak reliability classification of 3, but peak timing was seen. Data is strong enough to generate an accurate estimate, original estimate is likely valid. Estimate was done by an expert opinion.","Coho were seen on 4 occasions. The annual escapement estimate is the October 1 walk Total to Date estimate and should be seen as a minimum of
moderate reliability. On that walk date there were no coho in the lower reaches of the creek; on the last walk the effect was more pronounced. This
strongly suggests that there were few or no new coho arriving instream since early October.
",,6,,
roscoe,7,northern_coastal,2021,,680,680,4,,,5,4,5,4,Y (Oct B),"6 inspections done this year, 4 used to generate coho estimate. Weak reliability classification of 4, but peak timing was seen. Data is strong enough to generate an accurate estimate, original estimate is likely valid. Estimate was done by an expert opinion.","Coho were seen on all walks and from the CP helicopter, the latter done, unfortunately, in poorer conditions than ideal. The annual escapement is the expert opinion derived from these inspections. Reliability is a low medium.",,6,,
roscoe,7,northern_coastal,2022,920,920,920,2,,,5,5,5,5,N (Oct B),"4 inspections done this year, 2 used to generate coho estimate. Weak reliability classification of 5, and peak timing was not seen, but this was accounted for in the rationale. Data is strong enough to generate an accurate estimate, original estimate is likely valid. Estimate was done by an expert opinion.",Coho were seen on the last 2 walks. 880 coho were estimated on the last walk date; this number was inflated (expert opinion) to allow for a few later arrivals. The result is entered above as a low reliability minimum. ,,4,,
roscoe,7,northern_coastal,2023,1100,1100,A/P,3,,,5,5,5,6,N (Oct B),"5 inspections done this year, 3 used to generate coho estimate. Weak reliability classification of 5, and peak timing was not seen. Rationale states that inspection quality was not great, and that there may have been some misidentification. Data is not strong enough to generate an accurate estimate, original estimate is likely not valid, recommend switch to A/P. Estimate was done by an expert opinion.",Coho were estimated  on 3 occasions (the flight count saw none but it is assumed there were coho that were misidentified as chums). The annual coho escapement estimate is an expert opinion and should be seen as a relatively low reliability minimum. ,,5,,
roscoe,7,northern_coastal,2024,,A/P,A/P,3,,,5,6,5,6,N (Oct B),"5 inspections done this year, 3 used to generate coho estimate. Weak reliability classification of 6, and peak timing was not seen. Rationale states that inspection quality was not great, data is not strong enough to generate an accurate estimate. Original A/P estimate is valid.","Coho were seen on 3 occasions but later inspections in good conditons would have been necessary to make an annual escapament estimate from. On September 8th, 210 live coho were estimated.",,5,,
salloomt,8,bella_coola_dean,1980,NA,100,A/P,,,,,,,,,"It is not stated in any comments, but the escapement figures for this stream are likely included on the BC16 for Bella Coola River. There is no SEN info for this stream, but was able to find a coho count for the year. The estimate is listed as NA likely indicating A/P, this is valid.",,,,,
salloomt,8,bella_coola_dean,1981,,"""?""",A/P,,,,,,,,,"It is not stated in any comments, but the escapement figures for this stream are likely included on the BC16 for Bella Coola River. There is no SEN info for this stream, but was able to find a coho count for the year. The estimate is listed as NA likely indicating A/P, this is valid.",,,,,
salloomt,8,bella_coola_dean,1982,NA,50,A/P,,,,,,,,,"It is not stated in any comments, but the escapement figures for this stream are likely included on the BC16 for Bella Coola River. There is no SEN info for this stream, but was able to find a coho count for the year. The estimate is listed as NA likely indicating A/P, this is valid.",,,,,
salloomt,8,bella_coola_dean,1983,NA,600,A/P,,,,,,,,,"It is not stated in any comments, but the escapement figures for this stream are likely included on the BC16 for Bella Coola River. There is no SEN info for this stream, but was able to find a coho count for the year. The estimate is listed as NA likely indicating A/P, this is valid.",,,,,
salloomt,8,bella_coola_dean,1984,NA,1800,A/P,,,,,,,,,"It is not stated in any comments, but the escapement figures for this stream are likely included on the BC16 for Bella Coola River. There is no SEN info for this stream, but was able to find a coho count for the year. The estimate is listed as NA likely indicating A/P, this is valid.",,,,,
salloomt,8,bella_coola_dean,1985,NA,450,A/P,,,,,,,,,"It is not stated in any comments, but the escapement figures for this stream are likely included on the BC16 for Bella Coola River. There is no SEN info for this stream, but was able to find a coho count for the year. The estimate is listed as NA likely indicating A/P, this is valid.",,,,,
salloomt,8,bella_coola_dean,1986,NA,30,A/P,,,,,,,,,"It is not stated in any comments, but the escapement figures for this stream are likely included on the BC16 for Bella Coola River. There is no SEN info for this stream, but was able to find a coho count for the year. The estimate is listed as NA likely indicating A/P, this is valid.",,,,,
salloomt,8,bella_coola_dean,1987,NA,66,A/P,,,,,,,,,"It is not stated in any comments, but the escapement figures for this stream are likely included on the BC16 for Bella Coola River. There is no SEN info for this stream, but was able to find a coho count for the year. The estimate is listed as NA likely indicating A/P, this is valid.",,,,,
salloomt,8,bella_coola_dean,1988,NA,478,A/P,,,,,,,,,"It is not stated in any comments, but the escapement figures for this stream are likely included on the BC16 for Bella Coola River. There is no SEN info for this stream, but was able to find a coho count for the year. The estimate is listed as NA likely indicating A/P, this is valid.",,,,,
salloomt,8,bella_coola_dean,1989,NA,,A/P,,,,,,,,,"It is not stated in any comments, but the escapement figures for this stream are likely included on the BC16 for Bella Coola River. There is no SEN info for this stream. The estimate is listed as NA likely indicating A/P, this is valid.",,,,,
salloomt,8,bella_coola_dean,1990,NA,,A/P,,,,,,,,,"It is not stated in any comments, but the escapement figures for this stream are likely included on the BC16 for Bella Coola River. There is no SEN info for this stream. The estimate is listed as NA likely indicating A/P, this is valid.",,,,,
salloomt,8,bella_coola_dean,1991,NA,100,A/P,,,,,,,,,"It is not stated in any comments, but the escapement figures for this stream are likely included on the BC16 for Bella Coola River. There is no SEN info for this stream, but was able to find a coho count for the year. The estimate is listed as NA likely indicating A/P, this is valid.",,,,,
salloomt,8,bella_coola_dean,1992,NA,,A/P,,,,,,,,,"It is not stated in any comments, but the escapement figures for this stream are likely included on the BC16 for Bella Coola River. There is no SEN info for this stream. The estimate is listed as NA likely indicating A/P, this is valid.",,,,,
salloomt,8,bella_coola_dean,1993,NA,,A/P,,,,,,,,,"It is not stated in any comments, but the escapement figures for this stream are likely included on the BC16 for Bella Coola River. There is no SEN info for this stream. The estimate is listed as NA likely indicating A/P, this is valid.",,,,,
salloomt,8,bella_coola_dean,1994,NA,,A/P,,,,,,,,,"It is not stated in any comments, but the escapement figures for this stream are likely included on the BC16 for Bella Coola River. There is no SEN info for this stream. The estimate is listed as NA likely indicating A/P, this is valid.",,,,,
salloomt,8,bella_coola_dean,1995,NA,,A/P,,,,,,,,,"It is not stated in any comments, but the escapement figures for this stream are likely included on the BC16 for Bella Coola River. There is no SEN info for this stream. The estimate is listed as NA likely indicating A/P, this is valid.",,,,,
salloomt,8,bella_coola_dean,1996,NA,,A/P,,,,,,,,,"It is not stated in any comments, but the escapement figures for this stream are likely included on the BC16 for Bella Coola River. There is no SEN info for this stream. The estimate is listed as NA likely indicating A/P, this is valid.",,,,,
salloomt,8,bella_coola_dean,1997,NA,,A/P,,,,,,,,N (Nov B - Dec A),"It is not stated in any comments, but the escapement figures for this stream are likely included on the BC16 for Bella Coola River. There is no SEN info for this stream. The estimate is listed as NA likely indicating A/P, this is valid.",,,8,,
salloomt,8,bella_coola_dean,1998,NA,,A/P,,,,,,,,Y (Nov B - Dec A),"The escapement figures for this stream are included on the BC16 for Bella Coola River. There was a SEN available this year so peak timing and amount of surveys done are known. The estimate is listed as NA likely indicating A/P, this is valid.",Escapement figures for this stream are included on the BC16 for Bella Coola River,,14,,
salloomt,8,bella_coola_dean,1999,NA,2000,A/P,,,,,,,,Y (Nov B - Dec A),"The escapement figures for this stream are included on the BC16 for Bella Coola River. There was a SEN available this year so peak timing, amount of surveys, and coho estimate are known. The estimate is listed as NA likely indicating A/P, this is valid.",Escapement figures for this stream are included on the BC16 for Bella Coola River,,12,,
salloomt,8,bella_coola_dean,2000,NA,,A/P,,,,,,,,Y (Nov B - Dec A),"The escapement figures for this stream are included on the BC16 for Bella Coola River. There was a SEN available this year so peak timing and amount of surveys done are known. The estimate is listed as NA likely indicating A/P, this is valid.",Escapement figures for this stream are included on the BC16 for Bella Coola River,,15,,
salloomt,8,bella_coola_dean,2001,NA,750,A/P,3,1,,,,,,N (Nov B - Dec A),"8 inspections done this year, 3 used to generate the coho estimate. Unknown estimate reliability, peak timing was not seen on the inspections. There is a discrepancy between the NuSEDS estimate of NA, and the 750 estimate found in the database. All of the data available is not strong enough to generate an accurate estimate without any rationale and limited SIL data, recommend switch to A/P.",,,8,,
salloomt,8,bella_coola_dean,2002,NA,2080,2080,5,1,3,,,,,Y (Nov B - Dec A),"10 inspections done this year, 5 used to generate the coho estimate. Medium estimate reliability of 3, peak timing was seen on the inspections. There is a discrepancy between the NuSEDS estimate of NA, and the 2080 estimate found in the database. Despite lacking a rationale, SIL data is strong with the majority of inspections having high countability over peak timing, recommend switching to the database estimate of 2080.",,,10,,
salloomt,8,bella_coola_dean,2003,2000,2000,2000,5,1,3,,,,,Y (Nov B - Dec A),"10 inspections done this year, 5 used to generate coho estimate. Medium reliability classification of 3, but peak timing was seen. Data is strong enough to generate an accurate estimate, original estimate is likely valid. Despite lacking a rationale, SIL data is strong with the majority of inspections having high countability over peak timing, original estimate is valid.",,,10,,
salloomt,8,bella_coola_dean,2004,1000,1000,1000,2,,,12,4,12,5,N (Nov B - Dec A),"8 inspections done this year, 2 used to generate coho estimate. Medium reliability classification of 4, but peak timing was not seen. Estimate method was listed as 12, done by way of  the summation of estimated coho seen pre and post peak. This is a method that has been rarely used. Rationale states that peak timing was not seen due to unfavourable conditions, reliability classification could be switched to 5. Estimate is likely valid.","The residence time for coho this year was estimated to be < 11 days.  The peak of the spawn (mid-November) was not surveyed due to poor conditions and an estimate was made (Charter Patrol) to account for fish that were missed.  Therefore, the coho escapement was 2X the summation of the number of fish observed during the counts on November 4 (400) and 28 (60).",,8,,
salloomt,8,bella_coola_dean,2005,450,450,450,3,,,12,4,12,4,Y (Nov B - Dec A),"6 inspections done this year, 3 used to generate coho estimate. Medium reliability classification of 4, but peak timing was seen. Estimate method was listed as 12, done by way of the summation of new coho seen in each November count. This is a method that has been rarely used, peak plus dead would be more appropriate, as peak timing was seen in favourable conditions. Estimate is likely valid, but could be switched to peak plus dead.","There were 3 inspections for coho this year- October 27 and November 4 and 22.  All of the inspections were timed so that conditions were favourable.  The escapement was based on the summation of the number of new fish to the system during each successive count (300 + 50 + 50).  There was a long duration between the November 4 and 22 counts (poor enumeration conditions) and inspections ended early in the spawn, so Charter Patrol estimated another 50 for the season. ",,6,,
salloomt,8,bella_coola_dean,2006,95,95,95,3,,,12,4,1,4,Y (Nov B - Dec A),"5 inspections done this year, 3 used to generate coho estimate. Medium reliability classification of 4, and peak timing was seen. According to the rationale, estimate was done by a live plus dead, while the method stated was other, reccomend switch to a method of 1. Data is strong enough to generate an accurate estimate, original estimate is likely valid.","Ralph Nelson estimated estimated 80 coho for 2006, based on new to the system, carcasses, and empty redds during the 1st inspection.  He did note kelts during the first inspection and that fish would probably arrive later as well.  The Nuxalk Fisheries performed a later November walk and a final estimate of 95 was reported for 2006. ",,5,,
salloomt,8,bella_coola_dean,2007,220,220,A/P,3,,,5,4,,6,Y (Nov B - Dec A),"The estimate rationale states that an annual estimate was not possible due to missing peak, poor countability, and poor reliability. However, a annual escapement estimate was listed anyways, should be switched to A/P.","Coho were seen on three occasions, two of which was very unreliable the other too early in season.  During the most reliable inspection 120 were estimated from a count of 92 during a foot survey in mid-September.  Additionally, 5 jacks were estimated. A flight was planned for later October/early November, however it could not be completed until November 20.  Conditions were poor (fog) and an estimate of 65 was made with very low reliability.  Without a foot survey in October or November, or a reliable flight during the same time period, no annual estimate was possible.",,6,,
salloomt,8,bella_coola_dean,2008,NA,A/P,A/P,4,,,5,4,,6,N (Nov B - Dec A),Escapement estimate is valid. Not enough information to generate an escapement estimate. ,"Coho - The estimated total to date,  Nov. 05 is 80,  it is likely more coho entered the system after the last inspection. The estimate does reflect the poor return to the system in 2008. In addition, 8 male and 8 females (36,825 eggs) were taken for hatchery brood stock. 
",,7,,
salloomt,8,bella_coola_dean,2009,1100,1100,1100,2,,,5,5,5,5,Y (Nov B - Dec A),"7 inspections done this year, 2 used to generate coho estimate. Low reliability classification of 5, but peak timing was seen according to historical data. Data is strong enough to generate an accurate estimate, original estimate is likely valid.","Coho - Estimate low because it is likely more coho entered the system after last inspection.
",,7,,
salloomt,8,bella_coola_dean,2010,800,800,800,4,,,12,5,12,5,Y (Nov B - Dec A),"10 inspections done this year, 4 used to generate coho estimate. Low reliability classification of 5, but peak timing was seen. Rationale states that the estimate provided was supposed to be up to December 4th that year, with the possibility of more coho still yet to enter the system. Judging by peak timing historically for this system, they saw most of peak timing regardless. A combination of live plus dead plus unaccompanied redds were used to create the estimate, method of 12 is valid. Data is strong enough to generate an accurate estimate, original estimate is likely valid.","Coho were inspected for on four occasions by Charter Patrol and NCFM. The last walk date of December 4th recorded 80 (fresh) holding, 9 spawning and 315 unattended redds. On the last walk especially, some redds will have been missed due to ice coverage.  The annual escapement estimate was compiled from all 4 walks, using the last one as corroboration of previous ""waves"" of spawning coho. The annual estimate should be considered a minimum as the end of spawning was not defined and coho are known to spawn in this system in low numbers for at least another month. This estimate represents the escapement total todate. Care should be taken when comparing escapement estimates from year to year because last inspection dates and viewing conditions vary considerably. The hatchery took 32,000 coho eggs.",,10,,
salloomt,8,bella_coola_dean,2011,1300,1300,1300,2,,,5,4,5,4,Y (Nov B - Dec A),"6 inspections done this year, 2 used to generate coho estimate. Medium reliability classification of 4. Peak count was seen, and rationale states that it is more representative of the  total stock than in the other tributaries. A combination of live plus dead plus unaccompanied redds were used to create the estimate, method of 5 is valid. Data is strong enough to generate an accurate estimate, original estimate is likely valid.","Coho - Peak count was 781 live, 12 dead and 118 unattended redds. This system is larger than the other lower Bella Coola Valley tributaries with good visually countable holding pools. In the other tributaties fewer holding fish are seen as they most likely hold  in the main river until near to spawning. The estimate is made with the belief that the peak count is more representative of the  total stock than in the other tributaries. 
",,6,,
salloomt,8,bella_coola_dean,2012,200,200,200,4,,,5,4,5,4,Y (Nov B - Dec A),"7 inspections done this year, 4 used to generate coho estimate. Medium reliability classification of 4. Peak count was seen. A combination of live plus dead plus unaccompanied redds were used to create the estimate, method of 5 is valid. Data is strong and complete enough to generate an accurate estimate, original estimate is likely valid.","Coho -  Four assessment walks were done in the fall, all of which saw coho, though one of these was incomplete (only intended to find easily accessible coho broodstock). However, given the recent and normal temporal and spatial distribution of Coho, it can be considered a full-length system estimate. The annual Coho estimate was a compilation of live plus dead and unaccompanied redd counts, minus 7 removed as broodstock. For brood stock, 4 females and 3 males were taken resulting in an egg take of approximately 15,200.
",,7,,
salloomt,8,bella_coola_dean,2013,850,850,850,4,,,5,4,5,4,Y (Nov B - Dec A),"10 inspections done this year, 4 used to generate coho estimate. Low reliability classification of 5, but peak timing was seen. Rationale states that the estimate provided was supposed to be up to December 4th that year, with the possibility of more coho still yet to enter the system. Judging by peak timing historically for this system, they saw most of peak timing regardless. A combination of live plus dead plus unaccompanied redds were used to create the estimate, method of 5 is valid. Data is strong enough to generate an accurate estimate, at least as an accurate minimum, original estimate is likely valid.","Coho were enumerated for 4 times, all by Charter Patrol. Residencies were variable and difficult to estimate because coho in this system hold as well as spawn and residencies for these behaviors are very different. So expert opinion was the method used to arrive at the annual estimate, which was based on unaccompanied redds, carcass and live counts. A relatively small percentage of new coho are expected after the last inspection date of December 4, nevertheless the annual estimate should be considered a minimum.
",,7,,
salloomt,8,bella_coola_dean,2014,500,500,528,3,,,3,5,3,5,Y (Nov B - Dec A),"10 inspections done this year, 3 used to generate coho estimate. Low reliability classification of 5, and peak timing was seen. Estimate method used an AUC, the only one for Salloomt Creek. AUC recalculation was done (Sheet 2). Residency time was found from the estimate rationale, observer efficieny was not stated. An efficiency of 88.933% of found from the observed and estimated totals in the SILs, using this efficiency, an escapement of 518 was found, 10 less than the original. Modifying the efficiency to 87.4% gives the previous escapement result of 528. For some reason the escapement estimate in NuSEDS and the database is listed as 500, recommend switch to the original 528 stated in the rationale.",Coho - The patrolman that conducted the coho inspections and has done so for the past many years estimated the escapement at 480. An auc calculation using the 3 estimates provided with a 15 day residency estimated the escapement at 528. The estimate is likely low partly because more coho would have entered the system after the last inspection (although likely only a small number),,10,,
salloomt,8,bella_coola_dean,2015,580,580,580,3,,,12,5,12,5,Y (Nov B - Dec A),"3 inspections done this year, all 3 used to generate coho estimate. Low reliability classification of 5, but peak timing was seen. A combination of live plus dead plus unaccompanied redds were used to create the estimate, method of 12 is valid. Data is strong enough to generate an accurate estimate, at least as an accurate minimum, original estimate is likely valid.","Coho were seen on all 3 inspections. The annual estimate is a calculation based on live plus dead and redd counts. This should be seen as a lower reliability minimum count as coho do arrive later in the season than inspections ceased.
",,3,,
salloomt,8,bella_coola_dean,2016,120,120,120,2,,,5,6,5,5,Y (Nov B - Dec A),"10 inspections done this year, 2 used to generate coho estimate. Inappropriate estimate reliability classification of 6, recommend switch to 5, peak timing was seen. A combination of live plus dead plus unaccompanied redds were used to create the estimate, method of 5 is valid. Data is strong enough to generate an accurate estimate, at least as an accurate minimum, original estimate is likely valid.",Coho were seen on 2 of the late-fall inspections. The annual escapement estimate for coho is an expert opinion based on the live plus dead and redd counts from these 2 walks. The very last (December) walk saw ice and no new signs of coho and was merely a few spot inspections.,,10,,
salloomt,8,bella_coola_dean,2017,656,656,656,5,,,5,4,5,4,Y (Nov B - Dec A),"13 inspections done this year, 5 used to generate coho estimate. Medium estimate reliability classification of 4, peak timing was seen. A combination of live plus dead plus unaccompanied redds were used to create the estimate, method of 5 is valid. Data is strong enough to generate an accurate estimate, at least as an accurate minimum, original estimate is likely valid.","Coho were seen on 5 of the later-season inspections and the last of the early, paired, inspections. The earliest walks were stymied by receding flood waters that were still muddy. The annual escapement estimate is a compilation of redds, and live plus dead counts. 62 coho were still holding in the lower river on the date of the last walk (December 14). The end of run date is somewhat uncertain though it was estimated as being approximately at the end of the year and this has reduced the reliability of the annual estimate, though not by much in terms of the absolute number. ",,13,,
salloomt,8,bella_coola_dean,2018,NA,150,150,5,,,5,4,5,4,Y (Nov B - Dec A),"9 inspections done this year, 5 used to generate coho estimate. Medium reliability classification of 4, but peak timing was seen. Estimate was done by a live plus dead plus unaccompanied redd count, hence the expert opinion. Walks were done in good visibility, with good countability. There is a discrepancy between the NuSEDS estimate of NA and the database estimate of 150. Data is strong enough to generate an accurate estimate, database estimate of 150 is likely valid. This year is a situation where a AUC calculation seems appropriate, recommend possibly calculating one.","Coho were seen on all coho directed walks, as were redds. The annual escapement estimate is composed of a reasoned redd, dead and live count, which this year was easier than in others because of the relatively consistently low water (high water tends to smooth-over and hide redds).",,9,,
salloomt,8,bella_coola_dean,2019,NA,,NA,3,,,5,5,,6,Y (Nov B - Dec A),No SEN available for this year.,,,11,,
salloomt,8,bella_coola_dean,2020,NA,135,135,4,,,5,4,5,4,Y (Nov B - Dec A),"16 inspections done this year, 4 used to generate coho estimate. Medium reliability classification of 4, but peak timing was seen. Estimate was done by a live plus dead plus unaccompanied redd count, hence the expert opinion. Walks were done in good visibility, with good countability. There is a discrepancy between the NuSEDS estimate of NA and the database estimate of 135. Data is strong enough to generate an accurate estimate, database estimate of 135 is likely valid. This year is a situation where a AUC calculation seems appropriate, recommend possibly calculating one.","Coho were seen on 4 of the coho directed walks but not the second to last, which was done in very poor conditions and furthermore wasn't complete.The annual escapement estimate is based on a live plus dead count and a redd count combined, with an additional 9 added as an estimate for the time when the river could not be inspected. Probably, this is a somewhat conservative estimate. Chris Willis informally reported and estimated 150
coho in the Salloompt canyon at some unspecified date. Coho frequently back out of a creek after an initial surge upstream. Frequently they leave the creek and spawn elsewhere (as evidenced by tracking programmes).",,16,,
salloomt,8,bella_coola_dean,2021,,380,380,3,,,5,4,5,4,Y (Nov B - Dec A),"16 inspections done this year, 3 used to generate coho estimate. Medium reliability classification of 4, but peak timing was seen. Estimate was done by a live plus dead plus unaccompanied redd count, hence the expert opinion. Walks were done in good visibility, with good countability. Data is strong enough to generate an accurate estimate, original estimate is likely valid. This year is a situation where a AUC calculation seems appropriate, recommend possibly calculating one.","Coho were counted as live plus dead and redds and the expert opinion takes all these things into account to arrive at a reasonably reliable annual escapament estimates. 10 extra coho were added to allow for later arrivals. The center sections of the creek are very braided and coho seem to consider them mostly unsuitable for spawning. Only the larger, upstream sections of these braids were inspected. Only these sections had a significant potential for spawner presences.  ",,16,,
salloomt,8,bella_coola_dean,2022,,610,610,4,,,5,4,5,4,Y (Nov B - Dec A),"14 inspections done this year, 4 used to generate coho estimate. Medium reliability classification of 4, but peak timing was seen. Estimate was done by a live plus dead plus unaccompanied redd count, hence the expert opinion. Walks were done in good visibility, with good countability. Data is strong enough to generate an accurate estimate, original estimate is likely valid. This year is a situation where a AUC calculation seems appropriate, recommend possibly calculating one.","Coho were seen on all 4 later-season walks and an annual escapament estimate was entered above based on an expert opinion, based, in turn on live, dead and unaccompanied redd counts, rounded up. Confidence in the estimate is reduced by the many braids in the middle accessible sections, though coho do not tend ot spawn there, the size of the river, and accessibility to the lower canyon",,14,,
salloomt,8,bella_coola_dean,2023,,296,296,5,,,5,4,5,4,Y (Nov B - Dec A),"16 inspections done this year, 5 used to generate coho estimate. Medium reliability classification of 4, but peak timing was seen. Estimate was done by a live plus dead plus unaccompanied redd count, hence the expert opinion. Walks were done in good visibility, with good countability. Data is strong enough to generate an accurate estimate, original estimate is likely valid. This year is a situation where a AUC calculation seems appropriate, recommend possibly calculating one.",Coho were seen 5 times. The annual escapement estimate is an expert opinion based on redd counts and live and is thought to be reasonable. ,,16,,
salloomt,8,bella_coola_dean,2024,,330,330,3,,,5,4,5,4,Y (Nov B - Dec A),"19 inspections done this year, 3 used to generate coho estimate. Medium reliability classification of 4, but peak timing was seen. Estimate was done by a live plus dead plus unaccompanied redd count, hence the expert opinion. Walks were done in good visibility, with good countability. Data is strong enough to generate an accurate estimate, original estimate is likely valid. This year is a situation where a AUC calculation seems appropriate, recommend possibly calculating one.","There were 5 late fall coho inspections this year, all by CP. Other species inspections are not included in this record. 
The second last coho inspection saw no coho  possibly due to muddy floodwater conditions (December 3); the last walk confirmed a low abundance or absence of coho instream on December 9th. 
Coho and their redds were seen 3 times this year and the annual escapement estimate is an expert opinion, based on live and dead coho and their unattended redds. Reliability of the counts was fairly good, but the last walks and coho that may have arrived late were not enumerated (well), nece the unscertainty in end -of-run timing.",,19,,
snootli_ck,8,bella_coola_system,1980,,50,50,,,,,,,5,UNK,No SILs available. Unclear if this figure is included in the Bella Coola River estimate. Recommend classification 5 due to lack of information provided.,,,,,
snootli_ck,8,bella_coola_system,1981,,50,50,,,,,,,5,UNK,No SILs available. Unclear if this figure is included in the Bella Coola River estimate. Recommend classification 5 due to lack of information provided.,,,,,
snootli_ck,8,bella_coola_system,1982,,60,60,,,,,,,5,UNK,No SILs available. Unclear if this figure is included in the Bella Coola River estimate. Recommend classification 5 due to lack of information provided.,,,,,
snootli_ck,8,bella_coola_system,1983,,150,150,,,,,,,5,UNK,No SILs available. Unclear if this figure is included in the Bella Coola River estimate. Recommend classification 5 due to lack of information provided.,,,,,
snootli_ck,8,bella_coola_system,1984,,400,400,,,,,,,5,UNK,No SILs available. Unclear if this figure is included in the Bella Coola River estimate. Recommend classification 5 due to lack of information provided.,,,,,
snootli_ck,8,bella_coola_system,1985,,75,75,,,,,,,5,UNK,No SILs available. Unclear if this figure is included in the Bella Coola River estimate. Recommend classification 5 due to lack of information provided.,,,,,
snootli_ck,8,bella_coola_system,1986,,,,,,,,,,,,No SILs available. No annual estimate generated specific to this stream.,,,,,
snootli_ck,8,bella_coola_system,1987,,10,A/P,,,,,,,6,UNK,No SILs available. Unclear if this figure is included in the Bella Coola River estimate. Recommend estimate changed to A/P.,,,,,
snootli_ck,8,bella_coola_system,1988,,,,,,,,,,,,No SILs available. No annual estimate generated specific to this stream.,,,,,
snootli_ck,8,bella_coola_system,1989,,34,34,,,,,,,5,UNK,No SILs available. Unclear if this figure is included in the Bella Coola River estimate. Recommend classification 5 due to lack of information provided.,,,,,
snootli_ck,8,bella_coola_system,1990,,,,,,,,,,,,No SILs available. No annual estimate generated specific to this stream.,,,,,
snootli_ck,8,bella_coola_system,1991,,,,,,,,,,,,No SILs available. No annual estimate generated specific to this stream.,,,,,
snootli_ck,8,bella_coola_system,1992,,,,,,,,,,,,No SILs available. No annual estimate generated specific to this stream.,,,,,
snootli_ck,8,bella_coola_system,1993,,,,,,,,,,,,No SILs available. No annual estimate generated specific to this stream.,,,,,
snootli_ck,8,bella_coola_system,1994,,,,,,,,,,,,No SILs available. No annual estimate generated specific to this stream.,,,,,
snootli_ck,8,bella_coola_system,1995,,,,,,,,,,,,No SILs available. No annual estimate generated specific to this stream.,,,,,
snootli_ck,8,bella_coola_system,1996,,,,,,,,,,,,No SILs available. No annual estimate generated specific to this stream.,,,,,
snootli_ck,8,bella_coola_system,1997,,,,,,,,,,,,No SILs available. No annual estimate generated specific to this stream.,,,,,
snootli_ck,8,bella_coola_system,1998,,,,,,,,,,,,No SILs available. No annual estimate generated specific to this stream. See Annual Est. Rationale for available count data.,"Counts are as follows:
Oct. 26 - 14 live coho
Oct. 29 - 38 live, 1 dead coho
Nov. 3 - 26 live, 2 dead coho
Nov. 17 - 76 live, 13 dead coho
Nov. 24 - 84 live coho
Dec. 14 - 50 live, 1 dead coho.",,13,,
snootli_ck,8,bella_coola_system,1999,,,,,,,,,,,,No SILs available. No annual estimate generated specific to this stream.,Escapement figures for this stream are included on the BC16 for Bella Coola River.,,16,,
snootli_ck,8,bella_coola_system,2000,,,,,,,,,,,,No SILs available. No annual estimate generated specific to this stream.,Escapement figures for this stream are included on the BC16 for Bella Coola River.,,16,,
snootli_ck,8,bella_coola_system,2001,,200,200,3,Visual,,,,,5,UNK,"3/12 inspections saw coho. Peak timing unknown, highest count Oct. 30. Numerical estimate may be fair, recommend classification 5 due to lack of information available.",,,12,Walk,
snootli_ck,8,bella_coola_system,2002,,580,580,6,Visual,3,,,,4,Y (NOV B),"6/11 inspections saw coho. Peak spawning was included in the survey period (peak survey Nov. 13). AUC may be fair, cannot recalculate without OE and RT values. Recommend classification 4 due to provided reliability estimate.",Coho escapement based on AUC from walks by Charter Patrol - Wally Webber.,,11,Walk,
snootli_ck,8,bella_coola_system,2003,,350,350,5,Visual,3,,,,4,UNK,"5/12 inspections saw coho. Peak timing unknown, highest count Nov. 4. AUC seems fair, see AUC Recalculation. Recommend classification 4 due to provided reliability estimate.","The above estimates are included in the Bella Coola River estimate (these numbers are for reference only).  Charter Patrol, Snootli Hatchery, and Nuxalk Fisheries made instream inspections for pinks, chums, and coho.  The coho escapement was from an AUC with an 11 d residence time + an expansion (1.2X) for fish missed at the beginning and end of the inspections.","AUC calculated with the following parameters: RT 11 days; OE 80%; coho totals from all surveys with coho observation, suggests escapement estimate 289. 1.2x expansion of this matches original escapement estimate.",12,Walk,
snootli_ck,8,bella_coola_system,2004,,200,200,2,Visual,,12,5,12,5,Y (NOV B),"2/8 inspections saw coho. Peak spawning was included in the survey period (peak survey Nov. 19). Numerical estimate seems fair, classification 5 seems appropriate.","The above estimates are included in/were used to calculate the total escapements to the Bella Coola River (the above numbers are for reference only).  Charter Patrol, Snootli Hatchery, and Nuxalk Fisheries made instream inspections for pinks, chums, and coho.  For coho, the residence time was estimated at <11 days and weather/water conditions were very poor.  Therefore, the coho estimate was based on the live + dead from November 1 (45 + 0) plus the live from November 19 (55).  With the poor enumeration conditions at the beginning and end of the inspections, it was estimated (Charter Patrol) that another 100 fish were missed.",,8,Walk,
snootli_ck,8,bella_coola_system,2005,,105,105,5,Visual,,3,4,3,4,Y (NOV B),"5/12 inspections saw coho. Peak spawning was included in the survey period (peak survey Nov. 15). AUC seems fair, see AUC Recalculation. Classification 4 fair due to low resolution.","The above estimates are included in/were used to calculate the total escapements to the Bella Coola River (the above numbers are for reference only).  Charter Patrol, Snootli Hatchery, and Nuxalk Fisheries made instream inspections for pinks, chums, and coho.  Coho were present during all 5 inspections.  The coho escapement was calculated using an AUC with 11 days (as per Thorsen Creek study in 1999) residence time.  The AUC was expanded slightly (96 to 105) because inspections ended early in the spawn.  There was 1 sockeye observed on September 8.","AUC was calculated with the following parameters: RT 11 days; OE 80%; all counts from surveys with coho observation (not including estimate of 15 on Nov. 24), suggests escapement estimate 93. Output reasonably matches AUC estimate from SEN comments.",12,Walk,
snootli_ck,8,bella_coola_system,2006,,55,55,4,Visual,,12,4,12,4,Y (NOV),"6/11 inspections saw coho. Many years for this stream estimate Peak in NOV, peak survey may have been Nov. 3, 8, 21, 22, 23 (highest count Nov. 22). Numerical estimate seems fair, classification 4 seems appropriate.","The above estimates are included in/were used to calculate the total escapements to the Bella Coola River (the above numbers are for reference only).  Charter Patrol, Snootli Creek Hatchery, and Nuxalk Fisheries made instream inspections for pinks, chums, and coho.  Ralph Nelson estimated estimated 24 coho for 2006, based on new to the system, carcasses, and empty redds during the 1st inspection.  He did report kelts during the first inspection and felt it was probable that early fish were missed.  A later walk by Nuxalk Fisheries did enumerate more coho.  A final estimate of 55 was reported for 2006.  ",,11,Walk,
snootli_ck,8,bella_coola_system,2007,,22,22,2,Visual,,5,5,5,5,UNK (NOV),"2/6 inspections saw coho. Many years for this stream estimate Peak in NOV, peak survey may have been Nov. 2 or 9. Numerical estimate may be fair, classification 5 seems appropriate.","The above estimates are included in/were used to calculate the total escapements to the Bella Coola River (the above numbers are for reference only).  Charter Patrol and Nuxalk Fisheries made instream inspections for pinks, chums, and coho. For coho, Ralph Nelson (Charter Patrol) reported a final coho escapement estimate of 22 based on the number of carcasses, the number of live fish observed, and the number of new fish between inspections.  He felt that there was a low probablility of early coho being missed before the inspections began.  As for later in the run after inspections terminated- he did not comment, so reported the above number with very low reliability.",,6,Walk,
snootli_ck,8,bella_coola_system,2008,,A/P,A/P,3,Visual,,,6,,6,UNK (NOV),"4/12 inspections saw coho. Many years for this stream estimate Peak in NOV, peak survey may have been Nov. 10 or 14. A/P may be appropriate. If numerical estimate is desired, recommend 38 (see Annual Est. Rationale).","The above information was used to estimate the Bella Coola River escapement and appears here for reference.

Coho - As of the the last inspection on Nov.14th the total escapement estimate was 38 to the stream.  A number of coho did show up after Nov. 14th and were seen spawning around the hatchery. In addition to the 38 coho, 12 male & 12 female coho (41,831 eggs) were taken for hatchery brood stock. ",,12,Walk,
snootli_ck,8,bella_coola_system,2009,,A/P,105,2,Visual,,,6,5,5,UNK (NOV),"2/8 inspections saw coho. Many years for this stream estimate Peak in NOV, peak survey may have been Nov. 9. Recommend estimate changed to 105 to match the estimated escapement to date listed on the final SIL. Recommend classification 5 due to reporting minimum observed escapement.",Coho- Highest count of 94 on the last inspection on Nov. 09. The cumulative escapement was estimated at 104 at that date but more coho arrived later.,,8,Walk,
snootli_ck,8,bella_coola_system,2010,,22,22,3,Visual,,5,5,5,5,UNK (NOV),"2/9 inspections saw coho. Many years for this stream estimate Peak in NOV, peak survey may have been Nov. 10 or 17 (both of these surveys saw only a few coho). Numerical estimate may be fair, classification 5 seems appropriate.","Coho were formally inspected for twice but were continually monitored for adult and juvenile coho (and other species) presence during excavations after the flood. 1 female and 2 male adult coho were caught and used for hatchery broodstock (2900 eggs) purposes and most juveniles were reportedly caught and salvaged, then moved to downstream locations. 
Subsequent to enumerations instream, machine excavations have diverted the stream back to the original channels and removed gravel lowered the flows by meters.  It is thought that only the spawners in the hatchery outflows will have survived. Luckily that accounts for most all of the redds and coho seen prior to excavation. The number reported above is felt to represent the maximum number of coho spawners whose eggs could potentially survive as of the last inspection on Nov. 17. Hatchery staff did note a small number of spawners around the hatchery on Dec. 2 after most of the excavations were complete with two more redds in the hatchery outflow and two in the main river. ",,9,Walk,
snootli_ck,8,bella_coola_system,2011,,500,500,4,Visual,,3,3,3,4,Y (NOV B),"4/14 inspections saw coho. Peak spawning was included in the survey period (peak survey Nov. 16). AUC seems fair, see AUC Recalculation. Recommend classification 4 due to low resolution.",Coho - AUC calculation using the four estimates with a 15 day residency time.,,14,Walk,
snootli_ck,8,bella_coola_system,2012,,24,24,3,Visual,,6,5,6,5,UNK (NOV),"1/13 inspections saw coho (single carcass). Many years for this stream estimate Peak in NOV, peak survey may have been Nov. 6 or 19. Numerical estimate may be appropriate, classification 5 seems appropriate.","Coho were inspected for by Charter Patrolman on 3 occasions in the late fall. No live coho were seen all year, although a carcass was seen on the second walk. Redds were seen on every occasion but none of them were new on the third and last walk. The annual estimate is based on the Redd count. No coho were reported being seen by the hatchery staff after the last inspection, as is the usual case if returns are good.",,13,Walk,
snootli_ck,8,bella_coola_system,2013,,480,480,3,Visual,,5,5,5,4,Y (DEC A),"3/12 inspections saw coho. Peak spawning was included in the survey period (peak survey Dec. 6). Numerical estimate may be fair, recommend classification 4 due to medium resolution and fair run timing coverage.","Coho were specifically inspected for 3 times by Charter Patrol. An expert opinion based on unaccompanied redds carcasses and live counts is entered above. It should be considered a minimum annual estimate, as the highest counts were from the last walk on December 6.",,12,Walk,
snootli_ck,8,bella_coola_system,2014,,22,22,,Visual,,5,5,5,5,UNK (NOV),"1/6 inspections saw coho. Many years for this stream estimate Peak in NOV, peak survey may have been Nov. 14 or 29. Numerical estimate may be fair, classification 5 seems appropriate.",Coho - Three coho inspections were completed. The estimate above is based on adults seen and redd counst during the inspections.,,6,Walk,
snootli_ck,8,bella_coola_system,2015,,68,68,3,Visual,,12,5,12,5,Y (NOV B),"2/11 inspections saw coho. Peak spawning was included in the survey period (peak survey Nov. 19, highest count Nov. 2). Numerical estimate may be fair, classification 5 seems appropriate.","There were 11 inspections of Snootli Creek this year. 7 of these were by NFP and primarily specific to chums; they also saw pinks and sockeye.
The remaining 4 walks were specific to coho enumeration.
Coho were seen live on the 1st 2 walks, only redds on the 3rd and 4th but none new on the 4th. The annual estimate for coho is a combination of unaccompanied redds and live counts. The reliability of this number is reduced this year due to the happenstace of inclement walking conditions. Also, it is possible that later spawners will arrive and the estimate should be seen as a minimum.",,11,Walk,
snootli_ck,8,bella_coola_system,2016,,A/P,A/P,,Visual,,,6,,6,UNK (NOV),"2/10 inspections saw coho. Many years for this stream estimate Peak in NOV, peak survey may have been Nov. 4 or 19. A/P may be appropriate.","There were 8 earlier season inspections of this creek this year, by SEP (Snootli Hatchery Statff) and NFP: these were focused on chum enumerations. 1 of these was incomplete. 
Additional later fall walks were conducted by CP and focused on coho enumerations.",,10,Walk,
snootli_ck,8,bella_coola_system,2017,,120,120,3,Visual,,5,4,5,4,Y (NOV C),"3/12 inspections saw coho. Peak spawning was included in the survey period (peak survey Nov. 28). Numerical estimate may be fair, classification 4 seems appropriate.","There were 9 early-season (primarily pink and chum enumerations) inspections of this creek this year, 8 by SH and 1 by NFP: these were focused on chum enumerations.  One partial walk was not included in the AUC.
3 additional later-fall walks were conducted by CP and focused on coho enumerations.
Coho were seen on all 3 coho directed walks. The annual escapement estimate is compiled from redd counts and live plus dead counts. An additional last walk was planned to establish the end of spawn more precisely but the lateness of this year's run and other priorities prevented this. The annual estimate reliability is reduced a bit by this end of run uncertainty.",,12,Walk,
snootli_ck,8,bella_coola_system,2018,,32,32,3,Visual,,6,5,6,5,Y (NOV C),"None of the 12 inspections this season saw live coho. Peak spawning was included in the survey period (peak survey Nov. 26, only two carcasses). Numerical estimate may be fair, classification 5 seems appropriate.","There were 9 early-season walks of Snootli Creek this year, specific to chums (with one observation of pinks on the last walk). These early walks were done by NFP (2 walks) and Snootli Hatchery (7 walks); 3 later walks by CP, specific to coho enumerations were also conducted. 
Coho were seen only as carcasses and their presence as redds. The annual escapment estimate is basically a redd count as inspection timing did not well mesh with live fish presence (due to other priorities, despite well covering expected spawn timing). ",,12,Walk,
snootli_ck,8,bella_coola_system,2019,,136,136,3,Visual,,5,4,5,4,Y (NOV B),"3/13 inspections this season saw coho. Peak spawning was included in the survey period (peak survey Nov. 11, highest count Oct. 29). Numerical estimate may be fair, classification 4 seems appropriate.","There were 9 early-season inspections of Snootli Creek this year, 2 of these were by NFP, the rest by SH; later season walks specific to coho were by CP, there were 4 of these.
Coho were seen live 3 times and another inspection confirmed the TTD by redd count and the run timing by direct observation.",,13,Walk,
snootli_ck,8,bella_coola_system,2020,,40,40,5,Visual,,5,4,5,4,Y (NOV A),"2/12 inspections saw coho. Peak spawning was included in the survey period (peak survey Nov. 10). Numerical estimate may be fair, classification 4 seems appropriate.","5 later-season coho counts were also conducted, by CP. Coho were seen on three walks; redds on all of them.  The annual escapement estimate is an expert opinion based on live plus dead counts and also unaccompanied and new redd counts. ",,12,Walk,
snootli_ck,8,bella_coola_system,2021,,128,128,4,Visual,,5,4,5,4,N (NOV A),"3/18 inspections saw coho. Peak survey was not conducted due to gap in the survey period (Oct. 22 - Nov. 11). Numerical estimate may be fair, classification 4 seems appropriate.","There were 14 closely spaced-in-time Snootli creek walks dedicated to chum enumeration (and finding an accurate chum residency) this year, all by Snootli Hatchery personnel. 4 additional walks were conducted for coho enumeration, by CP. Coho were seen, live plus dead, and redds counted, and these contributed to the expert opinion, which is the annual escapement estimate, which is considered relatively accurate. 4 extra coho were added to the TTD to arrive at the annual estimate to account for a few putative arrivals between the last two walks.",,18,Walk,
snootli_ck,8,bella_coola_system,2022,,90,90,3,Visual,,5,5,5,5,N (NOV A),"2/14 inspections saw coho. Peak survey was not conducted due to gap in the survey period (Oct. 23 - Nov. 11). Numerical estimate may be fair, classification 5 may be appropriate.","CP conducted 3 additional coho targeted walks, seeing coho on only 2 of those walks. Coho were seen twice; combined with redd counts an expert opinion is entered above as the annual escapement estimate. Reliability of the result is compromised by poor walk visibilities, in great part due to numbers of ducks in the prime spawning areas. Ducks appear to have been eating eggs, presumably chum eggs, some disturbed and dug by bears. Waters were as a consequence f the ducks activities,, opaque. Icing also hid redds and fish. Coho spawning in Snootli Creek appears to have been earlier than in other Bella Coola River tributaries. ",,14,Walk,
snootli_ck,8,bella_coola_system,2023,,64,64,3,Visual,,5,5,5,5,N (NOV A),"3/11 inspections saw coho. Peak survey was not conducted due to gap in that survey period (Oct. 23 - Nov. 12). Numerical estimate may be fair, classification 5 may be appropriate.",4 later season coho specific walks were also conducted by CP. Coho were inspected for during 4 later season walks and seen on three of them. Unaccompanied redd counts were added to the remaining live to arrive at the annual escapement estimate above.  Poor viewing on the last inspection resulted in reduced reliability of the estimate.,,11,Walk,
snootli_ck,8,bella_coola_system,2024,,N/I,A/P,,Visual,,,6,,6,UNK (NOV),"2/16 inspections saw live coho. Many years for this stream estimate Peak in NOV, peak survey may have been Nov. 12 (highest count) or 22. Unclear why N/I was chosen, recommend A/P designation.",,,16,Walk,
sylvia_ck,5,lower_grenville,1980,,No Record,,,,,,,,,,No Record,,,,,
sylvia_ck,5,lower_grenville,1981,,No Record,,,,,,,,,,No Record,,,,,
sylvia_ck,5,lower_grenville,1982,,No Record,,,,,,,,,,No Record,,,,,
sylvia_ck,5,lower_grenville,1983,,No Record,,,,,,,,,,No Record,,,,,
sylvia_ck,5,lower_grenville,1984,,No Record,,,,,,,,,,No Record,,,,,
sylvia_ck,5,lower_grenville,1985,,No Record,,,,,,,,,,No Record,,,,,
sylvia_ck,5,lower_grenville,1986,,No Record,,,,,,,,,,No Record,,,,,
sylvia_ck,5,lower_grenville,1987,,No Record,,,,,,,,,,No Record,,,,,
sylvia_ck,5,lower_grenville,1988,,No Record,,,,,,,,,,No Record,,,,,
sylvia_ck,5,lower_grenville,1989,,No Record,,,,,,,,,,No Record,,,,,
sylvia_ck,5,lower_grenville,1990,,No Record,,,,,,,,,,No Record,,,,,
sylvia_ck,5,lower_grenville,1991,,No Record,,,,,,,,,,No Record,,,,,
sylvia_ck,5,lower_grenville,1992,,No Record,,,,,,,,,,No Record,,,,,
sylvia_ck,5,lower_grenville,1993,,No Record,,,,,,,,,,No Record,,,,,
sylvia_ck,5,lower_grenville,1994,,No Record,,,,,,,,,,No Record,,,,,
sylvia_ck,5,lower_grenville,1995,,No Record,,,,,,,,,,No Record,,,,,
sylvia_ck,5,lower_grenville,1996,,No Record,,,,,,,,,,No Record,,,,,
sylvia_ck,5,lower_grenville,1997,,No Record,,,,,,,,,,No Record,,,,,
sylvia_ck,5,lower_grenville,1998,,UNK,A/P,1,Visual,,,,,6,N (OCT C),"No SILs available. Many years for this stream estimate Peak in OCT C, peak survey was likely not conducted due to early end to the survey period (last survey Oct. 14). Recommend estimate changed to A/P.",11 adult coho seen during the Oct inspection and 47 coho fry trapped during the Aug inspection.,,3,Walk,
sylvia_ck,5,lower_grenville,1999,,250,250,2,Visual,2,,,,4,Y (NOV A),"No SILs available. Peak spawning was included in the survey period (peak surveys Nov. 5). Numerical estimate may be fair, recommend classification 4 due to the provided reliability estimate.",139 coho seen Nov. 5 and 78 seen Nov. 21.,,3,Walk,
sylvia_ck,5,lower_grenville,2000,,400,400,2,Visual,3,,,,4,Y (NOV A),"No SILs available. Peak spawning was included in the survey period (peak survey Nov. 9). Numerical estimate may be fair, recommend classification 4 due to provided reliability estimate.","Coho counted: 
Nov. 9 - 223
Nov. 21 - 98.
Most fish were old looking and spawned out for both inspections.",,2,Walk,
sylvia_ck,5,lower_grenville,2001,,UNK,317,1,Visual,,,,,5,Y (OCT C),"No SILs available. Many years for this stream estimate Peak in OCT C, peak survey was likely Oct. 25. Recommend estimate changed to 317 (peak coho count). Recommend classification 5 due to single observation and reporting the minimum observed escapement.",Peak coho count was 317 on oct. 25. Poor conditions prevented other inspections. Hartley Bay hatchery does stock this system.,,2,Walk,
sylvia_ck,5,lower_grenville,2002,,250,250,2,Visual,3,,,,4,N (OCT A),"No SILs available. Peak survey was not conducted due to late start to the survey period (first survey Oct. 20). Numerical estimate may be fair, recommend classification 4 due to provided reliability estimate.",Peak count 208 coho. Hartley Bay hatchery in 1991 and in 1993 released coho fry into Sylvia Lake. No other fry releases are recorded for this system.,,2,Walk,
sylvia_ck,5,lower_grenville,2003,,110,110,3,Visual,3,,,,4,N (OCT C),"No SILs available. Peak survey was not conducted due to gap in the survey period (Oct. 15 - Nov. 7). Numerical estimate seems fair, recommend classification 4 due to provided reliability estimate.","Estimate based on three inspections:
Oct. 15 - 77 coho
Nov. 7 - 36 coho
Nov. 18 - 27 coho
The final escapement estimate was 110 coho.",,3,Walk,
sylvia_ck,5,lower_grenville,2004,,130,130,3,Visual,,,,3,4,Y (OCT C),"All three inspections saw coho. Peak spawning was included in the survey period (peak survey Oct. 23, highest count Oct. 4). Recommend AUC for estimate, see AUC Recalculation. Recommend classification 4 due to low resolution.","There is a very limited area for spawning coho in this stream. All spawning takes place in the area around the log jam below the impassable falls. This area was inspected three times throughout the coho season. Actual counts were obtained, these counts were put together to derive a final spawning population.","AUC calculated with the following parameters: RT 35 days; OE 80%; actual counts, suggests escapement estimate 138.",3,Walk,
sylvia_ck,5,lower_grenville,2005,,200,200,3,Visual,,5,5,5,4,N (OCT C),"All three inspections saw coho. Peak survey was not conducted due to gap in the survey period (Oct. 4 - Nov. 2). Numerical estimate seems fair, recommend classification 4 due to missed peak survey.","Made the estimate an Expert Opinion because the inspections do not determine start of spawn. Not sure how many fish would have spawned and disappeared prior to the Nov. 02 inspection. If spawning started shortly after the October 04 inspection the Auc calculation using all three inspections counts with Oct. 3 = 1 coho, 20 day residency and 90% observer efficiency = 244.",,3,Walk,
sylvia_ck,5,lower_grenville,2006,,45,45,4,Visual,,5,4,5,4,N (OCT C),"3/4 inspections saw coho. Peak survey was not conducted due to gap in the survey period (Oct. 16 - Nov. 8). AUC may be fair, see AUC Recalculation. Recommend classification 4 due to low resolution and missed peak survey.",AUC calculation done using 35 day residency timing and 80% observer efficiency.,"AUC calculated with the following parameters: RT 35 days; OE 80%; actual counts, suggests escapement estimate 45.",4,Walk,
sylvia_ck,5,lower_grenville,2007,,15,15,4,Visual,,5,5,5,5,Y (NOV B),"All four inspections saw coho. Peak spawning was included in the survey period (peak survey Nov. 12). Numerical estimate may be fair, classification 5 fair. Candidate for A/P designation.",Sylvia Creek was inspected regularly throughout the coho spawning season.,,4,Walk,
sylvia_ck,5,lower_grenville,2008,,70,70,6,Visual,,5,3,5,3,Y (NOV A),"All six inspections saw coho. Peak spawning was included in the survey period (peak survey Nov. 8, highest count Oct. 15). Numerical estimate seems fair, classification 3 may be fair.",,,6,Walk / Other,
sylvia_ck,5,lower_grenville,2009,,114,114,4,Visual,,3,3,3,4,N (NOV A),"All four inspections saw coho. Peak survey was not conducted due to gap in the survey period (Oct. 14 - Nov. 11). AUC seems fair, see AUC Recalculation. Recommend classification 4 due to low resolution and missed peak survey.",Coho were enumerated in Sylvia Creek on a regular basis throughout the spawning season. The actual counts were used for each inspection. The counts from each inspection were entered into the AUC program using a 40 day residency time and a 90% observer efficiency to calculate the final escapement. Residency time was estimated from September 20 (first coho) to October 28 (spawning). The AUC program calculated a range from the low of 100 to as high as 135.,"AUC calculated with the following parameters: RT 40 days; OE 90%; actual counts, suggests escapement estimate 114.",4,Walk,
sylvia_ck,5,lower_grenville,2010,,144,275,3,Visual,,5,4,3,4,Y (OCT B),"3/5 inspections saw coho. Peak spawning was included in the survey period (peak survey Oct. 30, highest count Oct. 15). Recommend AUC for estimate, see AUC Recalculation. Recommend classification 4 due to low resolution.","Coho: September 15 - 108 holding in creek, October 15 - 140 holding and 4 spawning, October 30 - 66 spawning, 2 morts. Estimate is taken from the Peak inspection on October 15, high water levels during later inspections lower the observers efficiency.","AUC calculated with the following parameters: RT 35 days; OE 80%; actual counts, suggests escapement estimate 274.",5,Walk,
sylvia_ck,5,lower_grenville,2011,,210,210,4,Visual,,3,3,3,4,Y (OCT C),"All five inspections saw coho. Peak spawning was included in the survey period (peak survey Oct. 30). AUC seems fair, see AUC Recalculation. Recommend classification 4 due to low resolution (only 3 surveys used in the calculation).","Estuary to Falls - 
September 13 - 62 coho holding instream
Coho estimate is based on an AUC calculation using four inspections (September 13, 29, October 30 and November 19) with a residency time of 40 days and an observer efficiency of 80% which suggests the estimate to be 208. The October 14 inspection was not used in the AUC calculation as it was felt the estimate was not representative due to highwater levels.","AUC calculated with the following parameters: RT 40 days; OE 80%; actual counts from Sep. 13, 29, Oct. 30, Nov. 19. Suggests escapement estimate 208.",5,Walk,
sylvia_ck,5,lower_grenville,2012,,75,75,4,Visual,,3,3,3,4,Y (OCT C),"All four inspections saw coho. Peak spawning was included in the survey period (peak survey Oct. 27). AUC seems fair, see AUC Recalculation. Recommend classification 4 due to low resolution.",Coho information collected from the 4 inspections was entered into the AUC program using a 35 day Residency Time and a 90% Observer Efficiency to calculate the final escapement.,"AUC calculated with the following parameters: RT 35 days; OE 90%; actual counts, suggests escapement estimate 72.",4,Walk,
sylvia_ck,5,lower_grenville,2013,,96,96,3,Visual,,3,3,3,4,Y (OCT C),"All four inspections saw coho. Peak spawning was included in the survey period (peak survey Oct. 27, highest count Oct. 15). AUC seems fair, see AUC Recalculation. Recommend classification 4 due to low resolution.",The coho final escapement was derived from entering the counts from each inspection into the AUC program using a 38 day RT and a 90% OE to calculate the final escapement. The inspection on Sep. 12 was done by the Gitga'at watchmen.,"AUC calculated with the following parameters: RT 38 days; OE 90%; actual counts, suggests escapement estimate 100.",4,Walk,
sylvia_ck,5,lower_grenville,2014,,60,60,2,Visual,,3,3,3,5,N (OCT C),"2/3 inspections saw coho. Peak survey was not conducted due to gap in the survey period (Sep. 24 - Nov. 1). Numerical estimate may be fair, recommend classification 5 due low resolution and missed peak survey.",Because of the weather in 2014 I was unable of get a peak count in mid October. Used previous years counts and the AUC program to determine a reasonable escapement estimate in 2014. Recording a minimum observed escapement was preferred over entering AP.,,3,Walk,
sylvia_ck,5,lower_grenville,2015,,35,35,3,Visual,,3,4,3,5,Y (OCT C),"All four inspections saw coho. Peak spawning was included in the survey period (peak survey Oct. 28, highest count Oct. 17). Numerical estimate seems fair, recommend classification 5 due to reporting the minimum observed escapement.","Three inspections were completed for coho in 2015. The actual number of coho observed was used as the final escapement estimate. Recording the minimum number of coho was preferred over stating ""Adults Present"".",,4,Walk,
sylvia_ck,5,lower_grenville,2016,,35,35,3,Visual,,3,3,3,4,Y (OCT C),"All three inspections saw coho. Peak spawning was included in the survey period (peak survey Oct. 27). AUC  may be fair, see AUC Recalculation. Recommend classification 4 due to low resolution.",Three inspections were completed for coho through the season. The counts that were collected from each inspection were entered into the AUC program using 38 day RT and a 90% OE to calculate the final escapement of 35.,"AUC calculated with the following parameters: RT 38 days; OE 90%; actual counts, suggests escapement estimate 35.",3,Walk,
sylvia_ck,5,lower_grenville,2017,,50,50,2,Visual,,1,4,1,4,N (OCT B),"2/3 inspections saw coho. Peak survey was not conducted due to gap in the survey period (Oct. 4 - Nov. 4). Numerical estimate seems fair, classification 4 seems fair.",The annual escapement was estimated at 50 coho with a peak count on October 4 of 46 coho,,3,Walk,
sylvia_ck,5,lower_grenville,2018,,14,A/P,2,Visual,,1,5,,6,N (OCT C),Both of the inspections this season saw coho. Peak survey was not conducted due to early end to the survey period (last survey Oct. 18). Recommend estimate changed to A/P due to incomplete coverage of run timing and very few coho seen.,The annual coho escapement was based on 2 inspections ( Oct 2 and Oct 18). The normal timing would have the majority of coho holding in the stream by Oct 20. Recording the minimum observed escapement was preferred over stating AP.,,2,Walk,
sylvia_ck,5,lower_grenville,2019,,No Record,33,,Visual,,,,1,5,Y (OCT C),"No annual estimate in database. Both of the inspections this season saw coho. Peak timing for this stream is usually estimated in OCT C, it is likely that peak spawning was included in the survey period (peak survey Oct. 26). Recommend 33 for estimate (count from Oct. 26 survey). Recommend classification 5 due to no original estimate provided.",,,2,Walk,
sylvia_ck,5,lower_grenville,2020,,35,35,1,Visual,,1,5,1,5,N (OCT C),"The single inspection this season saw coho. Peak survey was not conducted due to early end to the survey period (last survey Oct. 13). Numerical estimate may be fair, classification 5 fair. Candidate for A/P.",The annual coho escapement is based on the one inspection. This is a very small system and all coho gather in a pool downstream of the falls in a pool above a log jam. Coho are usually all in the system by mid October.,,1,Walk,
sylvia_ck,5,lower_grenville,2021,,30,A/P,2,Visual,,3,3,,6,N (OCT C),Both inspections this season saw coho. Peak survey was not conducted due to gap in the survey period (Oct. 10 - Nov. 11). AUC not appropriate due to fewer than three surveys. Recommend estimate changed to A/P due to missed peak survey and few coho seen this season.,The counts from the 2 inspections for coho were entered into the AUC program using a 35 day RT and a 90% OE to calculate the final escapement,AUC not appropriate due to too few surveys.,2,Walk,
sylvia_ck,5,lower_grenville,2022,,22,A/P,1,Visual,,5,5,,6,N (OCT C),The single inspection this season saw coho. Peak survey was not conducted due to early end to the survey period (last survey Oct. 9). Recommend estimate changed to A/P due to missed peak survey and few coho seen this season.,The annual coho escapement is the actual count from the October 9 inspection . By mid October the majority of the coho are holding in the pool at the logjam downstream from the falls.,,1,Walk,
sylvia_ck,5,lower_grenville,2023,,N/I,N/I,,,,,6,,6,,No SILs available. N/I seems appropriate.,,,,,
sylvia_ck,5,lower_grenville,2024,,No Record,,,,,,,,,,No Record.,,,,,
thorsen_ck,8,bella_coola_system,1980,,75,75,,,,,,,5,UNK,No SILs available. Unclear if this figure is included in the Bella Coola River estimate. Recommend classification 5 due to lack of information provided.,,,,,
thorsen_ck,8,bella_coola_system,1981,,50,50,,,,,,,5,UNK,No SILs available. Unclear if this figure is included in the Bella Coola River estimate. Recommend classification 5 due to lack of information provided.,,,,,
thorsen_ck,8,bella_coola_system,1982,,50,50,,,,,,,5,UNK,No SILs available. Unclear if this figure is included in the Bella Coola River estimate. Recommend classification 5 due to lack of information provided.,,,,,
thorsen_ck,8,bella_coola_system,1983,,150,150,,,,,,,5,UNK,No SILs available. Unclear if this figure is included in the Bella Coola River estimate. Recommend classification 5 due to lack of information provided.,,,,,
thorsen_ck,8,bella_coola_system,1984,,250,250,,,,,,,5,UNK,No SILs available. Unclear if this figure is included in the Bella Coola River estimate. Recommend classification 5 due to lack of information provided.,,,,,
thorsen_ck,8,bella_coola_system,1985,,75,75,,,,,,,5,UNK,No SILs available. Unclear if this figure is included in the Bella Coola River estimate. Recommend classification 5 due to lack of information provided.,,,,,
thorsen_ck,8,bella_coola_system,1986,,,,,,,,,,,,No SILs available. No annual estimate generated specific to this stream.,,,,,
thorsen_ck,8,bella_coola_system,1987,,5,A/P,,,,,,,6,UNK,No SILs available. Unclear if this figure is included in the Bella Coola River estimate. Recommend estimate changed to A/P.,,,,,
thorsen_ck,8,bella_coola_system,1988,,,,,,,,,,,,No SILs available. No annual estimate generated specific to this stream.,,,,,
thorsen_ck,8,bella_coola_system,1989,,7,A/P,,,,,,,6,UNK,No SILs available. Unclear if this figure is included in the Bella Coola River estimate. Recommend estimate changed to A/P.,,,,,
thorsen_ck,8,bella_coola_system,1990,,,,,,,,,,,,No SILs available. No annual estimate generated specific to this stream.,,,,,
thorsen_ck,8,bella_coola_system,1991,,,,,,,,,,,,No SILs available. No annual estimate generated specific to this stream.,,,,,
thorsen_ck,8,bella_coola_system,1992,,,,,,,,,,,,No SILs available. No annual estimate generated specific to this stream.,,,,,
thorsen_ck,8,bella_coola_system,1993,,,,,,,,,,,,No SILs available. No annual estimate generated specific to this stream.,,,,,
thorsen_ck,8,bella_coola_system,1994,,,,,,,,,,,,No SILs available. No annual estimate generated specific to this stream.,,,,,
thorsen_ck,8,bella_coola_system,1995,,,,,,,,,,,,No SILs available. No annual estimate generated specific to this stream.,,,,,
thorsen_ck,8,bella_coola_system,1996,,,,,,,,,,,,No SILs available. No annual estimate generated specific to this stream.,,,,,
thorsen_ck,8,bella_coola_system,1997,,,,,,,,,,,,No SILs available. No annual estimate generated specific to this stream.,,,6,,
thorsen_ck,8,bella_coola_system,1998,,,,,,,,,,,,No SILs available. No annual estimate generated specific to this stream. See Annual Est. Rationale for available count data.,"Counts are as follows:
Oct. 1 - 57 live coho
Oct. 4 - 40 live coho
Oct. 12 - 92 live coho
Oct. 14 - 78 live coho
Oct. 21 - 251 live coho
Oct. 26 - 139 live coho
Nov. 2 - 264 live, 2 dead coho
Nov. 9 - 20 live, 3 dead coho
Nov. 16 - 157 live, 2 dead coho
Nov. 18 - 255 live, 5 dead coho
Nov. 30 - 196 live, 4 dead coho
Dec. 2 - 95 live, 5 dead coho
Dec. 14 - 123 live, 11 dead coho.",,20,,
thorsen_ck,8,bella_coola_system,1999,,,,,,,,,,,,No SILs available. No annual estimate generated specific to this stream.,Escapement figures for this stream are included on the BC16 for Bella Coola River.,,30,,
thorsen_ck,8,bella_coola_system,2000,,,,,,,,,,,,No SILs available. No annual estimate generated specific to this stream.,Escapement figures for this stream are included on the BC16 for Bella Coola River.,,14,,
thorsen_ck,8,bella_coola_system,2001,,1000,1000,4,Visual,,,,,5,UNK,"4/9 inspections saw coho. Peak timing unknown, highest count Oct. 29. Numerical estimate seems fair, recommend classification 5 due to lack of information available.",,,9,Walk,
thorsen_ck,8,bella_coola_system,2002,,500,500,7,Visual,3,,,,4,Y (NOV B),"7/13 inspections saw coho. Peak spawning was included in the survey period (peak survey Nov. 12, highest count Oct. 21). AUC may be fair, cannot recalculate without OE and RT values. Recommend classification 4 due to provided reliability estimate.",Coho based on AUC.,Cannot recalculate due to missing values.,13,Walk,
thorsen_ck,8,bella_coola_system,2003,,1500,1500,7,Visual,3,,,,4,UNK,"6/12 inspections saw coho. Peak timing unknown, highest count Nov. 3. AUC seems fair, see AUC Recalculation. Recommend classification 4 due to provided reliability estimate.","The above estimates are included in the Bella Coola River estimate (these numbers are for reference only).  Charter Patrol and Nuxalk Fisheries made instream inspections for pinks, chums, and coho.  The coho escapement was based on an AUC with 11 d residence + expansion (1.4X) for fish missed at the beginning and end of the migration.","AUC calculated with the following parameters: RT 11 days; OE 80%; coho totals from all surveys with coho observation, suggests escapement estimate 1077. 1.4x expansion matches original given estimate.",12,Walk,
thorsen_ck,8,bella_coola_system,2004,,250,250,3,Visual,,10,4,12,4,Y (NOV B),"4/10 inspections saw coho. Peak spawning was included in the survey period (peak survey Nov. 17). Numerical estimate seems fair, classification 4 seems appropriate.","The above estimates are included in/were used to calculate the total escapements to the Bella Coola River (the above numbers are for reference only).  Charter Patrol, Snootli Hatchery, and Nuxalk Fisheries made instream inspections for pinks, chums, and coho.  The residence time for coho this year was estimated to be < 11 days.  With the excessive high water events, when water conditions did stabilize, the fish turned over quickly.  Therefore, the coho escapement was the summation of the counts from November 2 (35), 17 (40), and 30 (40), as all fish were new for each inspection.  Charter Patrol estimated another 130 fish that were missed at the beginning and end of the inspections.  Inspections started later and terminated earlier due to the unstable water conditions.",,10,Walk / Heli,
thorsen_ck,8,bella_coola_system,2005,,60,60,3,Visual,,12,4,12,4,Y (NOV B),"3/9 inspections saw coho. Peak spawning was included in the survey period (peak survey Nov. 17, highest count Nov. 8). Numerical estimate seems fair, classification 4 seems appropriate.","The above estimates are included in/were used to calculate the total escapements to the Bella Coola River (the above numbers are for reference only).  Charter Patrol, Snootli Hatchery, and Nuxalk Fisheries made instream inspections for pinks, chums, and coho.  Coho were present during inspections on October 31 and November 8 and 17.  The escapement estimate was the summation of the fish new to the system on each of the counts (4 + 30 + 16).  Inspections ended early in the spawn so Charter Patrol estimated another 10 fish, for a total escapement of 60 for the season.",,9,Walk,
thorsen_ck,8,bella_coola_system,2006,,110,110,3,Visual,,12,4,12,4,Y (NOV A),"3/9 inspections saw coho. Many years for this stream estimate Peak in NOV A, peak survey may have been Nov. 1 or 9. Numerical estimate seems fair, classification 4 seems appropriate.","The above estimates are included in/were used to calculate the total escapements to the Bella Coola River (the above numbers are for reference only).  Charter Patrol, Snootli Creek Hatchery, and Nuxalk Fisheries made instream inspections for pinks, chums, and coho.  Ralph Nelson estimated estimated 100 coho for 2006, based on new to the system, carcasses, and empty redds during the 1st inspection.  He did believe that it was probable that fish were missed early and late in the run, so a final esitmate of 110 was reported this year.",,9,Walk,
thorsen_ck,8,bella_coola_system,2007,,100,100,4,Visual,,5,4,5,4,Y (NOV B),"4/11 inspections saw coho. Peak spawning was included in the survey period (peak survey Nov. 14). Numerical estimate seems fair, classificaton 4 seems appropriate.","The above estimates are included in/were used to calculate the total escapements to the Bella Coola River (the above numbers are for reference only).  Charter Patrol and Nuxalk Fisheries made instream inspections for pinks, chums, and coho.  For coho, Ralph Nelson (Charter Patrol) reported a final coho escapement estimate of 92 based on the number of carcasses, the number of live fish observed, unoccupied redds, and the number of new fish between inspections.  He felt that there was a high probability that coho were missed after the inspections, as there were still fresh coho noted on the last inspection.  Based on the latter assumption, a conservative estimate of 100 was made for 2007.",,11,Walk,
thorsen_ck,8,bella_coola_system,2008,,A/P,A/P,2,Visual,,,6,,6,N (NOV A),"1/8 inspections saw coho. Many years for this stream estimate Peak in NOV A, unlikely that a peak survey was conducted as the single observation of the season is indicated as Start of spawning (Nov. 10). A/P seems appropriate.","The above estimate and information are included in/were used to calculate the total escapement to the Bella Coola River and is recorded here for reference.

Coho - Inspected twice for coho but only seen once on Nov. 10th for a count of 18 adults and 2 unaccompanied redds were counted. More coho could have arrived after the last inspection.",,8,Walk,
thorsen_ck,8,bella_coola_system,2009,,175,175,2,Visual,,5,5,5,4,Y (NOV A),"2/10 inspections saw coho. Peak spawning was included in the survey period (peak survey Nov. 10). Numerical estimate seems fair, recommend classification 4.","Coho - Based on two inspections, one in October and one in November. Estimate is low as coho spawning certainly continued after the last inspection.",,10,Walk,
thorsen_ck,8,bella_coola_system,2010,,A/P,A/P,6,Visual,,,6,,6,UNK (NOV A),"4/12 inspections saw coho. Many years for this stream estimate Peak in NOV A, peak survey may have been Nov. 3, 7, or 9. A/P seems appropriate.","Coho were inspected for throughout the spawning season as part of the instream excavation project. It was attempted to prevent coho from spawning in excavation-affected areas but most of the spawning length is being/has been excavated. Six formal coho inspections counted a total to date (last walk on December 5) of 34 spawners, including 3 females and 8 males caught by the Snootli Hatchery crew for broodstock to be returned to Thorsen River as smolts. A revised estimate of 6 potentially successful spawners was also made.",,12,Walk,
thorsen_ck,8,bella_coola_system,2011,,220,220,5,Visual,,3,3,3,3,Y (NOV A),"5/9 inspections saw coho. Peak spawning was included in the survey period (peak survey Nov. 3). AUC seems fair, see AUC Recalculation. Classification 3 may be fair due to adequate number of surveys and good coverage of run timing.",Coho - AUC calculation using all 5 estimates with a 15 day residency time.,"AUC calculated with the following parameters: RT 15 days; OE 85%; all counts with coho observations, suggests escapement estimate 226.",9,Walk,
thorsen_ck,8,bella_coola_system,2012,,65,65,5,Visual,,5,5,5,5,Y (NOV B),"3/12 inspections saw live coho. Peak spawning was included in the survey period (peak survey Nov. 19, highest count Oct. 25). Numerical estimate may be fair, classification 5 seems appropriate.","Coho were seen on five walks conducted by Charter Patrolman, later in the fall..The annual estimate is a running total of Coho spawners and unaccompanied redds. During the inspection period, 8 coho were captured for broodstock purposes (Snootli Hatchery) and these were subtracted from the above estimate. In total the hatchery took approximately 22,450 eggs.",,12,Walk,
thorsen_ck,8,bella_coola_system,2013,,400,400,3,Visual,,5,4,5,4,Y (NOV B),"3/12 inspections saw coho. Nov. 9 SIL is indicated as Peak spawning despite no surveys in NOV B. Numerical estimate may be fair, classification 4 seems appropriate.","Coho were inspected for 3 times in the late fall, all by Charter Patrol. Coho were seen holding and spawning which makes residency times difficult to estimate so an expert opinion, based on unaccompanied redds, carcass and live counts, is entered above. Later spawners may still enter the stream, but there were no signs of new fish holding in lower pools on the date of the last walk.",,12,Walk,
thorsen_ck,8,bella_coola_system,2014,,350,350,3,Visual,,3,5,3,5,Y (NOV B),"3/12 inspections saw coho. Nov. 1 SIL is indicated as Peak spawning despite no surveys in NOV B. AUC seems fair, see AUC Recalculation. Classification 5 seems fair, see AUC Recalculation.",Coho - Auc calculation using the 3 estimates provided with a 20 and 25 day residency = 316 and 387 spawners respectively . It is likley there were some fish that spawned before the 1st coho inspection and after the last. The number of spawners after the last inspection was likely lower than most other years because in general throughout the valley later coho spawning was limited.,"AUC could not be matched to original estimate. AUC calculated with the following parameters: RT 20 days; OE 80%; actual counts, suggests escapement estimate 260. Recommend original estimate used with classification 5 due to uncertainty of original AUC parameters.",12,Walk,
thorsen_ck,8,bella_coola_system,2015,,120,120,4,Visual,,12,4,12,4,N (NOV A),"5/7 inspections saw coho. Peak survey was not conducted due to gap in the survey period (Oct. 24 - Nov. 15). Numerical estimate may be fair, classification 4 seems appropriate.","There were 7 inspections of this creek this year. 3 were by NFP to enumerate pinks and chums; 4 by CP, specific to coho. 
Coho were seen on 5 occasions. The annual estimate is a combination of redd and live counts. It is likely that there might be later coho arrivals, which has reduced the reliability somewhat.",,7,Walk,
thorsen_ck,8,bella_coola_system,2016,,80,80,5,Visual,,12,4,12,4,Y (NOV B),"3/12 inspections saw coho. Peak spawning was included in the survey period (peak survey Nov. 15). Numerical estimate may be fair, classification 4 seems appropriate.","There were 7 early-season walk inspections this year, all by NFP. There were many problems with these SILs and as much as possible these are explained and corrected. There may be further errors (it being difficult to correct a series of some one else's mistakes). There were 5 additional later-season walks, done by CP, specific to coho. 
Coho were seen on all fall inspection dates except the last (which only saw new unaccompanied redds). An expert opinion based on a combination of live plus dead and unaccompanied redd counts was used to arrive at the annual escapement estimate entered above. Some early spawning coho may have been missed, though redd counts should have made up for this.",,12,Walk,
thorsen_ck,8,bella_coola_system,2017,,685,685,5,Visual,,5,3,5,4,N (NOV C),"4/10 inspections saw coho. Peak survey was not conducted due to gap in the survey period (Nov. 15 - Dec. 5). Numerical estimate may be fair, recommend classification 4 due to missing peak survey.","There were 6 earlier-season pink and chum inspections of Thorsen Creek: they were conducted by CP (1), Other (Dan Wagner) (2) and NFP (3). 5 later-season coho enumeration walks were conducted by CP exclusively.
Coho were seen (only) on each of the 5 coho directed walks. The walks spanned the run timing well and though there were still new coho holding on the date of the last walk most of the run is presumed to have been instream and accounted for on that date (December 13). The annual escapement estimate is comprised of a live plus dead addition with an allowance for a cumulative-new redd count.",Candidate for AUC,10,Walk,
thorsen_ck,8,bella_coola_system,2018,,72,72,5,Visual,,5,4,5,4,N (NOV C),"3/11 inspections saw coho. Peak survey was not conducted due to gap in the survey period (Nov. 19 - Dec. 3). Numerical estimate may be fair, classification 4 seems appropriate. Note that SEN comments indicate five observations of coho while SIL data records only three seperate observations of coho.","There were 6 early-season examinations of Thorsen Creek this year, 1 by CP; 5 by NFP; there were 5 additional later-season inspections by CP, specific to coho enumeration.
Coho were seen 5 times. The annual escapement estimate is an expert opinion based on unaccompanied redds and live counts over time.",,11,Walk,
thorsen_ck,8,bella_coola_system,2019,,128,128,11,Visual,,5,3,5,3,Y (NOV A),"12/26 inspections saw coho. Peak spawning was included in the survey period (peak survey Nov. 5). Numerical estimate seems fair, classification 3 seems appropriate.","Thorsen Creek was inspected 17 times this year in the early season, 3 times by CC FMB, 7 by NFP, the rest by Dan Wagner. The first 2 walks, which saw very similar results were on the same day and only 1 was used. There were also 5 later season coho specific inspections conducted by CP and another 6 by Dan Wagner through the same period, which largely confirmed the CP counts. 
Coho were seen on all later-season coho-specific inspections. The annual escapement estimate is an expert opinion based on live and redd counts.",,26,Walk,
thorsen_ck,8,bella_coola_system,2020,,140,140,10,Visual,,5,3,5,3,Y (NOV B),"10/17 inspections saw coho. Peak spawning was included in the survey period (peak survey Nov. 14, highest count Oct. 23). Numerical estimate may be fair, classification 3 seems appropriate."," 7 later-season inspections (4 by CP; 3 by Dan Wagner) were also conducted, specific to coho enumerations. Coho were seen 10 times. An expert opinion made the annual escapement estimate and lots of inspections made it reasonably accurate. The estimate is composed of live plus dead and unaccompanied redd counts. It should be noted that an early coho inspection on October 23rd, saw 165 coho instream. Subsequent walks saw far fewer and never again was this number approached. Nuxhalk, Snooka, McLellan and Garbage Dump Creeks do however flow into Thorsen Creek and though the 165 were said to be mostly above their confluences, it has been observed in the past that tagged fish caught in Thorsen (and other creeks), thereafter stray back downstream to other streams. In this case, 204 coho were estimated in total in those tributaries combined, this year (they all arrive after the165 Thorsen Creek coho). It should also be noted that Thorsen Tributaries have far superior juvenile habitat to that in the Thorsen mainstem. ",,17,Walk,
thorsen_ck,8,bella_coola_system,2021,,290,290,4,Visual,,5,4,5,4,N (NOV B),"5/17 inspections saw coho. Peak survey was not conducted due to gap in the survey period (Nov. 7 - Nov. 24). Numerical estimate may be fair, classification 4 seems appropriate.","Coho were seen on all 4 later-season walks conducte by CP, and the annual escapement estimate of an expert opinion, heavily based on redd counts but also including later live and dead cohos. The estimate is thought to be relatively reliable. ",,17,Walk,
thorsen_ck,8,bella_coola_system,2022,,160,160,5,Visual,,5,4,5,4,Y (NOV C),"5/13 inspections saw coho. Peak spawning was included in the survey period (peak survey Nov. 23, highest count Nov. 14). Numerical estimate may be fair, classification 4 seems appropriate.","There were also 5 later coho-specific inspections conducted by CP. Coho were seen 5 times, though the first time was on September 7, after which none were seen till November 1. An expert opinion combined redd counts and live coho to arrive at a total to date for the last walk. This number was rounded up to the annual escapeent estimate, which is thought to be of medium reliability.   ",,13,Walk,
thorsen_ck,8,bella_coola_system,2023,,86,86,6,Visual,,5,3,5,3,Y (NOV B),"6/15 inspections saw coho. Peak spawning was included in the survey period (peak survey Nov. 18, highest count Nov. 7). Numerical estimate seems fair, classification 3 may be appropriate."," 6 later-season coho-specific enumerations were conducted by CP. Coho were seen 6 times, and the annual escapement estimate is an expert opinion utilizing both coho and redd counts, Coho in the lower section of the creek, below tributaries, which received influxes of coho, were subtracted from the last counts, as they almost assuredly migrated into the tributaries (where they were counted). ",,15,Walk,
thorsen_ck,8,bella_coola_system,2024,,N/I,440,,Visual,,,6,5,5,UNK (NOV B),"6/16 inspections saw coho. Many years for this stream estimate Peak in NOV B, peak survey may have been Nov. 15 or 18 (highest count Oct. 25). Unclear why N/I was chosen, recommend estimate changed to 440 to reflect the estimated escapement to date listed on the final SIL. Recommend classification 5 due to upgrading from a categorical estimate.",,,16,Walk,
tsimtack_lk,5,lower_grenville,1980,,300,300,,,,,,,5,UNK (OCT),"No SILs available. Unclear if a peak survey was conducted, no inspection dates are provided. Numerical estimate may be fair, recommend classification 5 due to lack of information available. ",Jack coho observed below falls at head of Moore Lake.,,UNK,,
tsimtack_lk,5,lower_grenville,1981,,800,800,,,,,,,5,UNK (SEP),"No SILs available. Unclear if a peak survey was conducted, no inspection dates are provided. Numerical estimate may be fair, recommend classification 5 due to lack of information available. ",,,UNK,,
tsimtack_lk,5,lower_grenville,1982,,UNK,N/I,,,,,,,6,,No SILs available. SEN states the system was Not Inspected this year.,Not inspected.,,,,
tsimtack_lk,5,lower_grenville,1983,,500,500,,,,,,,5,Y (OCT),"No SILs available. Peak spawning was included in the survey period (peak survey Oct. 11). Numerical estimate may be fair, recommend classification 5 due to lack of information available. ",Should be inspected 2 weeks later for coho.,,2,,
tsimtack_lk,5,lower_grenville,1984,,500,500,4,Visual,C,,,,5,Y (OCT),"No SILs available. Peak spawning was included in the survey period (peak survey Oct. 20). Numerical estimate may be fair, recommend classification 5 due to lack of information available. ",,,5,Plane / Walk,
tsimtack_lk,5,lower_grenville,1985,,200,200,1,Visual,1,,,,5,UNK,"No SILs available. Peak spawning estimate recorded as unknown, unclear if a peak survey was conducted. Numerical estimate may be fair, recommend classification 5 due to provided reliability estimate.",,,3,Walk / Plane,
tsimtack_lk,5,lower_grenville,1986,,1000,1000,1,Visual,1,,,,5,Y (OCT C),"No SILs available. Peak spawning was included in the survey period (peak survey Oct. 31). Numerical estimate may be fair, recommend classification 5 due to provided reliability estimate.",,,3,Heli,
tsimtack_lk,5,lower_grenville,1987,,Blank,N/I,,,,,,,6,,No SILs available. No estimate provided on the SEN. Recommend N/I.,,,1,,
tsimtack_lk,5,lower_grenville,1988,,A/P,A/P,,,,,,,6,N (UNK),"No SILs available. Unclear if a peak survey was conducted, only recorded survey date was Oct. 11. A/P seems appropriate.",,,1,,
tsimtack_lk,5,lower_grenville,1989,,UNK,A/P,,,,,,,6,UNK,"No SILs available. Peak spawning estimate recorded as unknown, unclear if a peak survey was conducted. Recommend estimate changed to A/P.",80+ coho observed in lake.,,2,,
tsimtack_lk,5,lower_grenville,1990,,200,200,2,Visual,4,,,,3,Y (OCT A),"No SILs available. Peak spawning was included in the survey period (peak survey Oct. 4). Numerical estimate may be fair, recommend classification 3 due to provided reliability estimate.",Late arrivals except sockeye due to low water.,,8,Walk / Plane / Heli,
tsimtack_lk,5,lower_grenville,1991,,Blank,N/I,,,,,,,6,,No SILs available. No estimate provided on the SEN. Recommend N/I.,,,3,,
tsimtack_lk,5,lower_grenville,1992,,75,75,3,Visual,2,,,,5,N (OCT B),"No SILs available. Peak survey was not conducted due to early end to the survey period (last survey Oct. 4). Numerical estimate may be fair, recommend classification 5 due to lack of information available.",,,4,Walk / Float / Plane,
tsimtack_lk,5,lower_grenville,1993,,275,275,4,Visual,1,,,,5,N (UNK),"No SILs available. Unlikely that a peak survey was conducted, last survey was Sep. 29. Numerical estimate may be fair, recommend classification 5 due to provided reliability estimate.",,,4,Walk / Float,
tsimtack_lk,5,lower_grenville,1994,,UNK,A/P,,Visual,,,,,6,N (UNK),"No SILs available. Unlikely that a peak survey was conducted, last survey was Sep. 8. Recommend estimate changed to A/P.",200+ coho seen Sep. 8.,,2,Float,
tsimtack_lk,5,lower_grenville,1995,,UNK,A/P,2,Visual,,,,,6,N (UNK),"No SILs available. Unlikely that a peak survey was conducted, last survey was Sep. 25. Recommend estimate changed to A/P.",500+ coho seen Sep. 10.,,2,Walk,
tsimtack_lk,5,lower_grenville,1996,,UNK,N/I,1,Visual,,,,,6,N (UNK),"No SILs available. Unlikely that a peak survey was conducted, last survey was Sep. 30. Recommend estimate changed to N/I.",,,3,Walk,
tsimtack_lk,5,lower_grenville,1997,,N/I,N/I,,,,,,,6,N (UNK),"No SILs available. Unlikely that a peak survey was conducted, last survey was Sep. 27. N/I seems appropriate.",,,4,,
tsimtack_lk,5,lower_grenville,1998,,UNK,650,2,Visual,,,,,5,Y (OCT B),No SILs available. Peak spawning was included in the survey period (peak survey Oct. 12). Recommend estimate changed to 650 to reflect the estimated total escapement for Tsim Creek. Recommend classification 5 due to lack of information provided. NOTE this estimate is for Tsim Creek only and should only be used as a comparative figure with estimates from other years following the same methodology.,"Peak count for coho in Tsim Creek 650, in creek at head of Moore Lake. 412 coho seen between Moore and Roger Lake.",,5,Walk,
tsimtack_lk,5,lower_grenville,1999,,UNK,A/P,3,Visual,,,,,6,N (OCT C),"No SILs available. Many years for this stream estimate Peak in OCT C, unlikely that a peak survey was conducted (last survey Oct. 3). Recommend estimate changed to A/P.",More inspections required to make estimates. More than 500 coho seen during September inspections.,,5,Walk,
tsimtack_lk,5,lower_grenville,2000,,UNK,150,1,,,,,,5,Y (NOV A),No SILs available. Peak spawning was included in the survey period (peak survey Nov. 7). Recommend estimate changed to 150 to reflect the estimated total escapement for Tsim Creek. Recommend classification 5. NOTE this estimate is for Tsim Creek only and should only be used as a comparative figure with estimates from other years following the same methodology.,"Tsim Creek below Tsim Lake was inspected for coho on Sep. 20 - 37 coho seen, Nov. 7 - 64 coho, Nov. 20 - 20 coho. Estimate 150 coho spawned in Tsim Creek below Tsim Lake.",,5,,
tsimtack_lk,5,lower_grenville,2001,,UNK,200,4,Visual,,,,,5,Y (OCT C),"No SILs available. Many years for this stream estimate Peak in OCT C, peak survey may have been Oct. 23. Recommend estimate changed to 200 to reflect the estimated total escapement for Tsim Creek. Recommend classification 5 due to lack of information provided. NOTE this estimate is for Tsim Creek only and should only be used as a comparative figure with estimates from other years following the same methodology.",The peak count of coho in Tsim Creek between Tsimtack Lake and Tsim Lake was 121. Would estimate 200 coho spawned in that section of creek.,,6,Walk,
tsimtack_lk,5,lower_grenville,2002,,150,150,4,Visual,2,,,,4,N (NOV A),"No SILs available. Peak survey was not conducted due to gap in the survey period (Oct. 21 - Nov. 11). Numerical estimate may be fair, recommend classification 4 due to provided reliability estimate.",Peak coho count was 115.,,5,Walk,
tsimtack_lk,5,lower_grenville,2003,,100,100,2,Visual,1,,,,5,Y (OCT B),"No SILs available. Peak spawning was included in the survey period (peak survey Oct. 16). Numerical estimate seems fair, recommend classification 5 due to provided reliability estimate. NOTE this estimate is for Tsim Creek only and should only be used as a comparative figure with estimates from other years following the same methodology.","The coho estimate is for the section of Tsim Creek between Tsimtack Lake and Tsim Lake and represents only a very small portion of the Tsimtack Lake System coho spawning area.

Counts are as follows:
Oct. 16 - 82 coho
Nov. 8 - 16 coho (carcasses only)",,5,Walk,
tsimtack_lk,5,lower_grenville,2004,,UNK,72,3,Visual,,,,5,5,Y (OCT C),"6/7 inspections saw coho. Peak spawning was included in the survey period (peak survey Oct. 23, highest count Oct. 1). Peak estimate may be fair, recommend estimate changed to 72 to represent the peak count in Tsim Creek as this is comparable to other years' estimates. Recommend classification 5 due to lack of information available.  NOTE this estimate is for Tsim Creek only and should only be used as a comparative figure with estimates from other years following the same methodology.","For coho,  the peak count was 72 in Tsim Creek.",,7,Walk / Plane,
tsimtack_lk,5,lower_grenville,2005,,250,250,5,Visual,,5,5,5,5,Y (OCT B),"5/8 inspections saw coho. Many years for this stream estimate Peak in OCT B, peak survey was likely Oct. 19 (only redds seen, highest count Nov. 4). Classification 5 may be fair due to the use of a small portion of the system's population to generate a relative estimate. NOTE this estimate is for Tsim Creek only and should only be used as a comparative figure with estimates from other years following the same methodology.","Coho: Observations  9 live = Sept 10, 37 live = Sept 22, 171 live  = Oct 3, 176 live & 12 dead = Nov 4 & 32 live = Nov 17. Not sure when spawning started so entered as expert opinion and did not do an Auc. Estimate is for Tsim Creek at the head of Tsimtack Lake only, which represents only a small portion of the coho habitat in the system, but has been inspected consistently for the past several years.",,8,Walk / Plane,
tsimtack_lk,5,lower_grenville,2006,,110,110,5,Visual,,3,4,3,4,Y (OCT B),"5/7 inspections saw coho. Peak spawning was included in the survey period (peak survey Oct. 16). AUC seems fair, see AUC Recalculation. Classification 4 fair due to low resolution (only three inspections used in calculation). NOTE this estimate is for Tsim Creek only and should only be used as a comparative figure with estimates from other years following the same methodology.","*All estimates are for Tsim Creek only which is the tributary that runs into the head of Tsimtack Lake from the north. 
Coho: AUC calculations using counts of coho in Tsim Creek (not holding in lake) with 80% observer efficiency & 15 day residency = 155 and with 90% observer efficiency and 20 day residency = 105. A count of 164 coho was done on Sept 18th, however 150 of those coho were recorded as holding in the lake which could have been an over estimate or perhaps some spawned above the small pond located approx. 1.4 km upstream. Used the in stream counts to base the estimate on. ","AUC calculated with the following parameters: RT 20 days; OE 90%; actual counts from Sep. 18, Oct. 16, Nov. 8 surveys. Suggests escapement estimate 116.",7,Walk / Plane,
tsimtack_lk,5,lower_grenville,2007,,110,110,3,Visual,,3,3,3,4,Y (OCT C),"All six inspections saw coho. Many years for this stream estimate Peak spawning in OCT C, peak survey was likely Oct. 23. AUC seems fair, see AUC Recalculation. Recommend classification 4 due to low resolution (only three inspections used in calculation). NOTE this estimate is for Tsim Creek only and should only be used as a comparative figure with estimates from other years following the same methodology.","Coho - AUC calculation using the last three inspections, 25 day residency and 90% observer efficiency = 112 

All estimates are for the section inspected which is Tsim Creek from Tsimtack Lake to Tsim Lake.","AUC calculated with the following parameters: RT 25 days; OE 90%; actual counts from Sep. 18, Oct. 11, Nov. 13 surveys. Suggests escapement estimate 109.",6,Walk / Float,
tsimtack_lk,5,lower_grenville,2008,,130,130,7,Visual,,5,5,5,5,N (OCT C),6/8 inspections saw coho. Peak survey was not conducted due to gap in the survey period (Oct. 15 - Nov. 8). Recommend estimate changed to 75 to align with methodology used in other years (excludes counts of coho holding in the lake). Classification 5 seems fair due to the use of a small portion of the system's population to generate a relative estimate. NOTE this estimate is for Tsim Creek only and should only be used as a comparative figure with estimates from other years following the same methodology.,"The only creek in the Tsimtack Lake System that is inspected on a regular basis is Tsim Creek, a small creek on the north side of Tsimtack Lake. ",,8,Walk / Float,
tsimtack_lk,5,lower_grenville,2009,,220,220,7,Visual,,3,3,3,4,Y (OCT B),"7/8 inspections saw coho. Peak spawning was included in the survey period (peak survey Oct. 15). AUC seems fair, see AUC Recalculation. Recommend classification 4 due to low resolution (only three inspections used in calculation). NOTE this estimate is for Tsim Creek only and should only be used as a comparative figure with estimates from other years following the same methodology.",Coho were enumerated in Tsim Creek on a regular basis throughout the spawning season. The actual counts were used for each inspection. The counts from each inspection were entered into the AUC program using a 38 day residency time and a 90% observer efficiency to calculate the final escapement. Residency time was estimated from August 18 (first coho) to September 24 (spawning). The AUC program calculated a range from the low of 177 to as high as 270.,"AUC calculated with the following parameters: RT 38 days; OE 90%; actual counts from Oct. 3, 15, Nov. 12 surveys. Suggests escapement estimate 211.",8,Walk / Float,
tsimtack_lk,5,lower_grenville,2010,,455,455,6,Visual,,3,4,3,3,Y (OCT B),"All eight inspections saw coho. Many years for this stream estimate Peak spawning in OCT B, peak survey was likely Oct. 14. AUC seems fair, see AUC Recalculation. Recommend classification 3 due to adequate number of surveys and good coverage of run timing. NOTE this estimate is for Tsim Creek only and should only be used as a comparative figure with estimates from other years following the same methodology.","Coho: September 7 - 37 holding outside/18 holding inside, September 20 - 125 holding outside/37 holding inside, October 1 - 3 holding outside/59 holding inside, October 14 - 155 holding inside/252 spawning, October 31 - 51 holding inside/122 spawning/3 morts, November 14 - 20 holding inside/48 spawning/3 morts. An AUC calculation using 6 inspections (September 7, 20, October 1, 14 , 31 and November 14) with a residency time of 30 days and an observer efficiency of 90% suggests the estimate to be 452 coho. ",AUC calculated with the following parameters: RT 30 days; OE 90%; actual counts excluding the two surveys in August. Suggests escapement estimate 452.,8,Walk,
tsimtack_lk,5,lower_grenville,2011,,860,915,8,Visual,,5,4,5,4,Y (OCT B),"8/9 inspections saw coho. Peak spawning was included in the survey period (peak survey Oct. 16, highest count Sep. 30). Original estimate is a combination of AUC (see AUC Recalculation) and other estimate from Hartley Bay Fisheries (additional 600 fish). It is unclear what dates the Hartley Bay Fisheries inspections occurred on or if there is overlap with the fish reported on Charter Patrol SILs. Recommend original estimate method is followed with new AUC estimate (new escapement estimate 915). Classification 4 seems fair. NOTE this estimate is for Tsim Creek only and should only be used as a comparative figure with estimates from other years following the same methodology.","NOTE that all the final escapement estimates are based on a combined count from Charter Patrol Inspections (from marine estuary to lake outlet) and Hartley Bay Fisheries/Gitga'at First Nation inspections (upper lake systems). COHO estimate is a combination of Charter Patrol counts (AUC) and Hartley Bay Fisheries counts (est. 600 coho). An AUC calculation using five inspections (September 2, 14, 28, October 14, 31) with a 48 day residency time and an observer efficiency of 80% suggests the estimate to be 256 + 600 = 856. A longer residency time was used to compensate for the delayed spawning due to high water levels.","Could not match AUC to given estimate (AUC portion 256). New AUC calculated with the following parameters: RT 48 days; OE 80%; actual counts from Sep. 2, 14, 28, Oct. 14, 31. Suggests escapement estimate 314.",9,Walk / Float / Swim,
tsimtack_lk,5,lower_grenville,2012,,639,153,12,Visual,,3,3,3,4,Y (OCT C),"8/9 inspections saw coho. Peak spawning was included in the survey period (peak survey Oct. 28). Unclear how original estimate was generated, but likely includes additional sites to Tsim Creek which is usually used to enumerate this system. Recommend AUC for Tsim Creek only (see AUC Recalculation), classification 4 due to low resolution (only four inspections used in calculation). NOTE this estimate is for Tsim Creek only and should only be used as a comparative figure with estimates from other years following the same methodology.",NOTE that all final escapement estimates are based on a combined count from Charter Patrol Inspections (mouth of Tsim Creek to lake outlet) and Hartley Bay Fisheries/Gitga'at First Nation inspections (upper lake systems). COHO estimate is based on an AUC calculation using a 28 day Residency Time and an 85% Observer Efficiency. There were four inspections for Coho from the mouth of Tsim Creek to the lake and 8 coho observations on the upper lake system by Gitga'at Fisheries (expert opinion). ,"Could not match AUC to given estimate. New AUC calculated with the following parameters: RT 28 days; OE 85%; actual counts from Sep. 20, Oct. 7, 28, Nov. 14 surveys. Suggests escapement estimate 153.",9,Walk / Float / Plane,
tsimtack_lk,5,lower_grenville,2013,,400,205,6,Visual,,3,3,3,4,Y (OCT B),"5/9 inspections saw coho. Peak spawning was included in the survey period (peak survey Oct. 16, highest count Oct. 26). AUC not appropriate due to disparity in inspection locations (see SILs for details). Recommend estimate changed to 205 (highest count for Tsim Creek on Oct. 1) to maintain relativity to other years' estimates. Recommend classification 4 due to only two inspections on Tsim Creek. NOTE this estimate is for Tsim Creek only and should only be used as a comparative figure with estimates from other years following the same methodology.","Coho were enumerated on the regularly bases in Tsim Creek. This is the only creek in the lake system that was used for the final escapement. Coho were observed throughout the lake system on the sockeye inspections but there were no actual coho inspections done other than Tsim Creek. There appeared to be a good run of coho to the whole system, on one inspection 600 coho were holding at the mouth of the small creek on the unnamed pond. Tsim Creek has been enumerated consistently over the years. The information collected for coho on Tsim Creek was entered into the AUC program using 30 day RT and a 90% OE to calculate the final escapement.",AUC not appropriate.,9,Walk / Float / Plane,
tsimtack_lk,5,lower_grenville,2014,,390,390,3,Visual,,3,3,3,4,Y (OCT B),"4/5 inspections saw coho. Peak spawning was included in the survey period (peak survey Oct. 11). AUC seems fair, see AUC Recalculation. Recommend classification 4 due to low resolution. NOTE this estimate is for Tsim Creek only and should only be used as a comparative figure with estimates from other years following the same methodology.",Coho were enumerated on a regular basis in Tsim Creek. This is the only creek in the lake system that was used for the final escapement. Tsim Creek has been enumerated consistently over the years. The information collected for coho on Tsim Creek was entered into the AUC program using 30 day RT and a 85% OE to calculate the final escapement.,"AUC calculated with the following parameters: RT 30 days; OE 85%; actual counts from Sep. 9, 26, Oct. 11 surveys. Suggests escapement estimate 388.",5,Walk / Float / Heli,
tsimtack_lk,5,lower_grenville,2015,,180,180,4,Visual,,3,4,3,4,Y (OCT B),"5/8 inspections saw coho. Peak spawning was included in the survey period (peak survey Oct. 17). AUC seems fair, see AUC Recalculation. Classification 4 seems fair due to low resolution. NOTE this estimate is for Tsim Creek only and should only be used as a comparative figure with estimates from other years following the same methodology.",Four inspections were completed for coho in 2015. The actual counts for coho from each inspection was entered into the AUC program using a 45 day RT and a 90% OE to calculate the final escapement to 180. This escapement is only for Tsim Creek.,"AUC calculated with the following parameters: RT 45 days; OE 90%; actual counts from Sep. 13, 29, Oct. 17, 28. Suggests escapement estimate 178.",8,Walk / Float,
tsimtack_lk,5,lower_grenville,2016,,N/I,A/P,,Visual,,,6,,6,,"2/4 inspections saw coho, very few observed and poor coverage of run timing (last survey Oct. 7). Recommend estimate changed to A/P rather than N/I.",,,4,Walk / Float / Heli,
tsimtack_lk,5,lower_grenville,2017,,N/I,A/P,,Visual,,,6,,6,,"2/4 inspections saw coho, few observed and poor coverage of run timing (last survey Oct. 5). Recommend estimate changed to A/P rather than N/I.",,,4,Walk / Float / Heli,
tsimtack_lk,5,lower_grenville,2018,,A/P,A/P,,Visual,,,6,,6,,"All three inspections saw coho, poor coverage of run timing (last survey Oct. 21 marked as Start of spawning). A/P seems appropriate. NOTE this estimate is for Tsim Creek only and should only be used as a comparative figure with estimates from other years following the same methodology.",The total escapement for Tsim Creek was 110co.,,3,Walk / Float,
tsimtack_lk,5,lower_grenville,2019,,No record,A/P,,Visual,,,,,6,,No annual estimate in database. 1/9 inspections saw coho. Recommend A/P designation due to very few spawners seen on one occasion this season.,,,9,Walk / Heli,
tsimtack_lk,5,lower_grenville,2020,,No Record,N/I,,,,,,,6,,No SILs or SEN available. Recommend N/I.,,,,,
tsimtack_lk,5,lower_grenville,2021,,N/I,N/I,,,,,6,,6,,"2/3 inspections saw coho, very few observed on Oct. 4 and Oct. 17. N/I seems appropriate.",,,3,Walk / Heli,
tsimtack_lk,5,lower_grenville,2022,,A/P,A/P,1,Visual,,,6,,6,,"2/3 inspections saw coho, poor coverage of run timing (last survey Oct. 7) and no spawners recorded. A/P seems appropriate. NOTE this estimate is for Tsim Creek only and should only be used as a comparative figure with estimates from other years following the same methodology.",,,3,Walk / Heli,
tsimtack_lk,5,lower_grenville,2023,,A/P,N/I,,,,,6,,6,,"1/3 inspections saw coho, single spawner seen on Oct. 26 survey (marked as End of spawning). Recommend N/I as no coho were observed in Tsim Creek. NOTE this estimate is for Tsim Creek only and should only be used as a comparative figure with estimates from other years following the same methodology.",,,3,Walk,
tsimtack_lk,5,lower_grenville,2024,,N/I,N/I,,,,,6,,6,,None of the four inspections saw coho. N/I seems appropriate.,,,4,Walk / Heli,
tyler_ck,6,hecate_strait_mainland,1980,50,50,A/P,,,,,,,,N (Oct C - Nov A),"Only 2 inspections this year done before peak, not enough information to create an accurate estimate. A/P would be more appropriate.",,,2,,
tyler_ck,6,hecate_strait_mainland,1981,200,200,A/P,,,,,,,,N (Oct C - Nov A),"Only 2 inspections this year done before peak, not enough information to create an accurate estimate. A/P would be more appropriate.",,,2,,
tyler_ck,6,hecate_strait_mainland,1982,200,200,A/P,,,,,,,,N (Oct C - Nov A),"Only 3 inspections this year done before peak, not enough information to create an accurate estimate. A/P would be more appropriate.",,,3,,
tyler_ck,6,hecate_strait_mainland,1983,100,100,A/P,,,,,,,,N (Oct C - Nov A),"Only 2 inspections this year done before peak, not enough information to create an accurate estimate. A/P would be more appropriate.",,,2,,
tyler_ck,6,hecate_strait_mainland,1984,250,250,A/P,,,,,,,,N (Oct C - Nov A),"Only 2 inspections this year done before peak, not enough information to create an accurate estimate. A/P would be more appropriate.",,,2,,
tyler_ck,6,hecate_strait_mainland,1985,425,425,A/P,2,D/F,B,,,,,N (Oct C - Nov A),"Only 2 inspections this year done before peak, not enough information to create an accurate estimate. A/P would be more appropriate.",,,2,,
tyler_ck,6,hecate_strait_mainland,1986,300,300,A/P,2,1/2,2,,,,,N (Oct C - Nov A),"Only 3 inspections this year done before peak, not enough information to create an accurate estimate. A/P would be more appropriate.",,,3,,
tyler_ck,6,hecate_strait_mainland,1987,125,125,A/P,2,1/2,1,,,,,N (Oct C - Nov A),"There were 5 inspections done this year, all before peak. The reliability stated was a very low 1, not enough information to create an accurate estimate. A/P would be more appropriate.",,,5,,
tyler_ck,6,hecate_strait_mainland,1988,250,250,A/P,4,1/2,3,,,,,N (Oct C - Nov A),"There were 4 inspections done this year, all before peak. The reliability stated was a medium 3, not enough information to create an accurate estimate. A/P would be more appropriate.",,,4,,
tyler_ck,6,hecate_strait_mainland,1989,250,250,A/P,4,1/2,3,,,,,N (Oct C - Nov A),"Despite a strong number of 5 inspections done, coho was not a target and peak was missed. No rationale stated, based on past trends it is likely the estimate was the amount of coho seen on the days inspected. The timing was far off of a proper peak count, A/P is a more appropriate estimate.",,,5,,
tyler_ck,6,hecate_strait_mainland,1990,300,300,A/P,4,1/2,3,,,,,N (Oct C - Nov A),"Despite a strong number of 5 inspections done, coho was not a target and peak was missed. No rationale stated, based on past trends it is likely the estimate was the amount of coho seen on the days inspected. The timing was far off of a proper peak count, A/P is a more appropriate estimate.",,,5,,
tyler_ck,6,hecate_strait_mainland,1991,350,350,A/P,5,1/2,3,,,,,N (Oct C - Nov A),"Despite a strong number of 5 inspections done, coho was not a target and peak was missed. No rationale stated, based on past trends it is likely the estimate was the amount of coho seen on the days inspected. The timing was far off of a proper peak count, A/P is a more appropriate estimate.",,,5,,
tyler_ck,6,hecate_strait_mainland,1992,475,475,A/P,5,1/2/3,2,,,,,N (Oct C - Nov A),"Despite a strong number of 5 inspections done, coho was not a target and peak was missed. No rationale stated, based on past trends it is likely the estimate was the amount of coho seen on the days inspected. The timing was far off of a proper peak count, only saw the start. A/P is a more appropriate estimate.","Observed that lake had a fair to good showing of coho, which leads me to believe that the escapement estimate is very conservative.",,5,,
tyler_ck,6,hecate_strait_mainland,1993,325,325,A/P,6,1/2,2,,,,,N (Oct C - Nov A),"Despite a strong number of 7 inspections done, coho was not a target and peak was missed. No rationale stated, based on past trends it is likely the estimate was the amount of coho seen on the days inspected. The timing was far off of a proper peak count, A/P is a more appropriate estimate.",,,7,,
tyler_ck,6,hecate_strait_mainland,1994,450,450,A/P,,12,1,,,,,N (Oct C - Nov A),"Despite 4 inspections done, coho was not a target and peak was missed. No rationale stated, based on past trends it is likely the estimate was the amount of coho seen on the days inspected. The timing was far off of a proper peak count, A/P is a more appropriate estimate.",,,4,,
tyler_ck,6,hecate_strait_mainland,1995,175,175,A/P,,1/2,1,,,,,N (Oct C - Nov A),"Despite 4 inspections done, coho was not a target and peak was missed. No rationale stated, based on past trends it is likely the estimate was the amount of coho seen on the days inspected. The timing was far off of a proper peak count, A/P is a more appropriate estimate.",,,4,,
tyler_ck,6,hecate_strait_mainland,1996,NA,Unk.,A/P,1,1/2,1,,,,,N (Oct C - Nov A),"Only 1 inspection this year done before peak, not enough information to create an accurate estimate. A/P would be more appropriate.",,,1,,
tyler_ck,6,hecate_strait_mainland,1997,160,160,A/P,2,2,1,,,,,N (Oct C - Nov A),"Only 2 inspections this year done before peak, not enough information to create an accurate estimate. A/P would be more appropriate.",,,2,,
tyler_ck,6,hecate_strait_mainland,1998,800,800,800,4,1,3,,,,,Y (Oct C - Nov A),"4 inspections done this year, medium reliability of 3 and peak timing was seen. Enough information to create an accurate estimate, orginal estimate is likely valid.",Escapement estimate from observations during peak spawning periods. Flew into lake head of left fork fro coho count only section of system unable to inspect what was above the cascades on right fork as usual.,,4,,
tyler_ck,6,hecate_strait_mainland,1999,120,120,A/P,2,2,1,,,,,N (Oct C - Nov A),"Only 2 inspections this year done before peak, not enough information to create an accurate estimate. A/P would be more appropriate.","Escapement estimate from observations during arrival peak and near end of spawning period. Coho estimate count of fish observed holding lower reaches, will have more holding in lakes headwaters.",,2,,
tyler_ck,6,hecate_strait_mainland,2000,550,550,A/P,3,1,1,,,,,N (Oct C - Nov A),"3 inspections this year done before peak, not enough information to create an accurate estimate. A/P would be more appropriate.","Escapement estimates from observations during start and end of spawning period. Into head of lastlake by air, found fewer coho using this portion of the creek than in past years. Usually have coho jumpers showing in the lake but none observed this year.",,3,,
tyler_ck,6,hecate_strait_mainland,2001,900,900,900,7,1,2,,,,,Y (Oct C - Nov A),"7 inspections done this year, low reliability of 2 and peak was seen. Enough information to create an accurate estimate, orginal estimate is likely valid.","Estimate for all species from observations during start, peak, and end of spawning period.",,7,,
tyler_ck,6,hecate_strait_mainland,2002,1500,1500,1500,4,1,2,,,,,Y (Oct C - Nov A),"4 inspections done this year, low reliability of 2 and peak was seen. Enough information to create an accurate estimate, orginal estimate is likely valid.","Coho estimate from observations during arrival and startof spawning. Inspected watershed above lake for coho, fond coho holding in lake through to Oct. 21. also 3 sockeye seen.",,4,,
tyler_ck,6,hecate_strait_mainland,2003,460,460,460,5,1,2,,,,,Y (Oct C - Nov A),"5 inspections done this year, low reliability of 2 and peak was seen. Enough information to create an accurate estimate, orginal estimate is likely valid.",Escapement estimates from observation from arrival to end of spawning period.,,5,,
tyler_ck,6,hecate_strait_mainland,2004,1000,1000,1000,5,,,,,1,5,Y (Oct C - Nov A),"Orignial escapement estimate for this year was listed at 1000. There is no information in the estimate rationale as to how this was reached. Peak timing was seen, Judging from the yearly SILs, 1000 was the peak count taken on November 6th. Recommend that the original estimate is valid, with a reliability of 5 and method of 1.",,,5,,
tyler_ck,6,hecate_strait_mainland,2005,NA,A/P,313,3,,,5,6,1,5,N (Oct C - Nov A),"Peak timing was not seen, however there was an inspection taken on October 8th that is fairly close, enough to have a low reliability peak count. Recommend that the peak count of 313 from the peak inspection stated in the rationale is valid, with a reliability of 5 and method of 1.","Peak count for coho was 330. From the last inspection assume that the 313 seen below the lake would spawn there and that approx. the same number would spawn above the lake. Would estimate the total escapement to exceed 600. No counts were made on the spawning area above the lake, the estimate is based on past knowledge.
",,3,,
tyler_ck,6,hecate_strait_mainland,2006,NA,A/P,A/P,4,,,5,6,,6,N (Oct C - Nov A),"Escapement estimate is valid. Peak timing was not seen, not enough information to generate an escapement estimate.","Coho estimate from coho observed holding in lower half of creek. Escapement estimate of 300 coho, 600 pink and 2750 chum.
",,4,,
tyler_ck,6,hecate_strait_mainland,2007,NA,A/P,130,4,,,5,6,1,5,Y (Oct C - Nov A),"Original estimate was stated as A/P. However peak timing was seen and there was an inspection taken on November 9th that can provide a low reliability peak count. Recommend that the peak count of 130 from the peak inspection stated in the rationale is valid, with a reliability of 5 and method of 1.","Coho - Highest single count 130.
",,4,,
tyler_ck,6,hecate_strait_mainland,2008,350,350,350,3,,,5,5,5,5,Y (Oct C - Nov A),"Original estimate was stated as 350. Peak timing was seen, however the peak inspection found in the SIL from October 14th only shows an estimated 260 seen.This is still slightly before true peak timing for this stream. Estimate was derived from an expert opinion taken into account past years inspections. Recommend that the original estimate is valid with low reliability.",Coho during the Oct. inspection visited all usual coho spawning and holding sites other than creek at head of lakes and spawning riffles and holding pools in left fork. Compared numbers at inspected sites to past estimates for these sites and extrapolated this comparison to estimate coho using the two areas not inspected this season.,,3,,
tyler_ck,6,hecate_strait_mainland,2009,NA,A/P,A/P,2,,,6,6,,6,Y (Oct C - Nov A),Escapement estimate is valid. Not enough information to generate a reliable escapement estimate.,Coho counts totaling 707 for the two inspection suggest that return was likely average or slightly better than average.,,3,,
tyler_ck,6,hecate_strait_mainland,2010,NA,A/P,A/P,4,,,,6,,6,Y (Oct C - Nov A),"Pink and chum are the target species for this stream. Escapement estimate is valid. Coho were seen as there were 4 inspections done including peak timing. Inspection quality was poor, with poor countability. Not enough information to generate an escapement estimate, A/P is valid. However it is possible that this year could be reviewed and a moderately accurate estimate could be found from a peak count.", Coho started to show off creek mouth in early August and didn't enter until after rains at end of month. Minimum Coho escapement estimate of 400 based on coho seen holding through creek below cascades before lakes.,,4,,
tyler_ck,6,hecate_strait_mainland,2011,NA,A/P,A/P,2,,,5,6,,6,N (Oct C - Nov A),"Pink and chum are the target species for this stream. Escapement estimate is valid. Coho were seen but there were only 2 inspections done before peak timing, not enough information to generate an escapement estimate.","Estuary and in stream counts and estimates during arrival off stream, arrival in stream, start and peak of spawning period for pink and chum. Coho arrival off stream and arrival in stream.",,2,,
tyler_ck,6,hecate_strait_mainland,2012,NA,A/P,A/P,2,,,5,6,,6,N (Oct C - Nov A),"Pink and chum are the target species for this stream. Escapement estimate is valid. Coho were seen but there were only 2 inspections done before peak timing, not enough information to generate an escapement estimate.","Off stream arrival and in stream arrival for Coho.

Counted total of 85 Coho holding in stream during two inspections this season. Low count suggests a weak Coho return.",,2,,
tyler_ck,6,hecate_strait_mainland,2013,NA,,N/I,,,,,,,,,Not inspected this year.,,,,,
tyler_ck,6,hecate_strait_mainland,2014,NA,A/P,A/P,3,,,5,6,,6,N (Oct C - Nov A),"Escapement estimate is valid. Peak timing was not seen, not enough information to generate an escapement estimate.","Off stream arrival, in stream arrival for coho.",,3,,
tyler_ck,6,hecate_strait_mainland,2015,NA,A/P,A/P,3,,,5,5,5,5,N (Oct C - Nov A),"Escapement estimate is valid. Peak timing was not seen, not enough information to generate an escapement estimate.","From observation at arrival off stream, in stream and at start of pink spawning and at peak of chum spawning, coho count from fish seen holding. ",,4,,
tyler_ck,6,hecate_strait_mainland,2016,NA,A/P,A/P,3,,,5,6,,6,N (Oct C - Nov A),"Escapement estimate is valid. Peak timing was not seen, not enough information to generate an escapement estimate. ",,,3,,
tyler_ck,6,hecate_strait_mainland,2017,NA,N/I,N/I,,,,,6,,6,,Not inspected this year.,Not inspected.,,,,
tyler_ck,6,hecate_strait_mainland,2018,NA,A/P,A/P,1,,,,6,,6,N (Oct C - Nov A),"Escapement estimate is valid. Peak timing was not seen, not enough information to generate an escapement estimate.",,,1,,
tyler_ck,6,hecate_strait_mainland,2019,280,280,A/P,,,,,6,,6,N (Oct C - Nov A),"Escapement estimate is valid, A/P is more approproate. No information listed in the rationale, classification listed as 6. Peak timing was not seen, not enough information to generate an escapement estimate.",,,3,,
tyler_ck,6,hecate_strait_mainland,2020,NA,N/I,N/I,,,,,6,,6,N (Oct C - Nov A),Not inspected this year.,,,3,,
tyler_ck,6,hecate_strait_mainland,2021,A/P,A/P,A/P,2,,,12,6,,6,N (Oct C - Nov A),"No rationale stated, peak timing was missed. Original estimate of A/P is valid.",,,3,,
tyler_ck,6,hecate_strait_mainland,2022,A/P,A/P,A/P,3,,,,6,,6,N (Oct C - Nov A),"No rationale stated, peak timing was missed. Original estimate of A/P is valid.",,,3,,
tyler_ck,6,hecate_strait_mainland,2023,,,,,,,,,,,,No data available for this year.,,,,,
tyler_ck,6,hecate_strait_mainland,2024,,,,,,,,,,,,No data available for this year.,,,,,
wahoo,6,gardner_channel,1980,,200,200,4,,,,,,5,N (OCT),"No SILs available. Peak survey was not conducted due to early end to survey period (last survey Sep. 16). Numerical estimate may be fair, recommend classification 5 due to lack of information available.",,,4,,
wahoo,6,gardner_channel,1981,,700,700,3,,,,,,5,N (OCT),"No SILs available. Peak survey was not conducted due to early end to survey period (last survey Sep. 7). Numerical estimate may be fair, recommend classification 5 due to lack of information available.",,,3,,
wahoo,6,gardner_channel,1982,,500,500,,,,,,,5,UNK (OCT),"No SILs available. Unclear if peak survey was conducted, no survey dates provided. Numerical estimate may be fair, recommend classification 5 due to lack of information available.",,,,,
wahoo,6,gardner_channel,1983,,300,300,,,,,,,5,N (OCT),"No SILs available. Peak survey was not conducted due to early end to survey period (last survey Sep. 14). Numerical estimate may be fair, recommend classification 5 due to lack of information available.",,,2,,
wahoo,6,gardner_channel,1984,,450,450,,,,,,,5,UNK (OCT),"No SILs available. Unclear if peak survey was conducted, no survey dates provided. Numerical estimate may be fair, recommend classification 5 due to lack of information available.",,,,Float / Plane,
wahoo,6,gardner_channel,1985,,500,500,1,Visual,C,,,,5,N (OCT),"No SILs available. Peak survey was not conducted due to early end to survey period (last survey Sep. 8). Numerical estimate may be fair, recommend classification 5 due to provided reliability estimate.",,,3,Walk / Float,
wahoo,6,gardner_channel,1986,,600,600,2,Visual,3,,,,4,N (OCT),"No SILs available. Peak survey was not conducted due to early end to survey period (last survey Sep. 8). Numerical estimate may be fair, recommend classification 4 due to provided reliability estimate.",,,3,Walk / Float / Plane / Strip Count,
wahoo,6,gardner_channel,1987,,250,250,2,Visual,3,,,,4,N (OCT),"No SILs available. Peak survey was not conducted due to early end to survey period (last survey Sep. 8). Numerical estimate may be fair, recommend classification 4 due to provided reliability estimate.",,,3,Walk / Plane,
wahoo,6,gardner_channel,1988,,N/O,N/O,,Visual,1,,,,6,N (OCT),"No SILs available. No mention of coho in comments, N/O seems appropriate.",,,3,Walk / Plane,
wahoo,6,gardner_channel,1989,,N/O,N/O,,,,,,,6,,"No SILs available. No mention of coho in comments, N/O seems appropriate.",,,4,,
wahoo,6,gardner_channel,1990,,N/I,N/I,,,,,,,6,,"No SILs available. No mention of coho in comments, N/I seems appropriate.",,,3,,
wahoo,6,gardner_channel,1991,,20,20,,,2,,,,5,UNK,"No SILs available. Unclear if peak survey was conducted, last survey of the season was Oct. 4. Candidate for A/P designation.",,,8,,
wahoo,6,gardner_channel,1992,,400,400,,Visual,1,,,,5,UNK,"No SILs available. Peak survey was likely not conducted due to early end to the survey period (last survey Aug. 21). Numerical estimate may be fair, recommend classification 5 due to provided reliability estimate.",Coho present until the end of system.,,3,Walk / Float / Heli,
wahoo,6,gardner_channel,1993,,UNK,N/I,,,,,,,6,UNK,"No SILs available. Peak survey was likely not conducted due to early end to survey period (last survey Aug. 20). No mention of coho in comments, recommend N/I designation.",,,2,,
wahoo,6,gardner_channel,1994,,530,530,,Visual,1,,,,5,N (OCT),"No SILs available. Peak survey was not conducted due to early end to survey period (last survey Sep. 22). Numerical estimate may be fair, recommend classification 5 due to provided reliability estimate.","Coho count was done by helicopter on Aug. 30, no other coho inspections made.",,4,Walk / Float / Plane / Heli,
wahoo,6,gardner_channel,1995,,20,20,,Visual,1,,,,6,N (OCT),No SILs available. Peak survey was not conducted due to early end to survey period (last survey Aug. 24). Candidate for N/I or A/P designation due to low observation and extremely early end to survey period.,No coho inspections made this season.,,3,Walk / Float / Heli,
wahoo,6,gardner_channel,1996,,1200,1200,,Visual,1,,,,6,N (OCT),"No SILs available. Peak survey was not conducted due to early end to survey period (last survey Sep. 5). Numerical estimate seems fair, recommend classification 5 due to provided reliability estimate.",Coho escapement based on one helicopter flight (Sep. 5).,,4,Walk / Float / Heli,
wahoo,6,gardner_channel,1997,,120,120,1,Visual,1,,,,6,N (OCT),"No SILs available. Peak survey was not conducted due to early end to survey period (last survey Aug. 30). Numerical estimate may be fair, recommend classification 5 due to provided reliability estimate. Candidate for N/I or A/P.",Coho escapement number is the actual count.,,5,Heli,
wahoo,6,gardner_channel,1998,,N/I,N/I,0,,,,,,6,UNK,"No SILs available. N/I may be fair, candidate for A/P.","Only few coho were observed in the Wahoo River from the helicopter flight on Aug. 19, no other coho inspections were done this season.",,3,,
wahoo,6,gardner_channel,1999,,450,450,1,Visual,1,,,,5,Y (NOV),"No SILs available. Peak spawning was included in the spawning period (peak survey Nov. 13). Numerical estimate seems fair, recommend classification 5 due to provided reliability estimate.","2 helicopter flights were done this season to enumerate coho, the first on Oct. 28 and the second on Nov. 13. Both flights had ideal conditions for counting coho.",,2,Heli,
wahoo,6,gardner_channel,2000,,2000,2000,3,Visual,3,,,,4,Y (NOV B),"No SILs available. Peak spawning was included in the spawning period (peak survey Nov. 11). Numerical estimate seems fair, recommend classification 4 due to provided reliability estimate.","An extra effort was placed on determining the coho escapement to this river. Two helicopter flights were timed to count in the best conditions to cover the expected peak of the coho run. 
Counts are as follows: Aug. 30 - 350; Oct. 21 - 1690; Nov. 11 - 1230, est. total to date 2000.",,3,Heli,
wahoo,6,gardner_channel,2001,,2600,2600,4,Visual,2,,,,4,Y (NOV B),"No SILs available. Peak spawning was included in the spawning period (peak survey Nov. 18). Numerical estimate seems fair, recommend classification 4 due to provided reliability estimate.",Coho escapement is based on two helicopter inspections of the entire river. The actual counts were used on both inspections and it was estimated on the Nov. 18 count that 600 fish were new.,,6,Heli,
wahoo,6,gardner_channel,2002,,2200,2200,4,Visual,2,,,,4,Y (OCT B),"No SILs available. Peak spawning was included in the spawning period (peak survey Oct. 14). Numerical estimate seems fair, recommend classification 4 due to provided reliability estimate.",Coho escapement was estimated from 4 helicopter inspections of the entire river. It is estimated that the majority of coho run were enumerated on the inspection of October 14. There were not many new coho entering after this date.,,7,Heli,
wahoo,6,gardner_channel,2003,,1800,1800,4,Visual,1,,,,5,N (OCT C),"No SILs available. Peak survey was not conducted due to gap in survey period (Aug. 25 - Nov. 1). Numerical estimate seems fair, recommend classification 5 due to provided reliability estimate.","The final coho escapement was calculated from the actual counts done from a helicopter in November and comparing this escapement to previous years for determining the October count. The mid October counts in years 200 to 2002 have been considerably higher than the November counts. The October helicopter inspection was cancelled because of high water this year.
Counts are as follows: Aug. 25 - 60 coho; Nov. 1 - 620 coho; Nov. 20 - 160 coho, est. escapement to date 1800.",,7,Heli,
wahoo,6,gardner_channel,2004,,2000,2000,2,Visual,,,,5,5,N (NOV A),3/6 inspections saw coho. Peak survey was not conducted due to gap in survey period (Sep. 14 - Nov. 11). Original estimate was made by comparing this year's count (770 obs.) to estimates in previous years with similar run timing. Recommend classification 5 due to basis of estimate on a single survey.,Coho escapement count was done a little later than normal because of weather. The estimate was derived by comparing the actual count from this season to previous years information. This escapement estimate is a comparative estimate and is used for the purpose of fisheries management.,,6,Walk / Float / Heli,
wahoo,6,gardner_channel,2005,,1400,1400,2,Visual,,5,5,5,5,Y (OCT C),3/4 inspections saw coho. Peak spawning was included in the survey period (Oct. 20). Original estimate is a peak estimate from Oct. 20 (1333 obs.). Classification 5 fair due to basis of estimate on a single survey.,"Two coho inspections were completed on this system. The first inspection was coho that were observed on the chinook flight on August 25. The second helicopter inspection was a dedicated coho inspection. The final escapement estimate is based on the one inspection on October 20, assuming the majority of coho were already in the river. This assumption was based on previous years when several inspections were completed. ",,4,Float / Heli,
wahoo,6,gardner_channel,2006,,400,400,1,Visual,,5,5,5,5,N (NOV A),"3/6 inspections saw coho. Peak survey was not conducted due to early end to the survey period (last survey Oct. 30). Original estimate is an unexpanded peak count, represents minimum observed escapement. Classification 5 fair due to basis of estimate on a single survey.", A helicopter inspection was completed on October 30 to enumerate coho. This number reflects the total run size as most of the coho are already in the system and holding in pools.,,6,Walk / Float / Heli,
wahoo,6,gardner_channel,2007,,600,929,2,Visual,,5,5,3,4,Y (NOV),"6/7 inspections saw coho. Peak spawning was included in the survey period (peak survey Nov. 4). Original estimate is an expansion of the peak survey (540 obs.). Recommend AUC, see AUC Recalculation. Recommend classification 4 due to low resolution.",A helicopter inspection was completed on November 4 to enumerate coho. This number reflects the total run size as most of the coho are already in the system and holding in pools.,"AUC calculation: RT 50 days; OE 90%; actual counts (Aug. 15, Sep. 2, Nov. 4), suggests escapement estimate 929.",7,Walk / Float / Heli,
wahoo,6,gardner_channel,2008,,665,665,2,Visual,,5,4,5,5,N (NOV),"3/5 inspections saw coho. Peak survey was not conducted due to early end to the survey period (last survey Oct. 30). Original estimate is an unexpanded peak count, represents minimum observed escapement. Recommend classification 5 due to basis of estimate on a single survey.",A helicopter inspection was completed on October 30 to enumerate coho. This number should be comparable to past estimates as similar methodology  is used each year.,,5,Float / Heli,
wahoo,6,gardner_channel,2009,,3660,3660,1,Visual,,5,5,5,5,N (NOV A),"5/9 inspections saw coho. Peak survey was not conducted due to early end to the survey period (last survey Oct. 19). Original estimate is an unexpanded peak count, represents minimum observed escapement. Classification 5 fair due to basis of estimate on a single survey.",A helicopter inspection was completed on October 19 to enumerate coho. This number reflects the total run size as most of the coho are already in the system and holding in pools.,,9,Walk / Float / Heli,
wahoo,6,gardner_channel,2010,,830,1563,2,Visual,,5,5,3,4,N (NOV A),"7/9 inspections saw coho. Peak survey was not conducted due to early end to the survey period (last survey Oct. 28). Original estimate is an unexpanded peak count, represents minimum observed escapement. Recommend AUC, see AUC Recalculation. Recommend classification 4 due to low resolution and incomplete coverage of run timing.",A helicopter inspection was completed on October 28 to enumerate coho. This number reflects the total run size as most of the coho are already in the system and holding in pools.,"AUC calculation: RT 50 days; OE 90%; actual counts (Aug. 10, 29, Oct. 28), suggests escapement estimate 1563.",9,Walk / Float / Heli,
wahoo,6,gardner_channel,2011,,820,820,1,Visual,,5,5,5,5,Y (OCT C),"4/7 inspections saw coho. Peak spawning was included in the survey period (peak survey Oct. 20). Original estimate is a peak estimate, reported escapement represents minimum observed escapement. Classification 5 fair due to basis of estimate on single survey.",On October 20 a coho count was conducted by helicopter of the entire river. The total count for the one inspection was used as the annual escapement as this count is done annually at a similar timing and the count is used as a comparative number to previous years.,,7,Walk / Float / Heli,
wahoo,6,gardner_channel,2012,,2750,2750,1,Visual,,5,5,5,5,N (NOV A),"5/10 inspections saw coho. Peak survey was not conducted due to early end to survey period (last survey Oct. 24). Original estimate is an unexpanded peak count, reported escapement represents minimum observed escapement. Classification 5 fair due to basis of estimate on single survey.",A Coho count was conducted on October 23 by helicopter of the entire river. The total count for the one inspection was used as the annual escapement as this count is done annually at a similar timing and the count is used as a comparative number to previous years.,,10,Walk / Float / Heli,
wahoo,6,gardner_channel,2013,,1150,1150,2,Visual,,5,5,5,5,Y (OCT C),8/9 inspections saw coho. Peak spawning was included in the survey period (peak survey Oct. 23). Original estimate is an unexpanded peak count from from the Oct. 23 heli inspections. Classification 5 may be fair due to primary basis of estimate on a single survey.,A coho count was conducted on Oct. 23 by helicopter of the entire river. The total count for the 1 inspection was used as the annual escapement as this count is done annually at a similar timing and the count is used as a comparative number to previous years.,,9,Walk / Float / Heli,
wahoo,6,gardner_channel,2014,,515,1027,1,Visual,,5,5,3,4,N (NOV),"6/9 inspections saw coho. Peak survey was not conducted due to early end to survey period (last survey Oct. 26). Original estimate is an unexpanded peak count, reported escapement represents minimum observed escapement. Recommend AUC, see AUC Recalculation. Recommend classification 4 due to low resolution.",A coho count was conducted on October 26 by helicopter of the entire river. The total count for the 1 inspection was used as the annual escapement as this count is done annually at a similar timing and the count is used as a comparative number to previous years.,"AUC calculation: RT 50 days; OE 90%; actual counts (Aug. 14, Sep. 3, Oct. 26), suggests escapement estimate 1027.",9,Walk / Float / Heli,
wahoo,6,gardner_channel,2015,,650,650,6,Visual,,,6,5,5,N (NOV A),"7/8 inspections saw coho. Peak survey was not conducted due to early end to survey period (last survey Oct. 26). Original estimate seems to be the sum of the counts on Sep. 4 (200) and Oct. 26 (460). Classification 6 not appropriate for numerical estimate, recommend classification 5.",On October 26 a helicopter inspection was done of the entire river for coho. Conditions were excellent for enumerating coho. The total count for the 1 inspection was used as the annual escapement as this count is done annually at a similar timing and the count is used as a comparative number to previous years. Recording the minimum observed was preferred over stating AP.,,8,Walk / Float / Heli,
wahoo,6,gardner_channel,2016,,2150,3460,5,Visual,,1,4,3,4,N (OCT C),"6/8 inspections saw coho. Peak survey was not conducted due to early end to the survey period (last survey Oct. 17). Original estimate is an unexpanded peak count, reported escapement represents minimum observed escapement. Recommend AUC, see AUC Recalculation. Classification 4 fair due to low resolution.",On October 17 a helicopter inspection was done of the entire river for coho. Conditions were excellent for enumerating coho. The total count for the 1 inspection was used as the annual escapement as this count is done annually at a similar timing and the count is used as a comparative number to previous years. Recording the minimum observed was preferred over stating AP.,"AUC calculation: RT 50 days; OE 90%; actual counts (Aug. 10, 25, Sep. 4, Oct. 17), suggests escapement estimate 3460.",8,Float / Heli,
wahoo,6,gardner_channel,2017,,2250,2738,6,Visual,,5,5,3,4,Y (OCT C),"6/8 inspections saw coho. Peak spawning was included in the survey period (peak survey Oct. 30, highest count Oct. 13). Original estimate is an unexpanded peak count, reported escapement represents minimum observed escapement. Recommend AUC, see AUC Recalculation. Recommend classification 4 due to low resolution.",On October 13 a helicopter inspection was done of the entire river for coho. Conditions were excellent for enumerating coho. The total count for the 1 inspection was used as the annual escapement as this count is done annually at a similar timing and the count is used as a comparative number to previous years. Recording the minimum observed was preferred over stating AP. Another inspection was done on October 30 to collect coho DNA samples. There were only about 200 coho remaining in the river.,"AUC calculation: RT 50 days; OE 90%; actual counts (Aug. 10, 24, Sep. 6, Oct. 13), suggests escapement estimate 2738.",8,Float / Heli,
wahoo,6,gardner_channel,2018,,650,644,6,Visual,,3,3,3,4,Y (OCT C),"6/9 inspections saw coho. Peak spawning was included in the survey period (peak survey Oct. 23). AUC fair, see Annual Est. Rationale. Recommend classification 4 due to adequate number of surveys, but no surveys after peak.",The annual coho escapement was derived by entering the counts from each inspection into the AUC program using a 60 day RT and a 90% OE to calculate the final escapement of 650. ,AUC calculation given provides reasonable match.,9,Walk / Float / Heli,
wahoo,6,gardner_channel,2019,,No Record,500,,Visual,,,,1,5,Y (OCT C),"No annual estimate in database. 4/9 inspections saw coho. Peak timing for this stream is usually estimated in OCT C, it is likely that peak spawning was included in the survey period (peak survey Oct. 29, highest count Sep. 5). Recommend 500 for estimate (count from Sep. 5 survey). Recommend classification 5 due to no original estimate provided.",,,9,Walk / Float / Heli,
wahoo,6,gardner_channel,2020,,1540,1533,6,Visual,,3,3,3,4,N (OCT B),"6/9 inspections saw coho. Peak survey was not conducted due to gap in survey period (Oct. 8 - Oct. 22). AUC fair, see Annual Est. Rationale. Recommend classification 4 due to adequate number of surveys, but potentially missed peak survey.",The annual coho escapement is based on the 6 helicopter inspections of the entire river. The actual count from each inspection was entered into the AUC program using a 50 day RT and a 90% OE to calculate the final escapement of 1540,AUC calculation given provides reasonable match.,9,Float / Heli,
wahoo,6,gardner_channel,2021,,1500,1505,3,Visual,,3,3,3,4,N (OCT C),"5/8 inspections saw coho. Peak survey was not conducted due to gap in survey period (Oct. 19 - Nov. 2). AUC fair, see Annual Est. Rationale. Recommend classification 4 due to adequate number of surveys, but potentially missed peak survey.", The coho annual escapement is based on the 3 helicopter inspections of the entire river. The information collected on each inspection was entered into the AUC program using a 50 day RT and a 95% OE to calculate the final escapement.,AUC calculation given provides reasonable match.,8,Walk / Float / Heli,
wahoo,6,gardner_channel,2022,,680,677,3,Visual,,3,3,3,4,Y (NOV A),"5/8 inspections saw coho. Peak spawning was included in the survey period (peak spawning Nov. 2, highest count Oct. 3). AUC fair, see Annual Est. Rationale. Recommend classification 4 due to low resolution (only 3 counts used in AUC).",The annual coho escapement was derived from the 3 overflights of the river. The counts from each inspection was entered into the AUC program using a 50 day RT and a 95% OE to calculate the final escapement,AUC calculation given provides reasonable match.,8,Walk / Float / Heli,
wahoo,6,gardner_channel,2023,,800,800,6,Visual,,3,3,3,4,N (NOV),"6/8 inspections saw coho. Peak survey was not conducted due to early end to the survey period (last survey Oct. 28). AUC fair, see Annual Est. Rationale. Recommend classification 4 due to adequate number of surveys, but no surveys after peak.",The actual coho counts from the 6 helicopter inspections were entered into the AUC program using a 45 day RT and a 95% OE to calculate the final 2023 coho escapement.,AUC calculation given provides reasonable match.,8,Walk / Float / Heli,
wahoo,6,gardner_channel,2024,,870,918,5,Visual,,3,4,3,4,Y (OCT C),"5/6 inspections saw coho. Peak spawning was included in the survey period (peak survey Oct. 24). AUC fair, see AUC Recalculation. Classification 4 seems fair due to adequate number of surveys, but no surveys after peak.",The annual coho escapement was derived by entering the counts into the AUC program using a 50 day RT and a 90% OE,"AUC calculation: RT 50 days; OE 90 days; actual counts, suggests escapement estimate 918.",6,Walk / Float / Heli / Plane,
west_arm,6,hecate_strait_mainland,1980,NA,N/O,N/O,1,,,,,,,N (Oct C),"Only 1 inspection this year before peak, N/O estimate is valid.",,,1,,
west_arm,6,hecate_strait_mainland,1981,100,100,A/P,,,,,,,,N (Oct C),"Only 2 inspections this year, both done before peak. No rationale included, no method or reliability. Pink and chum were the target species, estimate likely just the amount of Coho seen on inspections. Could be switched to A/P.",,,2,,
west_arm,6,hecate_strait_mainland,1982,75,75,A/P,,,,,,,,N (Oct C),"Only 1 inspection this year, done before peak. No rationale included, no method or reliability. Pink and chum were the target species, estimate likely just the amount of Coho seen on inspection. Could be switched to A/P.",,,1,,
west_arm,6,hecate_strait_mainland,1983,NA,N/I,N/I,,,,,,,,,"Stream not inspected this year, N/I is valid.",,,,,
west_arm,6,hecate_strait_mainland,1984,100,100,A/P,,,,,,,,,"No rationale, # of inspections, method, or reliability stated. Switch to A/P is recommended.",,,,,
west_arm,6,hecate_strait_mainland,1985,75,75,A/P,,F,C,,,,,N (Oct C),"Only 2 inspections this year, both done before peak. No rationale included, reliability is a low 1. Pink and chum were the target species, estimate likely just the amount of Coho seen on inspections. Could be switched to A/P.",,,2,,
west_arm,6,hecate_strait_mainland,1986,300,300,A/P,1,1,1,,,,,N (Oct C),"Only 1 inspection this year, done before peak. No rationale included, reliability is a low 1. Pink and chum were the target species, estimate likely just the amount of Coho seen on inspection. Could be switched to A/P.",,,1,,
west_arm,6,hecate_strait_mainland,1987,250,250,250,1,1,1,,,,,Y (Oct C),"Only 1 inspection this year, during peak. No rationale included, reliability is a low 1. Pink and chum were the target species, estimate likely just the amount of Coho seen on inspection. Could be switched to A/P. but a peak count is likely valid.",,,1,,
west_arm,6,hecate_strait_mainland,1988,NA,N/O,N/O,1,1,1,,,,,N (Oct C),"Only 1 inspection this year before peak, N/O estimate is valid.",Little time was spent on this system this year.,,1,,
west_arm,6,hecate_strait_mainland,1989,NA,N/O,N/O,,1,1,,,,,N (Oct C),"Only 2 inspections this year before peak, N/O estimate is valid.",Little time was spent on this system this year.,,2,,
west_arm,6,hecate_strait_mainland,1990,NA,Unk.,A/P,1,1,1,,,,,N (Oct C),"Only 1 inspection this year before peak, A/P estimate would be more appropriate.",,,1,,
west_arm,6,hecate_strait_mainland,1991,NA,N/O,N/O,1,,,,,,,N (Oct C),"Only one inspection this year before peak, N/O estimate is valid.",,,1,,
west_arm,6,hecate_strait_mainland,1992,NA,N/O,N/I,,,,,,,,N (Oct C),"In the SEN under dates of inspection it says ""not inspected"" but N/O is listed, should be switched to N/I.",,,0,,
west_arm,6,hecate_strait_mainland,1993,NA,N/I,N/O,,,,,,,,N (Oct C),"Only 2 inspections this year before peak, N/O estimate would be more appropriate.",,,2,,
west_arm,6,hecate_strait_mainland,1994,NA,N/I,N/O,,,1,,,,,N (Oct C),"Only 2 inspections this year before peak, N/O estimate would be more appropriate.",,,2,,
west_arm,6,hecate_strait_mainland,1995,60,60,A/P,2,1,3,,,,,N (Oct C),"Rationale states that no coho inspection was made this season, the estimate is the actual amount counted. Both inspections were done before peak, switch to A/P would be more appropriate.",No coho inspection made this season. Coho number is the actual amount counted.,,2,,
west_arm,6,hecate_strait_mainland,1996,60,60,A/P,1,1,1,,,,,N (Oct C),"Rationale states that no coho inspection was made this season, the estimate is the actual amount counted. One inspection was done before peak, switch to A/P would be more appropriate.",No coho inspection made this season. Coho number is the actual amount counted.,,1,,
west_arm,6,hecate_strait_mainland,1997,60,60,A/P,1,1,1,,,,,N (Oct C),"Escapement estimate was taken from the amount observed on a single inspection before peak, A/P is more appropriate.",Escapement figures are the actual count on Sep. 22.,,1,,
west_arm,6,hecate_strait_mainland,1998,120,120,A/P,1,1,2,,,,,N (Oct C),"Escapement estimate was taken from the amount observed on a single inspection before peak, A/P is more appropriate.","This system was not inspected until after the peak for pink & chum. the escapement was estimated from the inspection on oct. 4. the coho escapement is the actual count from the inspection of oct. 4.
juvenile coho sampling was done in this creek on oct. 4 & 9 by the dfo charter vessels bluefin 11 & the surfbird. a couple of blocks were logged on the west side of the creek this summer.",,2,,
west_arm,6,hecate_strait_mainland,1999,25,25,A/P,1,1,1,,,,,N (Oct C),"Escapement estimate was taken from the amount observed on a single inspection before peak, A/P is more appropriate.",Peak spawning count for pink & chum. coho escapement was the actual count from the sept. 26 inspection.,,1,,
west_arm,6,hecate_strait_mainland,2000,250,250,A/P,1,1,2,,,,,N (Oct C),"Escapement estimate was taken from the amount observed on a single inspection before peak, A/P is more appropriate.","A coho inspection was done on Oct. 3 from the mouth to the headwaters. Coho were found throughout the system. Some coho were observed in the lake but it would be impossible to determine how many. Sockeye were observed at the mouth of the creek flowing into the lake, spawning on gravel on the west side of the lake & at the outflow of the lake. Lower numbers of coho fry were observed on the coho juvenile sampling program.
Active logging in West Arm Creek this summer. Logging finished in November & roads deactivated.",,1,,
west_arm,6,hecate_strait_mainland,2001,2114,2114,2114,,10,4,,,,,Y (Oct C),"This was the first year that the STAD conducted a coho counting fence on West Arm creek. Peak was seen, original estimate is valid.","North Coast Stock Assessement is in the process of establishing an adult coho counting fence on this system. For this year a partial fence was established and between Aug 31 and Oct. 18th, 447 coho were captured and tagged. Between Sept. 08 and Nov. 12th, 19 walks and/or floats on the main river and 9 walks on the tributary were completed. An area under the curve estimate of 2114 for the system was made assuming a 37 day residence time and 67% observer efficiency. The 2114 estimate is still (Feb.21/02) described as preliminary.
The following counts of other salmon species were:
Aug. 19 - 25 pink
Aug. 27 - 153 pink, 16 chum Sept. 4 - 608 pink, 141 chum Sept. 7 - 1196 pink, 118 chum
Oct. 5 - 1647 pink, 65 chum, 15 sockeye Oct. 14 - 529 pink, 24 chum, 8 sockeye.
The counts between Aug 27 and Oct 14 were complete counts downstream of the lake. Only a few pinks were counted upstream of the lake. The Aug. 19th inspection was a spot check only. No escapement estimate is made for any of the other species because of the large time gap between the Sept. 7th and Oct. 5 inspections.",,1,,
west_arm,6,hecate_strait_mainland,2002,813,813,813,,9,4,,,,,Y (Oct C),"STAD conducted a coho counting fence on West Arm creek this season. There were some breaches to the fence during the season, but a reliability of 4 is strong. Peak was seen, original estimate is valid.","A counting fence was operated by the Department from August 14th to Oct. 27th. The fence was breeched several times and was not fishproof for the following days: Sept. 3, 4, 9, and 18th, Oct. 2nd and 13th. Counts through the fence were: 12 sockeye, 5 coho, 3 coho jacks, 207 pink and 112 chum. In addition, 8 sockeye, 200 pink and 15 chum were reported to have spawned below the fence. Coho were seined near the fence and marked. In total 279 adult and 92 jack coho were tagged. the coho escapement estimate of 813 adults is based on tag recovery surveys.",,1,,
west_arm,6,hecate_strait_mainland,2003,1138,1138,1138,,10,5,,,,,Y (Oct C),"STAD conducted a coho counting fence on West Arm creek this season. There was a strong reliability of 4. Peak was seen, original estimate is valid.","DFO (Stock Assessment installed a fence on the system. Installed August 23 and removed October 28. Pinks and chums were observed above the fence prior to the 23rd. A section of stream was swam above the fence on the 23rd numerous pinks and chums were seen but no coho observed. the first coho were seen August 27 and three were captured that day. A total of 603 coho (564 adult, 39 jacks) were captured. Note capture methods included the fence, beach seining and angling. coho were tagged from August 27th to Oct 23. 24 coded wire tagged heads were collected, 21 at the fence and 3 from dead pitch on the spawning grounds. Stream surveys to determine tag distribution and number of tagged and untagged were carried out from Sept. 11 to nov. 4. Adult fence count was 355 coho (328 adults, 27 jacks) 897 pink, 217 chum and 41 sockeye. The mark recapture estimate is 8 adults with 95% confidence intervals of 1094 to 1186. The jack estimate us 73 with 95% CI of 60 to 94. All escapement estimates are based on information collected at the counting fence facility.",,1,,
west_arm,6,hecate_strait_mainland,2004,582,582,582,,,,,,8,1,Y (Oct C),"An estimate method and clasification were not provided for 2004, however looking at other years where STAD had the same coho counting fence, it would likely be a method of 8, and clasification of 2. Due to the enumeration method used, and the claimed confidence level of 95%, this escapement assessment is valid. However, with a classification of 2 the confidence level should be 90%, 95% should grant a classification of 1. It's possible a classification of 1 is needed.",Stock Assessment maintained a coho counting fence on the system approximately 900 meters from the mouth from Sept. 01 to Oct. 27th. Salmon were observed immediately upstream of the fence site when the crew arrived on August 31. The section 2+000 to 0+900 was swam on Sept. 03. Numerous pinks and chum were observed along with several coho jacks. A total of 332 coho (238 adults & 94 Jacks) were captured with 320 (232 adults & 88 jacks) being tagged. A total of 38 adult and 21 jack coho were adipose clipped. A total of 7 coded wire tagged coho were recovered 6 at the fence and one from a dead pitch. Stream surveys to obtain numbers and distribution of tags were carried out from Sept. 14 to Nov. 11. The coho adult escapement estimate is 582 (95% confidence level of 549 to 619). The jack coho estimate is 331 (95% confidence level = 283 to 394).,,1,,
west_arm,6,hecate_strait_mainland,2005,878,878,878,,,,8,2,8,1,Y (Oct C),"Due to the STAD coho counting fence there is a estimate method of 8, and clasification of 2. Due to the enumeration method used, and the claimed confidence level of 95%, this escapement assessment is valid. However, with a classification of 2 the confidence level should be 90%, 95% should grant a classification of 1.  It's possible a classification of 1 is needed.",Adult coho mark recapture estimate is 878 with 95% confidence interval of 863.8 - 893.6. The jack estimate is 157 with 95% confidence interval of 111.1 - 245.8.,,1,,
west_arm,6,hecate_strait_mainland,2006,607,607,607,,,,8,2,8,1,Y (Oct C),"Due to the STAD coho counting fence there is a estimate method of 8, and clasification of 2. Due to the enumeration method used, and the claimed confidence level of 95%, this escapement assessment is valid. However, with a classification of 2 the confidence level should be 90%, 95% should grant a classification of 1.  It's possible a classification of 1 is needed.","The Department carried on with its coho assessment program again this year. The adult weir (located approx 900 meters from the mouth) was operational  by Aug. 30 and removed Oct. 30th. A total of 176 coho(115 adults, 61 jacks), 240 pink, 861 chum & 34 sockeye were captured in the fence trap box. In addition beach seining below the fence and angling was done to further capture coho for tagging. In total 485 coho (398 adult & 85 jacks)  were tagged between Aug 31 & Oct. 24. Stream surveys, largely snorkel were carried out between Sept. 04 and Oct. 30 to determine tagged to untagged ratio by color group. The adult mark recapture estimate is 607 with a 95% confidence interval of 583 to 634. The jack estimate was not done prior to the completion of this report",,1,,
west_arm,6,hecate_strait_mainland,2007,824,824,824,,,,8,1,8,1,Y (Oct C),"Due to the STAD coho counting fence there is a estimate method of 8, and clasification of 2. Due to the enumeration method used, and the claimed confidence level of 95%, this escapement assessment is valid.","North Coast Stock Assessment installed the weir at 0+900m by August 31 and  removed it Oct. 25. Salmon were observed above the fence prior to fence installation with pink, chum and coho all being caught in the trap box on the first day. The section of stream above the fence from 2+000 to 9+00 was floated (swim) on Sept. 03 for a count of 3000 pink, 112 chum & 11 coho (4 tagged). A total of 431 adult and 51 jack coho were caught either in the trap box at the weir, by angling or by seining at 0+800 station (410 adults and 48 jacks were tagged). A total of 146 adult & 12 jack coho were found to be adipose clipped. 14 adult & 2 jacks were killed to recover CWT taggs. Five stream surveys were done between Oct. 3 & 26 to obtain information on numbers and distribution of tagged and  untagged coho.

The adult coho population is estimated at 824 with a confidence interval of 841 to 837. The coho jack population estimate is 109 with a confidence interval of 101 to 121.",,,,
west_arm,6,hecate_strait_mainland,2008,1262,1262,1262,,,,12,1,12,1,Y (Oct C),"Due to the STAD coho counting fence there is a estimate method of 8, and clasification of 1. Due to the enumeration method used, and the claimed confidence level of 95%, this escapement assessment is valid.","North Coast Stock Assessment (DFO) installed the weir at 0+900m by Sept. 2 and tagged coho there until Oct. 17. On October 20th two panels were opened to let a large number of tagged fish holding below the fence pass through freely. Salmon were observed above the fence prior to fence installation with pink, chum and and coho being caught in the trap box on Sept. 4. The section of stream from the fence to 2+000m was floated (swim) on Sept. 4 for a count of 190 pink, 51 chum & 26 coho. A total of 631 (166 green, 430 orange & 69 Yellow tags applied) adults and 44 jacks were caught either in the trap box at the weir or seined at 0+800 meter. A total of 245 adults and 18 jacks were found to be adipose clipped. 3 adults were killed and 2 more taken in dead pitch to recover Coded Wire Tags. Five stream surveys were done between Oct. 3 & 31 to obtain information on numbers and distribution of tagged and untagged coho.

The adult coho population is estimated at 1262 (95% CI = 1220 - 1309) and the jack population 141 (95% CI 141-147) subject to further review.

Pink and chum estimates are based on the number of fish counted upstream of the fence on Sept. 4, fish counted through the fence after this date and counts of fish spawning downstream of the fence.

Sockeye estimate is based on counts in spawning areas (primarily beach).",,,,
west_arm,6,hecate_strait_mainland,2009,NA,A/P,A/P,,,,,6,,6,Y (Oct C),No orignal escapement estimate this year due to it being an exploratory year for streamwalks to assess if the system would be good to visually enumerate on a regular basis. Original escapement assessment is valid.,"No coho estimate was calculated for West Arm Creek this season as the coho study was not funded for 2009. Doug Stewart and Stan Hutchings enumerated the lower river for pink, chum and coho on October 1. On November 10 Stan did the entire system to check the feasibility of enumerating this system for coho starting in 2010. On October 1 a total of 271 coho were holding in the lower river and there was a school of coho at the mouth. On November 10 a total of 124 coho were in the lower river, 6 in the small pond below the lake and 132 coho above the lake. This would be an excellent system to enumerate coho on a regular basis. ",,4,,
west_arm,6,hecate_strait_mainland,2010,525,525,568,3,,,3,4,3,4,Y (Oct C),"Estimate method was an AUC, recalculation was done (Sheet 2). Observer efficiency and residency time were found from the estimate rationale. An escapement of 568 was calculated, 43 more than the Original AUC. Despite all of the inforrmation needed to calculate the AUC, a different result was found. Original assessment is not valid, reccomend a estimate change to 568.",Three inspections were done for coho. The counts from each inspection were entered into the AUC program using a 42 day Residency Time and 80% Observer Efficiency to calculate the final escapement. Arrival time and end time were estimated.,568,4,,
west_arm,6,hecate_strait_mainland,2011,1200,1200,1203,6,,,3,3,3,4,Y (Oct C),"Estimate method was an AUC, recalculation was done (Sheet 3). Observer efficiency and residency time were found from the estimate rationale. In the original escapement estimate, 200 coho seen on November 3rd were added to the AUC total due to an assumption that the coho observed in the upper river were in the lake on the October 15th inspection. The recalculation result was 1003, after the addition of the 200 it would be 1203, 3 more than the original AUC. Original assessment is valid.","For coho the information collected from five inspections was entered into the AUC program using a 40 day Residency Time and 90% Observer Efficiency. On November 3, 200 fresh coho were observed in the upper river and I assumed these fish were in the lake on the October 15 inspection. The final calculation was the AUC + 200. ",1203,6,,
west_arm,6,hecate_strait_mainland,2012,640,640,656,4,,,3,4,3,4,Y (Oct C),"Estimate method was an AUC, recalculation was done (Sheet 4). Observer efficiency and residency time were found from the estimate rationale. An escapement of 656 was calculated, 16 more than the Original AUC. Despite all of the inforrmation needed to calculate the AUC, a different result was found. Original assessment is valid.",The entire system was inspected for Coho this season. The information collected from each inspection was entered into the AUC program using a 60 day Residency Time and a 90% Observer Efficiency to calculate the final escapement.,656,6,,
west_arm,6,hecate_strait_mainland,2013,570,,,,,,,,,,,No data available.,,,,,
west_arm,6,hecate_strait_mainland,2014,350,350,350,3,,,5,5,1,5,N (Oct C),"Escapement estimate is likely valid, but A/P may be more appropriate. The rationale states that the estimate was taken from a peak count on October 15th. If this is the case the method should be listed as live peak plus dead, but it is expert opinion instead. The peak used was also most likely before true peak, no inspection was conducted after this date, decreasing estimate reliability.",The final escapement estimate for coho was the peak adult count from the inspection on October 15. ,,6,,
west_arm,6,hecate_strait_mainland,2015,540,540,540,4,,,5,5,1,5,N (Oct C),"Escapement estimate is likely valid, but A/P may be more appropriate. The rationale states that the estimate was taken from a peak count on October 13th. If this is the case the method used should be live peak plus dead, but it is expert opinion instead. The peak used was also most likely before true peak, no inspection was conducted after this date, decreasing estimate reliability.","The final escapement for coho is based on the peak count from the inspection on October 13. From coho inspections done in past years the majority of coho would be holding in pools by mid October so recording the minimum number of coho observed was preferred over stating ""Adults Present"".",,5,,
west_arm,6,hecate_strait_mainland,2016,750,750,750,2,,,,6,1,5,N (Oct C),"Escapement estimate is likely valid, but A/P may be more appropriate. The rationale states that the estimate was taken from a peak count on October 12th. If this is the case the method used should be live peak plus dead, but instead it is 6. The peak used was also most likely before true peak, no inspection was conducted after this date, decreasing estimate reliability.","On October 12 the entire creek was inspected for coho and it is assumed that the majority of coho are holding in the system. This peak count was used as the annual escapement. The minimum observed escapement is preferred over stating A/P. 
The annual coho escapement is a peak count estimate",,3,,
west_arm,6,hecate_strait_mainland,2017,NA,A/P,A/P,2,,,,6,,6,N (Oct C),"Escapement estimate is valid. Peak timing was not seen, not enough information to generate an escapement estimate.",,,4,,
west_arm,6,hecate_strait_mainland,2018,60,60,60,3,,,5,5,1,5,Y (Oct C),"Escapement estimate is likely valid, but A/P may be more appropriate. The rationale states that the estimate was taken from a peak count on October 19th. If this is the case the method used should be live peak plus dead, but instead it is expert opinion.","The coho annual escapement estimate is the peak count from the October 19 inspection, this would be the normal timing for the majority of coho in the system. ",,4,,
west_arm,6,hecate_strait_mainland,2019,,,,,,,,,,,N (Oct C),No data available for 2019.,,,3,,
west_arm,6,hecate_strait_mainland,2020,310,310,A/P,2,,,5,5,1,5,N (Oct C),"Escapement estimate is likely valid, but A/P may be more appropriate. The rationale states that the estimate was taken from a peak count on October 11th. If this is the case the method used should be live peak plus dead, but instead it is 6. The peak used was also most likely before true peak, no inspection was conducted after this date, decreasing estimate reliability.",The annual coho escapement was derived from the peak count of the holding coho in the upper river. ,,2,,
west_arm,6,hecate_strait_mainland,2021,380,380,A/P,2,,,5,5,5,5,N (Oct C),"Original estimate was taken from an expert opinion using a minimum count on October 1st. This is still much before peak timing, reliability was stated as a low 5. A/P would be a more appropriate estimate. ",The coho estimate for the season was the number of coho counted in the entire system on Oct 1. Recording the minimum observed escapement was favored over chosing A/P as it can be compared to previous years.,,4,,
west_arm,6,hecate_strait_mainland,2022,A/P,A/P,A/P,1,,,,6,,6,N (Oct C),"No rationale stated, peak timing was missed. Original estimate of A/P is valid.",,,3,,
west_arm,6,hecate_strait_mainland,2023,A/P,A/P,A/P,1,,,,6,,,N (Oct C),"No rationale stated, peak timing was missed. Original estimate of A/P is valid.",,,4,,
west_arm,6,hecate_strait_mainland,2024,,,,,,,,,,,,No data available for 2024.,,,,,
